customer_id,credit_lines_outstanding,loan_amt_outstanding,total_debt_outstanding,income,years_employed,fico_score,default
1000000,3,15796.58,15884.17,62595.15,8,826,0
1000001,3,12344.0,35650.57,66364.86,5,684,0
1000002,0,1010.14,13511.31,46374.63,8,711,0
1000003,5,4145.23,16313.87,34462.33,10,805,0
1000004,2,12074.67,34239.45,62514.38,0,664,0
1000005,3,13626.2,0.0,89414.7,8,751,0
1000006,1,5598.93,25605.94,85143.66,7,777,0
1000007,1,6292.84,24876.23,32559.47,5,507,0
1000008,3,11416.62,23918.3,66019.02,5,432,1
1000009,3,13248.1,0.0,57309.07,1,540,0
1000010,2,5484.6,4229.83,75631.32,10,534,0
1000011,1,2636.77,11152.48,47919.19,4,794,0
1000012,0,500.0,10827.98,88143.63,1,812,0
1000013,3,4253.64,28699.08,65763.81,4,410,1
1000014,0,500.0,15678.26,81406.82,5,629,0
1000015,0,3806.31,37495.87,87401.12,3,771,0
1000016,1,13413.67,20562.08,31052.89,5,466,1
1000017,3,9777.89,28042.61,65539.06,7,761,0
1000018,0,5177.45,13092.58,100139.81,6,460,1
1000019,2,12703.26,13883.64,70289.74,9,615,0
1000020,3,500.0,25924.87,90747.39,4,769,0
1000021,3,10157.18,31116.12,78318.28,9,542,0
1000022,5,4872.04,13150.08,59937.17,4,559,0
1000023,3,9822.56,35909.25,75532.8,2,531,1
1000024,1,13593.33,18062.17,90933.72,7,726,0
1000025,3,2004.01,39178.24,95683.22,1,520,0
1000026,5,10833.79,6473.44,98857.8,0,846,0
1000027,4,7064.41,16801.96,47768.86,7,605,0
1000028,1,6370.76,28471.68,86475.95,3,619,0
1000029,0,500.0,20044.99,42386.37,8,631,0
1000030,2,7201.99,14138.47,67312.77,4,666,0
1000031,4,7102.12,28447.67,65741.54,8,653,1
1000032,3,8009.76,31951.47,82454.62,4,633,0
1000033,3,6659.07,16182.14,76210.09,9,849,0
1000034,1,2102.1,29845.17,94869.97,8,765,0
1000035,4,14973.44,15852.26,57675.3,3,759,0
1000036,3,6641.0,11629.79,86754.45,1,718,0
1000037,2,13469.49,35913.56,77720.42,0,683,0
1000038,4,6090.79,14289.09,69971.1,9,559,0
1000039,0,3515.51,15164.86,45946.32,4,846,0
1000040,0,13854.52,29805.96,81313.36,6,614,0
1000041,5,13402.27,9427.94,76225.21,3,503,0
1000042,2,5619.98,9865.42,85664.99,8,782,0
1000043,4,8443.51,17833.05,69151.95,1,478,1
1000044,3,9974.97,21932.12,64810.94,10,787,0
1000045,5,719.02,31764.27,77703.19,7,679,1
1000046,4,5106.53,18673.2,79160.84,0,458,1
1000047,2,500.0,13261.32,83653.33,5,427,0
1000048,5,12374.57,5860.58,107755.67,10,605,0
1000049,5,500.0,17100.17,57590.05,6,423,1
1000050,5,6616.86,15445.6,109970.65,6,470,1
1000051,5,968.3,33770.58,15000.0,9,636,1
1000052,2,7102.68,2040.35,89088.05,6,837,0
1000053,3,6360.95,72.14,53583.77,6,614,1
1000054,5,5041.57,0.0,109973.94,1,766,0
1000055,5,10025.86,18022.57,52201.75,9,814,0
1000056,2,5875.39,25889.84,91117.47,5,772,0
1000057,4,11832.53,39683.86,50182.71,8,686,0
1000058,4,8958.7,1848.36,47337.97,2,603,0
1000059,0,2045.36,22591.38,85964.81,5,635,0
1000060,3,5961.03,13533.92,87279.98,10,525,0
1000061,0,7791.96,39693.25,55969.09,6,628,0
1000062,5,11556.52,24783.65,117921.62,0,576,1
1000063,2,13666.47,38544.84,63544.25,5,517,1
1000064,0,6545.13,20441.18,101130.59,0,848,0
1000065,3,9103.54,33252.01,49715.09,4,413,1
1000066,0,7467.58,24932.19,50717.21,4,451,1
1000067,3,9122.05,13265.49,71738.03,8,493,1
1000068,4,2552.91,31736.88,49738.08,6,837,0
1000069,3,4438.47,17114.45,79035.66,6,714,0
1000070,1,11554.96,0.0,27085.29,9,798,0
1000071,5,13862.09,19477.18,73483.98,4,496,0
1000072,0,8991.64,6326.07,58725.63,9,727,0
1000073,4,6278.57,26888.4,50779.78,7,571,0
1000074,4,9987.33,38703.18,74158.54,4,624,1
1000075,0,4367.58,24202.22,65508.42,5,409,0
1000076,5,16099.92,27209.28,60976.37,1,681,0
1000077,2,862.18,6255.96,86100.89,1,775,0
1000078,5,8901.74,11407.5,75834.68,10,702,0
1000079,5,13513.61,13782.63,77525.33,8,476,1
1000080,0,5845.27,43687.11,96457.75,5,644,0
1000081,4,3099.78,15754.15,68493.89,5,526,0
1000082,3,5039.62,23910.74,86661.89,8,835,0
1000083,0,8720.83,0.0,61623.92,10,797,0
1000084,2,13166.12,14739.08,82060.99,4,490,0
1000085,3,7555.41,22115.59,80457.16,9,633,0
1000086,0,9983.77,19029.66,59048.67,1,824,0
1000087,0,11389.0,17224.03,39742.97,1,783,0
1000088,2,9227.96,25743.78,44433.97,10,721,0
1000089,3,10736.2,26352.4,51165.68,2,691,0
1000090,5,10320.99,6443.86,81017.69,5,426,1
1000091,5,11037.92,4931.23,67270.92,7,736,0
1000092,5,3779.68,27155.51,64016.58,1,617,0
1000093,0,4804.34,30108.28,79451.29,2,448,0
1000094,3,4263.98,4604.49,84482.56,7,516,0
1000095,4,17168.7,28548.21,97725.99,9,647,0
1000096,3,6879.81,4161.16,58086.79,0,729,0
1000097,2,5706.89,18623.23,80900.8,7,632,0
1000098,0,13538.6,35587.61,84039.83,2,679,0
1000099,5,10286.95,1363.78,51006.57,10,794,0
1000100,2,5995.98,20501.81,72423.49,0,711,0
1000101,5,13280.21,17999.93,51708.34,3,568,1
1000102,3,3387.51,7185.8,65469.99,9,692,0
1000103,0,2459.53,29521.92,78331.42,7,672,0
1000104,1,3693.71,9478.55,36095.82,7,455,0
1000105,3,14375.43,12662.76,52580.86,6,434,0
1000106,1,7753.75,7514.38,53888.9,2,700,0
1000107,5,13577.93,25640.26,71796.79,7,579,1
1000108,2,2238.96,27081.69,55289.8,6,673,0
1000109,1,500.0,36537.74,77380.9,10,551,0
1000110,2,9097.99,17611.62,52888.49,4,507,1
1000111,4,6266.03,10698.27,59681.96,3,474,0
1000112,1,500.0,38076.6,81991.63,0,577,0
1000113,1,8881.86,13167.72,76280.52,2,769,0
1000114,5,17804.69,28477.78,72967.74,3,585,1
1000115,1,8975.86,39530.16,69194.81,8,576,0
1000116,2,1031.54,29798.89,89902.73,7,662,0
1000117,1,4330.55,0.0,97293.71,1,841,0
1000118,2,3904.3,8063.46,62569.69,0,581,0
1000119,1,500.0,11125.35,55521.99,6,669,0
1000120,0,2727.37,30297.28,49262.52,6,602,0
1000121,5,2301.54,11171.46,104442.86,10,676,0
1000122,5,5437.74,29463.56,52143.25,6,605,1
1000123,1,5246.66,22936.0,43644.9,9,690,0
1000124,5,8353.59,22271.8,75272.8,3,650,0
1000125,2,10094.41,20091.4,90858.12,7,707,0
1000126,4,9819.96,11413.4,45392.39,10,831,0
1000127,2,7788.47,36503.5,67484.49,0,474,1
1000128,1,3318.81,21777.77,41417.94,0,656,0
1000129,4,8313.52,38128.53,56123.23,10,603,0
1000130,2,8775.54,9509.69,102318.04,1,566,0
1000131,5,24516.13,211.57,73292.64,4,514,1
1000132,5,6048.7,36851.2,64778.67,10,431,1
1000133,3,9343.95,6398.11,71371.65,3,586,0
1000134,3,11199.28,21564.77,75574.69,9,773,0
1000135,5,11522.35,15756.19,67910.63,0,450,1
1000136,5,500.0,18343.31,46345.31,8,587,0
1000137,0,6698.89,16237.48,46471.55,1,836,0
1000138,0,500.0,7140.05,109906.68,6,829,0
1000139,3,12093.2,5908.86,54764.85,0,503,1
1000140,5,500.0,22617.9,93765.09,10,411,0
1000141,1,500.0,11641.4,55686.92,6,705,0
1000142,5,3094.87,40497.45,95819.02,5,414,1
1000143,5,16865.23,21004.33,83805.63,4,541,1
1000144,3,12496.86,36650.73,65773.67,10,628,0
1000145,3,12779.6,14402.01,109918.87,3,795,0
1000146,3,4724.2,29509.0,51394.58,10,449,1
1000147,0,9436.86,12947.47,65310.55,9,701,0
1000148,1,3034.34,8836.79,52915.64,0,644,0
1000149,5,6720.73,17126.95,54526.89,0,466,1
1000150,3,13255.87,17623.3,62752.05,6,782,0
1000151,3,13077.58,50808.11,50949.6,4,782,0
1000152,4,7200.82,4159.86,63498.41,3,621,1
1000153,2,3435.45,12189.11,101366.11,8,826,0
1000154,5,5297.77,28408.74,35403.75,3,676,1
1000155,0,500.0,17997.17,45014.45,9,808,0
1000156,4,500.0,21641.15,51037.09,1,833,0
1000157,5,5666.03,29127.35,60707.0,7,660,0
1000158,3,9822.79,18268.47,90057.41,5,532,0
1000159,3,13593.09,11406.37,84289.28,5,472,1
1000160,5,16065.04,3758.41,79473.91,10,657,0
1000161,5,7402.35,19082.43,74019.7,1,493,1
1000162,2,11210.49,26355.87,117566.7,0,740,1
1000163,0,500.0,22362.6,47574.49,4,819,0
1000164,5,10552.81,33798.63,47081.09,6,516,1
1000165,4,19936.87,14934.86,69475.57,8,652,0
1000166,5,11230.54,23186.21,74057.14,4,429,1
1000167,2,15426.16,9920.05,65256.4,8,487,0
1000168,3,11981.48,0.0,53263.05,5,575,0
1000169,3,12199.88,26735.74,43965.56,6,799,0
1000170,2,13637.99,14279.7,64477.31,1,837,0
1000171,3,2105.17,27474.56,55905.58,9,692,0
1000172,2,5667.17,12480.93,60406.28,0,666,0
1000173,4,14854.48,1440.61,48481.87,6,660,0
1000174,1,4515.96,9006.1,96595.75,1,434,0
1000175,5,14173.0,16242.82,78939.74,9,574,1
1000176,3,4273.12,11602.62,106783.97,0,843,0
1000177,1,6567.77,16411.18,59730.32,9,590,0
1000178,0,4074.61,26306.82,71143.93,3,502,1
1000179,5,12731.03,19562.2,65035.68,1,514,1
1000180,4,9573.22,25337.71,70388.82,0,724,0
1000181,0,500.0,17927.93,64889.48,1,424,0
1000182,5,2055.33,11599.8,66703.0,2,837,0
1000183,0,2254.65,8055.16,30807.94,10,796,0
1000184,1,10447.79,0.0,64565.85,3,659,0
1000185,1,9668.98,26705.34,83719.7,3,615,1
1000186,3,500.0,32787.7,31268.29,7,745,1
1000187,1,10481.71,7907.49,63054.97,4,650,0
1000188,5,13703.48,8365.57,81350.88,9,619,0
1000189,4,8533.4,9482.44,95128.96,4,550,0
1000190,2,10837.43,23693.95,68293.56,6,605,0
1000191,3,26545.34,20803.35,79039.86,9,740,0
1000192,0,7726.1,16884.07,104813.65,9,432,1
1000193,2,5907.16,19042.23,95747.32,0,419,1
1000194,0,10514.32,0.0,61014.33,5,727,0
1000195,4,7464.22,18111.98,57967.42,5,572,0
1000196,1,2208.23,17383.91,90218.64,4,764,0
1000197,5,6261.63,25382.78,74403.54,5,421,1
1000198,4,2082.76,11145.98,59209.56,5,809,0
1000199,3,16329.6,13325.37,65393.21,1,462,1
1000200,2,2004.54,22130.68,76264.18,6,592,0
1000201,3,16805.18,51460.37,66008.93,4,836,0
1000202,2,4538.62,12466.91,64932.83,0,456,0
1000203,5,900.34,43855.11,65286.52,9,699,0
1000204,4,6385.69,8678.01,40354.66,10,730,0
1000205,1,16072.35,20326.38,104454.56,0,597,1
1000206,5,8612.82,8586.74,94222.76,7,443,1
1000207,5,15944.75,35913.83,100049.75,2,640,1
1000208,1,12151.92,21273.2,67312.6,1,599,0
1000209,1,9583.47,22069.96,72474.2,6,794,0
1000210,0,4745.81,31936.64,81416.03,5,710,1
1000211,0,12204.49,35233.95,86277.49,5,560,0
1000212,0,8598.66,11912.87,33679.78,7,433,1
1000213,4,5348.85,22715.81,77014.58,8,669,0
1000214,4,7450.73,13915.22,50158.05,7,531,1
1000215,1,11396.16,33565.54,68551.73,3,710,0
1000216,4,9526.19,0.0,56821.94,5,790,0
1000217,2,14220.97,45762.49,103822.49,1,565,1
1000218,2,19210.66,17073.53,80667.85,5,808,0
1000219,3,11241.52,0.0,69434.89,4,637,0
1000220,3,12045.48,23147.04,97662.72,0,643,0
1000221,0,11641.86,9817.47,68574.29,9,747,0
1000222,5,10744.73,20195.64,55594.4,3,757,0
1000223,2,7392.7,21286.2,66301.36,4,810,0
1000224,2,4884.3,32519.3,62733.01,6,850,0
1000225,2,5682.71,0.0,70933.33,4,474,1
1000226,4,3360.47,24501.99,86669.94,0,590,0
1000227,0,11550.12,33559.34,67645.24,8,821,0
1000228,0,1433.81,4371.73,68692.19,10,544,0
1000229,3,7446.26,28704.45,90094.94,6,410,1
1000230,5,3695.57,29479.72,75712.4,10,663,0
1000231,2,3937.18,13429.67,88820.4,1,741,0
1000232,1,11467.45,0.0,72660.23,0,737,0
1000233,0,8868.51,21661.75,44131.37,4,767,0
1000234,2,12709.81,14191.65,47727.58,8,693,0
1000235,4,3520.61,38425.11,37070.51,10,468,0
1000236,5,5282.13,17066.29,92578.76,10,783,0
1000237,2,8550.93,28234.05,78221.5,0,593,0
1000238,2,11388.18,24006.39,60571.4,1,783,0
1000239,0,10746.37,22143.69,50344.15,8,769,0
1000240,5,14663.69,5101.99,77152.29,10,837,0
1000241,5,1672.97,11209.05,67362.16,3,414,1
1000242,1,7120.26,21091.96,76339.38,8,791,0
1000243,2,4641.23,18885.31,53258.35,8,686,0
1000244,1,16371.37,18591.67,47998.13,7,623,0
1000245,0,500.0,29029.1,101136.42,1,759,0
1000246,4,3404.94,20430.67,51103.15,3,829,0
1000247,1,13124.95,28382.45,69536.31,7,635,0
1000248,5,3297.13,20921.73,96512.13,4,446,1
1000249,1,500.0,24352.31,33634.97,9,729,0
1000250,0,15028.01,13649.63,83875.05,9,510,0
1000251,0,11871.35,2022.24,71358.9,0,508,0
1000252,2,4979.07,29955.8,67143.41,7,493,1
1000253,1,3035.33,30148.29,75349.14,10,495,0
1000254,1,6843.74,27570.64,46470.64,10,811,0
1000255,1,4032.41,10274.03,25918.75,1,568,0
1000256,0,4485.39,32963.96,107442.02,9,455,0
1000257,1,11616.43,21024.82,64319.25,0,487,0
1000258,3,3843.33,21874.64,87646.17,3,582,0
1000259,4,6666.31,11886.31,91941.71,9,561,0
1000260,0,4305.41,14030.73,75705.4,0,545,1
1000261,0,11651.27,12345.67,79034.63,5,828,0
1000262,3,7135.29,24236.08,84114.44,5,791,0
1000263,0,13459.42,11702.08,101244.07,0,661,0
1000264,2,1584.81,19537.37,79748.04,5,844,0
1000265,1,4647.81,13353.3,94997.72,7,558,0
1000266,5,6506.44,4619.61,64236.48,5,468,1
1000267,1,8274.42,20494.99,61625.52,5,528,0
1000268,2,5591.93,21383.25,71683.96,1,447,1
1000269,0,18138.65,20748.16,77940.81,10,829,0
1000270,2,4949.62,0.0,80637.54,10,505,0
1000271,3,5980.74,32152.76,108570.16,10,604,0
1000272,4,1094.81,19752.48,86641.11,8,497,0
1000273,5,5770.69,8482.97,71294.92,9,842,0
1000274,1,18766.6,42561.41,109383.9,5,478,1
1000275,4,9265.37,20160.33,76543.62,5,636,1
1000276,4,3328.45,28647.58,77118.58,5,829,0
1000277,2,12760.46,21395.48,79778.85,9,638,0
1000278,5,6104.76,0.0,63459.83,0,806,0
1000279,4,10612.83,34083.49,48443.79,8,805,1
1000280,3,1919.59,6325.86,72657.38,2,748,0
1000281,4,4819.42,32725.17,63904.97,2,737,0
1000282,3,15155.25,18328.52,52935.59,8,663,0
1000283,3,8160.47,9638.37,72409.71,8,665,0
1000284,0,8914.5,0.0,66106.12,7,776,0
1000285,4,10095.02,14232.42,58326.12,3,597,0
1000286,0,12545.41,7884.05,34876.09,8,826,0
1000287,2,4839.81,20223.12,66709.88,4,797,0
1000288,1,2519.13,6791.09,104832.99,8,573,0
1000289,4,7098.17,28336.43,87613.96,0,590,1
1000290,3,12492.71,13521.22,91440.38,4,724,0
1000291,3,5964.86,14491.84,69621.91,1,816,0
1000292,2,13144.55,43403.05,90933.97,9,450,1
1000293,4,500.0,29152.92,56730.92,5,438,1
1000294,1,4443.88,12163.51,61007.39,1,517,0
1000295,4,2592.97,24168.44,80307.57,9,598,1
1000296,5,500.0,669.43,41839.49,4,480,1
1000297,0,18422.93,10921.79,71174.96,8,638,0
1000298,4,7336.79,17724.87,75998.67,5,647,0
1000299,5,18226.7,10996.99,103424.75,1,829,0
1000300,2,10452.33,7905.47,56220.36,5,738,0
1000301,0,2382.5,27405.62,78383.13,5,519,0
1000302,0,14525.46,12650.55,57165.26,6,756,0
1000303,2,11021.53,10191.33,59267.25,3,765,0
1000304,2,18054.15,12668.44,16689.3,1,709,0
1000305,3,11858.94,11995.0,51482.2,2,707,0
1000306,1,6879.05,29125.37,92818.69,4,545,0
1000307,4,10272.55,23236.85,80309.98,4,725,0
1000308,0,6795.05,2020.09,73178.93,10,467,0
1000309,0,2494.18,35598.6,118823.86,7,686,0
1000310,0,5959.09,32541.05,80763.74,10,816,0
1000311,4,13175.35,16394.71,45595.03,10,838,0
1000312,1,2812.43,8055.15,66060.37,0,540,0
1000313,2,12912.46,20007.67,68931.81,1,555,0
1000314,4,14345.68,12962.8,101839.83,0,682,0
1000315,0,8652.29,25857.74,52284.18,3,584,0
1000316,4,6068.51,19287.86,78445.3,3,731,1
1000317,1,11916.49,34737.91,89410.27,8,497,0
1000318,0,5252.42,566.99,54066.61,1,482,0
1000319,3,11924.47,12469.41,71824.96,5,430,0
1000320,2,10915.81,23060.66,30328.07,8,615,1
1000321,0,7490.45,13897.46,72051.31,4,502,1
1000322,3,5385.84,14772.97,26521.89,4,540,1
1000323,5,3129.49,6121.31,62461.05,8,813,0
1000324,1,7146.38,42261.17,104110.82,7,768,0
1000325,0,2196.91,17597.4,78188.66,0,780,0
1000326,3,7210.77,27925.42,71098.63,2,670,0
1000327,1,8787.66,10541.6,73088.67,10,457,0
1000328,4,6123.9,14254.3,112742.41,4,738,0
1000329,1,10248.86,18850.49,81047.61,2,675,0
1000330,1,12857.37,39074.3,90684.23,4,810,0
1000331,0,1184.91,35854.82,61472.71,9,620,0
1000332,0,7614.24,44205.73,61530.05,9,484,1
1000333,5,3434.66,37619.52,49448.3,9,671,0
1000334,4,4369.37,37226.62,66634.64,10,610,0
1000335,5,6547.12,17215.04,56301.58,9,700,0
1000336,0,13067.63,11569.25,89607.19,3,574,0
1000337,5,13731.36,35139.15,82797.28,6,543,0
1000338,3,4726.05,11308.46,67779.21,4,463,1
1000339,1,7550.56,26002.2,59365.37,7,833,0
1000340,3,6685.44,12510.33,15000.0,2,742,1
1000341,4,6611.42,7386.49,58405.45,0,614,0
1000342,2,16062.08,20439.0,76126.62,2,511,0
1000343,2,12461.86,9212.72,83165.19,4,686,0
1000344,5,500.0,16117.87,15000.0,9,590,1
1000345,1,9861.9,30013.19,22627.56,6,689,0
1000346,4,11242.93,17460.15,73230.72,10,448,0
1000347,4,1993.79,31491.19,49690.06,3,489,1
1000348,0,15352.59,14461.44,65804.53,7,733,0
1000349,0,12139.09,23788.15,60742.64,7,435,0
1000350,0,16136.89,7848.09,81710.86,5,708,0
1000351,0,1299.62,35201.89,33371.27,6,590,0
1000352,2,6274.33,0.0,58834.62,4,409,0
1000353,5,4006.51,23060.48,88732.63,7,746,0
1000354,4,4225.89,26280.05,74199.85,9,718,0
1000355,2,4359.94,0.0,53716.83,9,769,0
1000356,4,1033.04,456.56,79070.36,4,804,0
1000357,4,8159.59,1811.26,75737.72,3,731,0
1000358,0,500.0,18715.75,52535.7,0,780,0
1000359,2,12835.07,16600.67,83756.87,6,458,0
1000360,4,11438.46,15710.39,83445.81,3,814,0
1000361,0,500.0,26882.78,67495.88,0,812,0
1000362,3,3624.61,46423.84,88714.39,3,715,0
1000363,2,9111.05,7763.67,46948.08,8,763,0
1000364,2,20728.97,23883.34,85233.11,9,736,0
1000365,1,5990.39,20206.7,66300.48,8,796,0
1000366,3,14894.76,32460.73,51565.54,5,801,0
1000367,0,18539.07,0.0,58329.56,7,639,0
1000368,4,8387.84,684.35,93182.17,1,769,0
1000369,0,1858.73,7037.15,59135.01,7,813,0
1000370,2,1572.86,6935.91,63243.78,7,539,0
1000371,2,500.0,22492.61,57162.15,6,428,1
1000372,5,8722.3,14053.83,54447.64,9,483,0
1000373,1,8726.6,0.0,89121.77,3,421,1
1000374,0,4089.02,10874.27,113870.51,2,600,0
1000375,2,15336.57,635.95,96574.16,8,416,0
1000376,5,4786.92,10655.55,80132.37,0,522,1
1000377,5,8553.69,17341.66,85054.78,1,519,0
1000378,0,12641.97,10366.96,63285.64,2,721,0
1000379,4,12271.13,33934.4,60309.75,6,518,0
1000380,5,10822.45,46056.47,46912.29,2,828,0
1000381,4,10706.07,25467.92,98578.42,1,491,0
1000382,5,9484.76,1442.0,63423.41,3,838,0
1000383,1,13955.03,36377.3,55960.18,8,659,0
1000384,0,13120.98,44186.71,57525.38,6,516,0
1000385,4,3203.55,17403.4,73889.79,5,425,1
1000386,4,10376.63,24031.05,59271.47,2,543,1
1000387,4,8083.54,32479.28,70484.95,6,669,0
1000388,0,6488.41,21938.78,73420.0,6,456,0
1000389,3,15332.84,34343.09,96565.79,1,481,1
1000390,3,8735.86,26110.84,45605.31,4,458,1
1000391,1,9535.79,12400.37,75982.98,4,708,0
1000392,2,13743.99,13843.33,56391.99,2,447,1
1000393,1,3059.58,16646.8,61654.51,7,417,0
1000394,3,5164.21,11566.43,102146.94,9,609,1
1000395,2,6483.86,34990.44,82500.35,4,545,1
1000396,5,2809.66,23367.28,62483.55,8,660,0
1000397,1,9211.29,17283.59,79847.29,7,823,0
1000398,3,3164.39,29081.7,69751.98,1,787,0
1000399,5,9344.35,20494.59,92094.32,0,646,1
1000400,0,8184.71,31809.51,60532.95,7,692,0
1000401,2,8182.7,38577.38,79805.42,3,767,0
1000402,2,10489.47,21608.49,66067.94,0,601,0
1000403,4,6320.4,12698.64,70371.3,1,699,0
1000404,0,11572.45,5737.59,67143.65,1,503,0
1000405,5,6195.99,40343.91,57900.54,8,678,0
1000406,0,8046.12,24079.59,72264.99,7,512,0
1000407,3,7600.39,12555.8,89538.49,4,492,1
1000408,3,11939.9,18437.24,58197.65,2,745,0
1000409,0,9062.27,6301.13,62522.97,8,662,0
1000410,2,3568.6,35322.84,77445.48,5,574,0
1000411,1,17613.03,23172.15,55283.76,8,425,1
1000412,4,14168.46,15275.65,87354.4,4,512,1
1000413,5,8560.44,2260.61,84128.43,0,763,0
1000414,3,11392.15,44376.72,24845.2,8,615,1
1000415,0,3729.57,20982.26,57253.22,6,833,0
1000416,1,12169.76,0.0,48854.7,2,806,0
1000417,1,5195.29,12801.36,86519.74,8,786,0
1000418,2,11525.06,19221.15,88706.75,6,415,0
1000419,3,8643.53,21334.04,46527.54,10,430,1
1000420,4,2690.52,6754.08,56635.24,5,664,0
1000421,5,10252.61,33075.74,68594.09,0,558,1
1000422,5,7732.91,26405.74,62892.98,4,780,0
1000423,4,5755.72,20070.04,84386.53,1,548,1
1000424,3,7519.18,11813.15,89515.24,6,475,1
1000425,4,12290.17,0.0,81864.44,4,457,1
1000426,4,9150.61,14144.78,91731.95,10,541,0
1000427,4,5748.34,17089.5,88671.64,8,685,0
1000428,1,5742.05,5622.37,68796.64,8,463,1
1000429,2,7140.84,22984.82,61630.47,1,761,0
1000430,4,500.0,28867.75,55634.47,2,542,1
1000431,0,4030.98,13970.19,86366.01,10,546,0
1000432,2,5608.6,14756.18,87774.98,4,701,0
1000433,3,500.0,19298.87,90252.04,7,790,0
1000434,4,17375.05,39023.72,63757.93,9,600,0
1000435,0,7414.56,36269.82,62513.17,0,761,0
1000436,3,14917.41,43.36,75451.68,2,543,0
1000437,4,6830.48,13712.36,94929.32,8,465,0
1000438,2,7891.82,49472.01,77266.71,1,775,0
1000439,0,7577.09,15650.92,74663.07,4,747,0
1000440,3,500.0,40120.83,53956.05,4,740,0
1000441,0,2344.7,25453.3,78979.24,1,799,0
1000442,2,10419.52,34367.71,80845.77,7,628,0
1000443,5,5975.48,15359.59,51517.39,7,495,0
1000444,2,9555.05,20577.25,104871.95,1,667,0
1000445,1,9195.13,25957.91,52127.36,7,662,0
1000446,4,1233.91,19399.55,88565.65,8,579,0
1000447,3,2167.68,18934.31,66235.59,6,690,0
1000448,3,3081.89,36344.84,73428.01,3,524,0
1000449,0,500.0,17679.64,54748.27,2,677,0
1000450,3,1901.77,35119.92,59138.83,5,759,0
1000451,5,7773.55,12574.69,84072.17,2,450,1
1000452,4,13269.26,15918.19,66427.99,3,608,0
1000453,0,14407.79,28136.1,63528.46,0,700,0
1000454,0,10935.54,25612.71,87767.84,0,430,1
1000455,4,4687.94,30988.06,84308.98,1,687,0
1000456,5,2932.29,20085.3,73528.07,8,812,0
1000457,5,15777.85,19293.02,74842.31,3,772,0
1000458,0,9110.43,14086.34,104193.63,1,711,0
1000459,1,3815.27,1128.76,66968.25,3,763,0
1000460,3,2652.49,14768.36,77945.93,6,568,0
1000461,0,19016.06,31796.06,78673.92,0,552,1
1000462,2,11226.24,18835.11,42701.11,2,445,0
1000463,0,9148.51,22010.47,32201.61,9,727,0
1000464,1,8619.19,34263.38,72791.09,2,547,0
1000465,0,6832.54,8870.84,87373.85,2,792,0
1000466,3,12505.58,23740.79,74260.5,3,614,0
1000467,4,11358.32,13087.2,59781.27,0,803,0
1000468,1,15192.29,32889.63,57382.45,2,469,1
1000469,3,500.0,2487.03,86293.97,2,479,0
1000470,3,11384.61,15534.29,64425.33,2,561,0
1000471,5,9104.58,13678.36,38589.5,4,419,1
1000472,0,12348.62,15710.47,83699.52,8,625,0
1000473,3,10788.61,13126.9,74986.41,6,696,0
1000474,4,500.0,41584.6,77792.85,9,701,0
1000475,3,7850.73,17098.71,90784.25,0,503,1
1000476,3,15451.2,17931.23,96364.24,2,480,1
1000477,1,11603.02,2818.52,81315.58,1,657,0
1000478,5,3370.15,4151.05,66854.52,1,688,1
1000479,1,500.0,10801.45,28618.06,0,826,0
1000480,5,13955.27,5463.46,76108.4,0,804,1
1000481,5,8449.69,25621.23,67346.66,4,576,0
1000482,3,10339.05,12817.56,96254.04,9,479,0
1000483,5,3767.41,14367.67,95420.58,10,519,1
1000484,1,13239.53,18009.05,79651.08,1,798,0
1000485,2,6788.98,9003.33,97249.63,8,610,0
1000486,4,6861.75,4889.37,68810.82,3,847,0
1000487,4,1882.36,11744.22,69416.5,9,699,0
1000488,4,8558.26,22031.28,53619.56,10,671,1
1000489,4,9593.03,18378.54,64156.47,10,452,0
1000490,1,3049.36,9727.99,74439.63,8,669,0
1000491,1,5173.69,38200.27,91108.48,2,576,0
1000492,0,10292.05,23957.79,55813.55,1,781,0
1000493,1,1637.07,27458.42,86043.59,7,467,0
1000494,3,9670.73,37555.44,116345.07,9,493,1
1000495,4,12402.45,8940.19,43793.83,4,701,0
1000496,1,7887.93,30829.55,65184.14,10,709,0
1000497,5,925.3,22615.32,70680.6,3,775,0
1000498,5,7463.96,23068.36,90054.58,5,640,0
1000499,5,13516.32,1942.55,109405.39,8,574,0
1000500,3,8120.91,10227.82,94558.18,0,543,0
1000501,2,1307.46,19733.29,69545.74,6,572,0
1000502,3,11936.28,19138.15,53532.11,3,701,0
1000503,0,9713.76,37666.64,69158.0,6,647,0
1000504,3,14846.39,15287.6,69501.67,7,539,0
1000505,1,15168.07,22542.58,75058.87,2,503,1
1000506,0,11604.82,16076.68,52660.04,10,722,0
1000507,0,6691.6,4530.17,100294.83,10,517,0
1000508,0,500.0,15661.9,56027.49,0,500,0
1000509,5,500.0,20861.52,83673.05,7,554,0
1000510,1,7048.52,39910.77,74469.38,9,786,0
1000511,1,4611.11,34146.64,48675.83,6,610,1
1000512,2,7728.41,13459.49,71552.97,4,671,0
1000513,5,2796.83,9271.99,70636.72,8,444,1
1000514,0,2851.68,19417.26,66539.85,1,560,1
1000515,1,12884.51,13140.23,86145.49,10,741,0
1000516,3,9127.08,48347.83,60893.68,0,750,0
1000517,5,8103.47,29578.85,120406.59,1,664,1
1000518,3,15923.8,19147.36,92490.67,7,796,0
1000519,2,4219.52,13526.09,52189.04,2,540,0
1000520,5,10032.26,7344.36,21135.7,9,480,0
1000521,5,3048.29,18698.05,94982.36,10,442,0
1000522,5,5632.65,0.0,75177.69,0,496,1
1000523,3,8245.22,15290.44,71829.92,7,746,0
1000524,1,6694.56,14479.6,50966.24,0,808,0
1000525,4,4147.47,37496.93,41798.11,9,466,1
1000526,3,6181.55,0.0,33442.12,2,630,0
1000527,0,12493.57,30313.93,120852.25,3,467,0
1000528,5,3606.4,15878.75,101860.69,7,782,1
1000529,0,1322.18,28844.49,59309.37,10,465,0
1000530,4,15416.38,11226.17,107243.1,6,691,0
1000531,2,1003.52,24564.01,33603.36,4,443,0
1000532,1,6185.97,29572.86,83987.79,0,735,0
1000533,5,1384.73,49476.41,84116.26,8,809,0
1000534,3,3070.15,10492.02,53189.05,8,732,0
1000535,5,12810.63,18356.72,61175.86,10,527,0
1000536,1,11316.14,18640.26,49561.38,1,780,0
1000537,4,6157.46,13010.7,70989.64,5,543,0
1000538,4,15238.66,18766.72,96145.49,0,741,0
1000539,3,5309.1,20182.16,89825.14,4,776,0
1000540,1,13154.14,15913.68,78392.72,5,623,0
1000541,0,9704.01,0.0,92251.09,5,682,0
1000542,2,12998.38,22930.8,34817.37,4,786,0
1000543,5,7748.23,3026.17,110141.03,1,490,1
1000544,1,9782.88,18861.58,69125.58,1,416,1
1000545,3,7329.02,31576.05,44065.9,0,600,1
1000546,4,500.0,5063.48,62545.24,3,488,0
1000547,3,18820.57,18347.68,57249.95,10,799,0
1000548,2,10604.84,22170.4,71979.46,4,791,0
1000549,5,8126.67,19342.74,76310.94,7,574,0
1000550,2,7253.67,14461.13,23840.78,9,544,0
1000551,1,4464.82,20076.94,95095.4,0,722,0
1000552,5,4694.22,27762.07,104370.59,7,608,1
1000553,3,7916.4,8178.28,49561.29,6,450,1
1000554,0,12239.96,17955.62,99368.49,9,701,0
1000555,4,9172.9,28182.82,95059.33,2,730,0
1000556,1,8752.05,12987.01,90201.58,5,439,0
1000557,4,11684.65,5997.26,102478.5,9,751,0
1000558,5,4258.71,28763.94,42507.4,1,644,1
1000559,0,12838.96,27949.88,84488.01,3,773,0
1000560,0,5753.37,30997.59,49990.83,0,784,0
1000561,4,10774.59,19768.42,117134.32,0,706,0
1000562,2,4702.78,12419.76,50780.78,0,555,0
1000563,5,12439.92,37497.1,45733.43,7,572,0
1000564,4,2132.48,34310.93,92391.22,3,728,0
1000565,3,16902.57,29191.3,82432.19,10,436,1
1000566,5,5515.34,14194.25,70632.53,3,510,0
1000567,1,5576.76,21300.79,72795.07,8,637,0
1000568,2,3991.34,9763.98,82276.82,6,825,0
1000569,5,2533.32,7839.65,104439.74,10,743,0
1000570,3,6413.37,21008.69,55888.35,6,769,0
1000571,0,500.0,23656.11,58914.37,1,492,0
1000572,0,12654.06,26426.1,58568.98,3,532,0
1000573,1,7088.73,21151.13,68599.56,3,525,1
1000574,1,500.0,43601.22,70300.6,7,740,0
1000575,5,7872.13,8652.04,44427.97,8,645,0
1000576,1,10290.14,35150.57,76087.32,0,501,1
1000577,3,8724.67,15304.26,44864.52,5,739,0
1000578,5,4875.54,30803.17,63859.63,9,690,0
1000579,2,6865.73,9370.55,65083.77,1,805,0
1000580,1,500.0,45430.22,65205.18,6,655,0
1000581,4,973.57,36629.28,99603.84,3,463,1
1000582,2,500.0,1520.44,102700.44,5,801,0
1000583,3,702.24,35155.07,91546.68,3,489,1
1000584,4,10933.66,22195.73,101629.15,9,432,1
1000585,0,13636.75,30568.22,64334.49,7,762,0
1000586,1,14944.16,20101.99,98136.23,6,607,0
1000587,1,4475.85,18566.94,68991.53,8,693,0
1000588,2,9647.74,4166.37,74585.12,6,465,0
1000589,4,5938.3,14731.03,75479.57,8,727,0
1000590,0,9453.96,19891.54,43362.89,9,587,1
1000591,4,8485.47,824.69,57858.68,7,849,0
1000592,4,3463.82,8783.16,66854.81,0,689,0
1000593,0,13215.67,20294.88,77322.33,8,824,0
1000594,1,5226.75,25374.08,67503.58,2,759,0
1000595,3,4569.96,14957.89,53014.65,10,781,0
1000596,5,6217.92,36418.3,46909.54,3,446,1
1000597,4,4346.45,14273.04,70216.52,2,752,0
1000598,1,500.0,27414.3,46411.76,10,675,0
1000599,1,6962.88,35445.18,46499.8,3,582,0
1000600,3,9594.38,11186.44,67957.78,10,546,0
1000601,0,11263.34,33658.37,73574.81,10,692,0
1000602,3,6060.96,18717.62,53443.28,8,495,0
1000603,2,15813.0,10494.98,34436.08,9,489,0
1000604,2,4629.64,38959.37,75739.68,9,795,0
1000605,5,4841.82,39345.07,86351.5,7,744,0
1000606,1,500.0,16792.6,61853.87,9,669,0
1000607,4,15884.96,32805.16,62504.98,8,743,0
1000608,0,13325.63,31859.52,23568.87,0,550,1
1000609,1,14368.02,20171.73,88043.52,7,727,0
1000610,4,500.0,45874.11,48117.11,10,499,0
1000611,5,11210.23,19111.59,84386.12,3,605,0
1000612,4,500.0,12836.44,58225.89,10,473,0
1000613,4,13613.73,20826.2,67167.19,6,575,1
1000614,5,7022.48,19242.01,66253.89,8,558,1
1000615,1,5665.81,15467.33,34058.37,2,593,0
1000616,0,7954.53,17255.49,124998.83,5,619,0
1000617,1,6512.25,5018.59,38742.04,1,422,0
1000618,2,15537.65,27616.21,72201.55,6,559,0
1000619,1,13391.82,4772.23,53753.51,3,782,0
1000620,2,500.0,33348.05,65273.76,5,599,0
1000621,2,12154.52,28649.53,97534.08,8,648,0
1000622,0,500.0,16038.28,32749.5,8,453,1
1000623,2,16972.91,16095.21,67157.51,1,579,1
1000624,0,5172.76,12974.29,79851.57,5,837,0
1000625,1,6342.06,20648.15,72412.52,0,650,0
1000626,1,7454.78,40963.51,77938.2,5,416,1
1000627,5,19138.58,24425.19,55000.17,2,727,0
1000628,1,11320.74,15671.21,37205.49,4,749,0
1000629,4,7543.58,40997.37,43775.37,8,576,1
1000630,4,10652.36,15996.98,61816.81,2,422,0
1000631,2,5848.95,16536.88,84844.15,9,775,0
1000632,0,12560.99,45556.56,71612.83,0,519,1
1000633,5,4761.32,28442.15,102077.98,3,815,0
1000634,3,5764.19,34584.14,72013.98,8,568,0
1000635,4,6134.5,27891.44,73871.8,10,579,0
1000636,5,13581.4,26918.06,74006.05,2,759,0
1000637,5,8566.27,28621.76,35373.19,5,469,1
1000638,2,6544.76,29565.29,81524.65,1,421,1
1000639,4,500.0,46342.23,47790.88,7,744,0
1000640,3,12449.08,7132.71,62408.77,0,818,0
1000641,3,5813.3,0.0,116872.86,7,847,0
1000642,2,9102.67,17443.3,45278.48,9,464,0
1000643,4,6380.23,3480.69,72369.89,4,473,0
1000644,1,9258.63,22517.26,75839.2,7,558,0
1000645,4,8887.61,6855.07,72581.89,9,723,0
1000646,2,500.0,21116.79,70073.97,1,812,0
1000647,4,500.0,33501.07,58836.62,9,773,0
1000648,2,6478.44,14745.53,109844.45,9,573,0
1000649,5,500.0,12085.97,29875.64,5,815,0
1000650,5,11015.47,29868.01,49477.28,0,521,1
1000651,2,7856.63,11928.18,99676.65,3,462,0
1000652,2,13242.01,19740.24,80979.33,9,600,0
1000653,2,11254.76,19016.09,54697.23,10,448,0
1000654,4,10826.12,5735.47,52034.7,10,708,0
1000655,1,4423.99,31636.66,65017.35,7,845,0
1000656,0,9093.61,7995.37,122795.04,1,455,1
1000657,5,12167.07,31148.67,79869.18,3,459,1
1000658,3,12705.69,25054.52,49376.92,1,487,1
1000659,5,8985.69,8220.08,74765.05,1,486,0
1000660,5,7072.26,16578.6,57475.26,6,644,0
1000661,2,4222.56,30649.58,99967.43,4,662,1
1000662,2,6027.56,17334.51,75879.0,0,829,0
1000663,2,5237.82,46281.78,95208.59,4,605,0
1000664,3,13181.57,9107.23,73225.09,3,818,0
1000665,0,13530.43,34539.91,110776.7,8,740,0
1000666,1,6776.1,1386.33,78237.21,6,786,0
1000667,5,4749.91,17634.73,75616.07,7,492,1
1000668,5,11516.4,32255.57,49610.68,7,609,0
1000669,4,13976.04,0.0,61571.86,5,813,0
1000670,4,10879.5,23758.48,77802.53,7,740,0
1000671,5,1627.22,7730.32,60070.75,9,504,0
1000672,0,500.0,5117.16,119754.16,4,782,0
1000673,3,15687.02,12010.63,69776.91,6,748,0
1000674,4,12266.93,14144.27,54771.01,5,472,1
1000675,3,5401.42,14768.6,89753.64,9,437,0
1000676,3,7525.92,13540.83,59410.1,6,522,1
1000677,4,7226.4,10467.66,78140.58,0,617,0
1000678,4,7979.33,0.0,68135.48,1,476,0
1000679,5,2923.44,36206.56,55598.25,0,422,1
1000680,0,12145.5,45122.34,97768.0,4,456,0
1000681,5,4396.62,25800.62,71832.95,9,547,1
1000682,1,2152.23,17170.67,91761.96,6,580,0
1000683,2,13457.58,8945.18,63218.23,8,546,0
1000684,3,8115.77,23708.91,41462.77,0,606,0
1000685,3,13661.55,23749.42,45132.34,2,726,0
1000686,3,9249.65,9920.56,59632.51,1,517,0
1000687,5,12398.02,18373.01,66326.85,1,609,1
1000688,4,15959.0,29153.02,71105.75,8,730,0
1000689,3,9150.19,23878.82,80264.04,0,433,1
1000690,4,13038.62,19834.16,45145.02,3,824,0
1000691,4,4936.85,21902.65,74589.96,3,848,0
1000692,4,9894.45,11921.64,45638.83,7,536,0
1000693,3,500.0,19771.64,56323.92,9,801,0
1000694,2,7142.78,21294.19,121306.03,1,519,1
1000695,4,3572.25,11757.81,95477.85,2,813,0
1000696,1,500.0,19033.2,62744.46,6,700,0
1000697,0,10949.85,31071.3,105849.66,2,517,0
1000698,0,7841.08,32592.14,98380.14,2,435,1
1000699,0,9989.48,0.0,87784.78,9,582,0
1000700,3,700.93,3623.75,99352.07,6,737,0
1000701,0,9100.14,32104.69,65043.91,2,508,0
1000702,5,18385.71,25391.96,67502.83,0,636,1
1000703,2,10945.81,25564.03,52808.21,2,463,1
1000704,0,1428.12,4081.91,81669.99,3,596,0
1000705,2,11188.24,21231.47,44924.36,8,422,1
1000706,4,8598.72,27223.03,59929.92,7,844,0
1000707,5,4467.05,25434.08,79172.99,9,630,0
1000708,4,3664.97,11926.9,59905.94,6,781,0
1000709,5,8658.67,13679.59,76940.7,10,462,0
1000710,1,500.0,24042.87,106499.67,8,482,0
1000711,0,12928.61,22555.73,50301.31,0,486,0
1000712,5,11364.28,35601.23,98072.67,1,659,1
1000713,5,10384.58,0.0,56340.41,3,789,0
1000714,3,11434.36,13445.0,51316.24,0,677,0
1000715,3,13989.1,34887.29,74508.72,6,622,0
1000716,3,720.57,6971.07,90570.24,4,825,0
1000717,5,8688.55,21648.15,55725.62,3,489,1
1000718,3,10632.01,37202.94,55425.55,7,481,0
1000719,2,11324.88,8547.11,61210.76,8,704,0
1000720,1,5741.67,24276.45,55597.87,2,786,0
1000721,4,7429.46,42881.47,73772.64,2,525,1
1000722,5,11304.42,5461.87,55752.84,2,523,1
1000723,0,10830.77,0.0,64911.51,6,641,0
1000724,1,16710.97,32753.1,77082.51,2,752,0
1000725,2,500.0,14678.67,61652.12,1,533,1
1000726,1,8072.23,19777.62,93080.05,4,773,0
1000727,1,6542.71,21205.16,56465.83,1,636,0
1000728,4,9218.84,34862.95,54566.77,2,720,0
1000729,1,8146.15,16973.55,110760.7,8,686,0
1000730,4,4629.6,32010.83,100117.16,8,620,0
1000731,1,9098.25,29333.48,71426.21,6,645,1
1000732,3,1400.4,20256.1,86605.68,4,848,0
1000733,2,2566.85,32716.6,76808.13,6,583,0
1000734,5,2642.0,23919.72,59794.99,7,826,0
1000735,2,8809.57,19261.44,83517.29,4,758,0
1000736,5,11607.8,55820.25,76088.44,1,488,1
1000737,3,13785.24,0.0,95637.05,7,794,0
1000738,2,1180.55,6785.0,33140.52,10,577,0
1000739,4,6476.42,8345.37,86139.4,10,487,1
1000740,2,13391.56,15374.88,73335.29,3,520,0
1000741,4,7877.41,22357.15,56259.32,4,468,1
1000742,5,14612.58,17696.64,61423.83,3,558,1
1000743,5,15140.44,46971.41,61902.75,0,458,1
1000744,4,5315.47,14256.65,43548.11,3,649,0
1000745,4,5541.21,7572.68,58523.83,2,841,0
1000746,2,8262.53,20493.6,85652.83,6,835,0
1000747,1,4225.59,15178.76,39654.66,8,825,0
1000748,4,7671.44,14540.12,62481.16,0,515,0
1000749,3,6450.31,31128.66,22700.47,3,510,1
1000750,4,16807.78,23969.07,58490.9,1,708,0
1000751,2,7876.31,33517.13,77827.83,8,837,0
1000752,1,4852.37,7734.2,68999.14,3,773,0
1000753,1,7855.99,27428.93,70882.66,2,500,0
1000754,4,8991.01,20430.2,47636.06,9,734,0
1000755,1,500.0,12944.7,81399.89,6,632,0
1000756,4,2280.46,1726.36,51936.18,2,603,0
1000757,1,770.36,19284.93,88174.23,4,628,0
1000758,2,6809.43,6556.94,74238.97,6,649,0
1000759,3,10151.5,28690.8,62326.65,5,813,0
1000760,4,3367.45,25594.23,99719.88,0,758,0
1000761,0,500.0,25857.21,62102.67,4,425,0
1000762,3,11118.48,53064.94,90488.5,10,745,0
1000763,3,5471.79,35149.18,72101.43,6,547,1
1000764,1,7376.58,0.0,70014.22,3,557,0
1000765,2,10318.2,27187.87,90025.24,8,673,1
1000766,5,12401.46,22673.78,78767.03,4,844,0
1000767,0,5211.91,22693.06,69857.71,7,437,0
1000768,5,2798.8,14314.28,67638.87,3,635,0
1000769,1,1815.19,31012.75,74248.87,4,512,1
1000770,2,3085.38,0.0,71723.51,0,812,0
1000771,5,8395.23,4464.24,63482.61,0,614,0
1000772,2,21042.63,27420.33,49281.88,5,786,0
1000773,3,10041.83,22388.59,18197.28,9,798,1
1000774,1,4806.68,30968.63,67778.29,2,452,1
1000775,0,6886.29,15671.19,65156.12,1,745,0
1000776,0,5900.74,13832.35,94286.14,4,758,0
1000777,3,597.62,29367.09,78996.39,4,775,0
1000778,0,7620.63,22088.51,92835.1,6,845,0
1000779,4,9507.06,0.0,104743.35,8,745,0
1000780,2,8527.58,31273.65,67868.16,10,777,0
1000781,0,3868.87,7293.12,53192.6,10,721,0
1000782,5,7639.07,30576.39,86362.45,4,538,0
1000783,2,4314.07,22366.11,58101.04,7,784,0
1000784,4,6071.64,26964.82,64931.66,8,718,0
1000785,1,500.0,32194.89,98804.53,1,709,0
1000786,5,11371.04,8162.21,81074.98,3,839,0
1000787,3,6241.83,27850.57,91968.66,10,733,0
1000788,5,500.0,19432.49,43049.76,6,558,0
1000789,4,6576.87,17114.66,70738.86,0,541,0
1000790,5,11001.88,20192.98,92416.07,5,553,0
1000791,1,22470.75,14163.65,44408.39,0,482,0
1000792,1,3360.66,20621.01,74002.59,3,443,1
1000793,0,15528.27,23007.05,78121.79,8,743,0
1000794,5,2998.43,12578.58,23929.54,7,755,0
1000795,0,12744.37,33033.85,101975.54,10,481,0
1000796,1,11404.54,21256.06,55780.52,9,582,1
1000797,3,6799.63,7092.7,67282.35,7,815,0
1000798,3,2276.43,25524.2,103627.52,4,778,0
1000799,0,2704.34,26271.02,34256.07,9,672,0
1000800,3,13150.0,3201.69,79337.28,9,838,0
1000801,3,15256.7,23545.67,61110.9,7,553,0
1000802,2,6588.21,15662.77,70925.52,8,781,0
1000803,4,6780.44,23154.39,53668.16,0,822,0
1000804,0,4542.57,18091.05,97340.4,1,670,1
1000805,4,8281.35,24694.06,47647.76,6,476,1
1000806,3,5370.41,22300.15,77296.05,0,538,1
1000807,4,13113.75,0.0,80890.81,8,635,0
1000808,4,12181.15,21047.94,68218.57,7,531,0
1000809,0,10169.28,26601.42,64589.53,5,448,1
1000810,3,3006.38,28641.03,64756.7,4,483,1
1000811,2,685.5,34751.14,90524.68,7,835,0
1000812,3,5186.51,24126.32,79107.11,2,577,1
1000813,1,14528.8,35629.98,68425.46,5,662,1
1000814,2,11591.08,30270.69,48240.39,7,602,1
1000815,3,7144.15,14544.51,73246.58,1,764,0
1000816,1,12368.98,11907.85,80731.49,9,452,0
1000817,0,10755.24,35207.92,69424.05,9,532,0
1000818,5,3451.01,28437.72,98814.27,2,666,0
1000819,0,15346.64,0.0,31862.08,2,763,0
1000820,0,13357.7,7666.57,119947.46,6,612,0
1000821,5,2028.4,33867.98,66401.08,2,719,0
1000822,5,6295.72,22010.64,47268.85,8,762,0
1000823,5,12020.72,0.0,35173.75,1,693,0
1000824,0,16087.37,25346.53,87427.56,2,770,0
1000825,0,14424.62,31838.96,81530.07,3,829,0
1000826,0,3114.35,27849.32,65734.69,4,504,0
1000827,4,5364.1,19558.78,69097.0,4,600,0
1000828,2,14108.5,17789.63,73463.04,0,508,0
1000829,0,4398.78,13835.72,61606.16,2,591,0
1000830,5,9308.68,14021.89,93157.3,9,408,1
1000831,2,6274.32,23345.11,82602.96,1,714,0
1000832,0,10794.72,49955.4,67680.96,3,512,1
1000833,5,1160.2,50753.77,37296.76,4,777,0
1000834,5,1415.45,18137.93,97506.29,9,726,0
1000835,5,3048.57,2572.87,60537.59,0,556,0
1000836,4,17758.77,19018.86,49386.13,6,609,0
1000837,2,17675.93,16785.34,95892.48,5,704,0
1000838,4,16910.81,17147.68,80073.48,7,592,0
1000839,4,4952.27,349.12,29797.06,1,500,0
1000840,2,3224.23,19261.58,36839.44,8,427,1
1000841,2,9890.22,12418.74,62151.24,1,652,0
1000842,1,6307.06,20659.14,44954.63,8,643,0
1000843,5,2223.86,1776.86,67020.19,1,748,0
1000844,4,10520.1,20514.56,122441.72,8,465,0
1000845,1,2689.63,5720.26,129746.51,9,436,1
1000846,0,13571.36,10222.83,69288.54,0,734,0
1000847,1,9144.9,12387.46,86152.76,8,730,0
1000848,3,6120.53,13584.97,87953.39,9,761,0
1000849,0,1234.26,13617.11,67751.18,10,414,0
1000850,3,7627.76,13420.13,40594.98,5,698,0
1000851,3,7815.98,12797.05,91651.7,8,832,0
1000852,5,11018.02,11765.78,66603.45,0,746,0
1000853,3,8330.77,13258.81,79239.4,5,615,0
1000854,2,7690.91,15941.79,84325.06,3,618,0
1000855,5,1253.72,42393.5,53984.49,4,589,1
1000856,3,4814.05,30964.31,103926.25,3,432,0
1000857,0,7982.91,12995.59,71675.34,6,727,0
1000858,3,10039.84,3845.27,74669.74,9,646,0
1000859,4,6469.65,33538.76,61507.6,6,639,0
1000860,3,543.38,19921.59,84389.85,6,821,0
1000861,5,2273.53,24245.94,90439.01,10,731,0
1000862,4,5377.52,33847.69,59018.72,5,832,0
1000863,4,10674.9,0.0,81885.42,3,445,0
1000864,5,6213.33,12870.43,61478.37,3,829,0
1000865,0,2287.75,22300.82,45535.83,9,657,0
1000866,3,7153.57,36619.15,63583.98,8,586,0
1000867,0,6932.46,19100.72,82388.52,10,655,0
1000868,5,14627.9,21018.45,81254.93,8,424,1
1000869,0,7679.99,19652.84,91815.38,10,820,0
1000870,3,4959.92,19593.63,56692.87,5,687,0
1000871,2,7567.45,21882.57,64129.99,6,425,0
1000872,0,10143.7,13301.87,71656.43,6,812,0
1000873,4,500.0,11643.17,82634.21,6,608,0
1000874,4,5729.97,15576.62,67865.28,0,460,1
1000875,0,2487.57,27493.63,51173.33,10,687,0
1000876,0,4613.18,33940.73,39163.85,4,438,1
1000877,2,5792.09,21638.3,93835.13,4,651,0
1000878,0,14575.72,16862.9,91637.68,6,745,0
1000879,0,11360.54,34671.35,56896.77,8,440,0
1000880,2,9161.8,26708.37,99882.69,3,758,0
1000881,4,2476.49,28827.14,68960.67,0,670,0
1000882,1,9188.73,18630.91,79350.09,1,551,1
1000883,0,10486.87,15154.16,95546.48,2,506,0
1000884,5,500.0,25903.57,60624.78,2,413,0
1000885,4,500.0,18248.85,54708.8,5,494,1
1000886,2,14138.2,33986.56,35436.86,3,534,1
1000887,3,12950.27,9656.05,76380.25,8,797,0
1000888,2,8073.22,24022.52,79300.88,5,635,0
1000889,1,12819.52,20332.15,87583.82,1,495,1
1000890,1,12390.41,8091.26,82398.4,10,737,0
1000891,4,19618.33,15922.33,72389.77,9,609,0
1000892,5,500.0,7696.75,93327.22,4,777,0
1000893,2,9497.19,15950.14,49712.13,6,740,0
1000894,1,13614.15,16946.77,78114.81,5,821,0
1000895,3,9416.77,51481.55,80598.61,1,721,0
1000896,0,4409.1,7803.61,67874.95,1,456,0
1000897,3,1156.08,27770.52,104949.51,0,653,0
1000898,4,14418.37,14680.11,79106.77,2,596,0
1000899,1,17981.54,24435.02,97351.28,4,765,0
1000900,1,500.0,16126.37,88312.17,2,476,1
1000901,2,2302.69,10616.73,66716.1,9,614,0
1000902,4,10941.29,37028.84,109132.01,1,773,1
1000903,4,11952.68,33378.54,92593.7,10,682,0
1000904,4,4926.98,0.0,70690.9,9,424,0
1000905,5,601.37,18405.47,67930.22,8,770,0
1000906,2,13228.33,15902.0,49533.43,3,570,1
1000907,5,14475.44,1276.24,67291.7,2,708,0
1000908,1,500.0,22107.86,65574.14,6,697,0
1000909,3,7940.47,26118.51,74529.37,9,692,0
1000910,2,10161.56,20711.17,61835.31,7,592,0
1000911,5,7389.55,25578.61,81792.93,1,587,1
1000912,2,14480.6,41055.21,68671.94,1,452,1
1000913,0,9327.86,14781.19,38591.31,4,655,0
1000914,4,10386.17,34930.93,60158.68,8,536,1
1000915,5,9065.51,45956.12,52282.55,7,583,1
1000916,4,723.28,0.0,44743.46,8,482,0
1000917,0,18967.91,17475.1,65245.2,3,737,0
1000918,2,4949.98,36194.94,88688.48,3,816,0
1000919,5,7771.47,24186.22,47883.11,3,576,1
1000920,0,14319.6,12946.95,30103.79,8,595,1
1000921,4,11325.77,37080.56,67095.4,4,614,1
1000922,1,6931.6,30691.15,130354.41,9,439,1
1000923,2,500.0,1194.59,58495.5,9,742,0
1000924,4,7921.83,29936.91,75812.77,4,798,0
1000925,4,13473.97,18064.03,62090.74,5,631,0
1000926,3,7004.22,22607.16,87610.63,1,435,1
1000927,5,565.69,6307.06,99312.28,0,557,1
1000928,1,13994.3,26651.1,67180.71,0,477,1
1000929,0,18870.41,22166.38,94132.21,3,774,0
1000930,2,12906.19,9086.77,48611.93,1,762,0
1000931,3,13310.33,16244.38,74573.49,6,576,0
1000932,2,500.0,37088.46,44890.2,0,574,1
1000933,0,5061.46,38397.82,74152.65,5,782,0
1000934,2,500.0,2583.57,58081.92,3,447,0
1000935,3,12934.96,26230.33,75205.95,10,755,0
1000936,3,10744.97,16719.44,47897.39,10,834,0
1000937,0,500.0,14208.0,75040.52,5,606,0
1000938,5,11085.69,23208.81,72681.54,9,742,1
1000939,4,13053.08,38246.08,58958.03,8,723,0
1000940,2,3661.15,26813.84,54293.0,0,805,0
1000941,0,6598.04,8938.17,46611.58,8,423,1
1000942,4,15396.52,20939.84,62467.79,0,720,0
1000943,2,785.9,25605.16,78490.02,5,580,0
1000944,4,10045.67,33468.46,67756.98,10,788,0
1000945,5,12961.12,19508.94,73577.12,4,789,0
1000946,4,9221.6,21942.0,95905.35,2,534,0
1000947,1,6097.61,23117.27,63971.01,5,664,0
1000948,0,8951.19,28042.82,76353.61,1,626,0
1000949,5,10349.3,0.0,87095.93,1,655,0
1000950,0,11909.58,36801.11,80800.36,3,776,0
1000951,2,16109.83,24157.28,78224.68,0,702,0
1000952,1,500.46,20483.48,72068.1,6,743,0
1000953,1,7653.17,7456.44,109190.93,1,708,0
1000954,2,7281.71,23479.7,68959.22,10,518,0
1000955,5,15936.35,43784.05,62712.18,1,666,0
1000956,1,2017.37,13318.29,82355.43,2,575,0
1000957,0,16643.69,1081.92,103326.88,0,594,0
1000958,2,3748.4,25564.35,98907.34,5,457,1
1000959,3,3898.75,20701.43,71151.77,4,489,1
1000960,1,999.7,19800.0,87216.94,1,560,1
1000961,5,6988.67,2324.92,80527.59,1,537,0
1000962,1,5557.23,25359.59,72006.11,2,689,0
1000963,5,8435.12,27947.69,83605.38,10,537,0
1000964,2,7012.98,0.0,82941.23,10,517,0
1000965,3,11342.41,22270.83,73333.95,4,598,0
1000966,1,10040.59,29438.8,105123.35,4,659,0
1000967,1,500.0,9709.37,62943.3,0,850,0
1000968,1,13734.55,0.0,98507.46,0,634,0
1000969,3,7939.28,21462.73,112662.37,7,564,0
1000970,3,7631.92,45787.13,112954.81,0,550,1
1000971,1,5280.45,24664.73,76003.58,7,606,0
1000972,0,12417.68,47129.55,66843.8,5,818,1
1000973,1,6084.44,24412.69,38446.33,10,572,0
1000974,5,13421.53,17779.57,69367.45,7,517,1
1000975,1,2078.3,11145.04,119519.02,2,665,0
1000976,5,16040.56,37195.4,39063.81,10,750,1
1000977,1,14347.53,4583.67,39495.98,3,827,0
1000978,1,1729.72,13109.36,87327.91,8,532,0
1000979,0,11856.98,15428.98,82928.98,8,801,0
1000980,3,5171.27,23903.56,33906.86,6,786,1
1000981,4,1794.45,20955.75,69361.94,6,575,0
1000982,2,5331.45,2781.99,77353.97,0,556,0
1000983,0,8490.41,6425.32,40105.68,6,526,0
1000984,5,4536.33,40781.83,89798.84,0,548,1
1000985,3,10370.99,21453.21,43915.17,10,799,0
1000986,4,13888.63,20424.27,93240.07,0,545,0
1000987,2,677.18,16268.55,74589.23,10,626,0
1000988,1,500.0,23778.61,56524.24,1,822,0
1000989,3,7447.0,11493.41,38234.22,0,711,0
1000990,5,8749.91,33663.72,63657.27,1,465,1
1000991,3,8257.83,30596.83,68603.4,4,440,1
1000992,2,11519.09,20306.39,67900.65,1,507,1
1000993,2,10727.02,31337.64,58586.79,10,791,0
1000994,1,500.0,18484.15,66272.74,9,508,0
1000995,4,7708.5,15403.27,87990.82,0,546,0
1000996,3,3463.88,32189.19,52235.6,3,647,0
1000997,3,6837.32,19317.15,66296.89,3,627,0
1000998,0,691.88,10763.02,79705.84,3,441,0
1000999,5,10258.83,39363.71,70048.14,8,495,1
1001000,2,7061.24,18232.35,87839.8,3,848,0
1001001,3,4591.09,25815.57,101672.47,0,594,1
1001002,4,549.63,38420.61,63378.21,1,531,0
1001003,5,15804.67,5340.76,74805.09,6,774,0
1001004,5,12272.23,16774.01,15000.0,1,614,1
1001005,5,10791.39,31976.52,63498.84,10,774,0
1001006,3,4153.79,16927.32,83914.7,0,478,0
1001007,4,3131.64,15153.08,47978.5,5,617,0
1001008,4,15240.92,18720.8,97140.46,0,766,0
1001009,1,5244.71,16875.65,32654.02,0,748,0
1001010,5,11970.91,16748.79,97536.67,9,707,1
1001011,2,17763.95,25287.63,60073.6,1,610,0
1001012,5,500.0,21550.62,49940.55,1,773,0
1001013,0,1088.16,40967.48,60676.57,4,573,0
1001014,1,9887.35,24363.38,65075.18,6,700,0
1001015,4,500.0,40399.93,50039.64,0,649,1
1001016,4,6054.41,22132.68,42691.69,2,541,1
1001017,3,5146.91,41207.16,59894.62,7,497,0
1001018,1,12248.91,18953.48,89413.83,0,643,0
1001019,4,1112.37,35070.39,78537.12,2,548,1
1001020,0,8645.22,22485.8,97332.12,10,637,0
1001021,0,10963.46,39775.53,58137.1,3,720,0
1001022,5,2199.8,11256.94,63241.21,0,763,1
1001023,0,2680.23,15063.44,63667.99,8,749,0
1001024,5,12721.46,25235.95,73247.13,6,634,0
1001025,3,11871.16,9162.96,79623.14,8,433,1
1001026,0,500.0,37993.18,105620.13,0,487,0
1001027,4,500.0,18470.13,84466.47,8,732,0
1001028,3,16334.44,26884.86,73649.32,10,671,0
1001029,0,8614.51,32789.56,97552.58,2,770,0
1001030,2,4790.64,27776.77,54634.47,7,625,0
1001031,0,8267.62,11880.37,43970.17,3,605,1
1001032,0,7331.69,4818.84,83718.05,0,516,0
1001033,1,10211.33,738.55,73674.65,7,435,0
1001034,1,15693.33,9858.81,72729.59,6,471,1
1001035,2,14973.08,11672.63,89021.28,5,710,0
1001036,2,4418.33,11138.55,63598.07,7,664,0
1001037,0,5341.17,25994.78,68058.99,8,517,0
1001038,4,6095.63,4439.77,77918.15,1,568,0
1001039,0,16183.37,1314.62,83338.22,4,693,0
1001040,3,13496.83,22646.76,90053.34,6,577,0
1001041,1,500.0,41769.43,72649.24,10,574,0
1001042,3,5792.7,9556.87,75608.79,1,527,1
1001043,0,5431.9,19124.83,21748.87,2,690,0
1001044,4,13745.76,19901.34,94831.99,8,802,0
1001045,0,13980.76,33426.56,38794.64,7,522,1
1001046,5,5341.77,30764.54,69381.64,9,537,0
1001047,0,2892.66,15234.83,121122.04,8,619,0
1001048,4,8661.14,31424.83,63702.08,7,492,0
1001049,2,10497.49,21314.39,38507.75,10,640,1
1001050,0,9136.54,30069.09,102599.79,10,800,0
1001051,4,2159.77,42015.74,59124.0,4,687,0
1001052,5,6590.4,0.0,66965.68,9,480,0
1001053,3,10743.79,3617.84,66924.51,9,498,0
1001054,5,9667.11,4414.02,84981.61,5,441,0
1001055,3,10811.92,5725.08,85823.44,6,834,0
1001056,5,3599.25,21699.81,67749.2,10,561,1
1001057,2,5762.18,21888.0,92510.31,7,536,0
1001058,3,8431.87,41068.17,52127.97,6,788,0
1001059,1,500.0,37242.85,83754.14,2,543,1
1001060,3,6516.7,23861.42,57722.49,7,511,0
1001061,0,10533.03,18881.66,84223.28,9,521,0
1001062,1,10026.39,28326.05,56808.46,2,583,0
1001063,1,5613.34,25468.87,61395.97,0,437,1
1001064,0,7042.18,14800.84,99774.92,8,691,0
1001065,5,11448.01,28593.77,47678.03,10,595,1
1001066,1,7279.38,14388.72,46649.34,7,837,0
1001067,4,500.0,19266.1,81679.7,6,749,0
1001068,4,10185.92,18552.3,64786.02,1,578,0
1001069,3,500.0,13305.26,61555.1,6,722,0
1001070,5,3634.68,12672.41,67312.63,2,765,0
1001071,3,18421.72,21100.4,112677.55,1,494,0
1001072,5,9477.7,18872.35,49415.61,4,478,1
1001073,4,12131.58,5717.15,64735.5,7,468,0
1001074,0,10830.96,40022.16,73475.76,10,428,0
1001075,4,11896.47,40463.38,51306.7,1,550,0
1001076,3,8524.02,39770.83,69433.2,3,759,0
1001077,1,11944.66,34208.89,79846.38,9,748,0
1001078,0,8474.77,19147.12,51901.06,2,575,1
1001079,4,3637.55,9092.1,92500.3,8,624,0
1001080,4,9768.32,8243.02,47226.51,4,747,0
1001081,3,8644.31,0.0,67225.32,1,816,0
1001082,2,12558.04,16390.76,76847.07,1,532,0
1001083,1,13822.72,0.0,133828.73,8,698,0
1001084,3,15113.23,21509.46,35067.4,3,671,1
1001085,1,3546.0,23377.09,75747.22,6,683,0
1001086,3,9584.97,13834.03,120582.81,4,763,0
1001087,1,16728.06,13802.81,58148.43,3,748,0
1001088,4,5333.15,19428.88,91902.69,5,583,0
1001089,3,4599.46,26875.7,74383.8,7,740,0
1001090,1,5683.43,16190.3,41465.34,0,432,0
1001091,5,5071.25,40162.24,77977.48,7,560,1
1001092,3,4010.43,9648.36,52257.43,10,504,1
1001093,4,16058.69,12868.67,71808.28,5,521,1
1001094,5,5399.39,14457.58,40053.21,2,807,0
1001095,0,8577.81,17744.92,84693.21,7,601,0
1001096,3,2855.64,22648.09,21743.49,3,440,1
1001097,0,18580.42,26527.34,66660.66,8,624,0
1001098,3,2912.1,16243.79,95831.53,3,438,1
1001099,1,1443.82,38770.29,80384.1,9,470,0
1001100,5,12754.6,0.0,63068.69,6,577,1
1001101,0,4736.22,23209.95,65368.66,9,603,0
1001102,3,8611.49,20564.15,61526.32,4,510,1
1001103,0,16035.99,3989.38,124433.27,1,691,0
1001104,5,1838.1,3176.27,68987.38,2,628,0
1001105,4,16531.77,21233.43,69760.29,9,468,1
1001106,3,5420.59,33466.03,55336.5,3,772,0
1001107,1,500.0,24652.76,60535.63,10,469,1
1001108,1,8599.45,18982.95,82234.2,6,567,0
1001109,3,5414.94,16190.68,57837.06,5,484,1
1001110,0,1061.29,14087.56,53898.84,7,825,0
1001111,1,20247.93,15175.28,59010.72,9,533,0
1001112,0,5656.11,27355.26,62961.97,10,792,0
1001113,5,500.0,32441.83,73486.94,2,834,1
1001114,4,7643.86,26226.59,60309.31,1,505,0
1001115,3,13137.07,11761.03,66184.0,0,419,1
1001116,4,12210.23,26521.99,55008.62,8,413,1
1001117,0,6711.06,31893.16,94759.45,4,489,0
1001118,4,5832.04,0.0,71822.1,0,585,0
1001119,4,6490.08,23516.85,63728.08,1,481,0
1001120,4,1847.77,13459.32,75822.06,9,831,0
1001121,1,10069.02,21120.88,69099.76,1,618,0
1001122,2,9622.23,4866.67,38661.63,2,783,0
1001123,2,14891.79,7366.13,66406.86,4,414,1
1001124,5,2928.84,18428.62,103046.03,0,466,1
1001125,1,16414.6,13298.59,80105.76,10,610,0
1001126,4,13846.78,13962.87,93551.35,8,480,0
1001127,2,12561.4,9407.13,56594.76,5,480,0
1001128,4,6904.93,24809.21,40276.63,4,418,1
1001129,1,11484.37,32204.45,56049.81,10,527,0
1001130,2,6411.34,8465.47,97033.09,0,746,0
1001131,1,13060.77,22720.72,50014.98,5,759,0
1001132,1,7865.06,14508.19,54121.41,9,633,0
1001133,0,4094.57,22668.27,92107.27,5,489,0
1001134,1,6945.54,32658.38,64990.98,7,607,0
1001135,5,3211.49,22649.39,66030.38,0,681,0
1001136,0,11671.8,18245.81,77614.97,4,473,0
1001137,1,6803.89,7421.72,71739.82,0,587,0
1001138,1,3793.82,32738.32,63935.51,10,772,0
1001139,1,20308.29,38804.0,75062.49,9,592,1
1001140,5,8188.39,0.0,55708.77,9,616,0
1001141,2,14444.91,26409.89,69145.56,7,769,0
1001142,5,4982.57,17616.14,83114.59,1,705,0
1001143,0,10364.66,4787.83,48782.6,6,479,0
1001144,4,5328.33,39789.51,65733.09,5,678,0
1001145,1,11441.16,25774.93,47127.35,9,817,0
1001146,5,9832.74,43986.54,84916.99,10,501,1
1001147,2,19644.18,10460.56,82303.37,7,803,0
1001148,4,500.0,14200.53,88853.23,9,667,0
1001149,3,8379.14,2168.22,90648.92,3,704,1
1001150,2,16146.6,20447.2,90482.57,4,554,0
1001151,3,500.0,9.07,84341.32,9,429,0
1001152,4,12478.15,15913.66,54443.82,2,419,1
1001153,2,8334.21,32954.92,88709.64,8,701,0
1001154,3,10051.29,25820.1,51749.73,4,843,0
1001155,4,4927.46,30852.17,116647.86,0,673,1
1001156,4,5660.25,21128.23,75773.8,9,566,0
1001157,4,500.0,28524.31,81862.8,9,750,0
1001158,2,5588.88,18217.18,45331.58,6,826,0
1001159,1,6588.27,4875.23,91444.48,4,502,0
1001160,2,4078.32,25193.11,93468.16,2,453,1
1001161,1,15850.47,18869.76,38602.76,9,830,0
1001162,0,8550.32,10326.97,58851.11,6,428,1
1001163,3,14100.67,6717.21,60620.13,9,800,0
1001164,4,9858.51,33690.71,57020.79,0,471,1
1001165,2,2743.56,403.12,97636.86,9,458,0
1001166,5,7163.49,9872.67,113296.19,8,530,1
1001167,4,7147.82,23780.6,48679.81,1,547,1
1001168,0,5715.98,26665.52,90972.56,6,554,0
1001169,0,12605.48,22330.38,64742.18,8,422,0
1001170,5,11314.41,1963.18,97401.17,3,786,0
1001171,3,6412.75,32238.43,20996.26,3,776,0
1001172,2,10465.84,18264.18,61298.42,6,709,0
1001173,2,3683.39,2449.96,94314.34,9,813,0
1001174,1,5611.76,32165.63,54764.95,1,823,0
1001175,1,14565.32,18431.39,93792.75,1,846,0
1001176,3,13557.1,0.0,59741.09,8,574,0
1001177,5,12657.88,0.0,92749.49,9,679,0
1001178,1,16072.06,17672.55,81654.12,1,746,0
1001179,1,8290.47,12174.34,61557.94,10,703,0
1001180,2,6789.28,22701.26,54695.89,6,758,0
1001181,4,9533.58,21282.75,66572.63,5,708,0
1001182,4,13217.24,10436.06,93153.1,5,579,0
1001183,5,15220.54,24519.73,69815.2,6,660,0
1001184,3,8245.67,22161.91,56657.27,2,496,1
1001185,5,7909.04,7197.83,136408.24,6,829,0
1001186,3,13982.53,28692.9,38383.89,6,804,0
1001187,0,10968.33,21880.59,65406.7,9,677,0
1001188,3,9219.11,17393.71,80776.77,1,747,0
1001189,0,4515.63,23607.17,49022.76,0,556,0
1001190,5,7409.5,10140.65,69699.05,7,577,0
1001191,0,8799.81,10277.17,61509.02,9,635,0
1001192,4,9277.84,18283.02,40294.72,4,525,1
1001193,1,8295.94,8572.05,79046.86,3,416,1
1001194,1,13476.39,37238.23,47142.32,7,583,1
1001195,5,8804.29,22438.55,54845.71,4,728,0
1001196,3,7034.2,28014.78,94608.3,7,523,0
1001197,3,6503.57,40497.2,47526.4,9,715,1
1001198,4,9937.33,36459.31,82007.31,8,673,0
1001199,0,10781.59,44113.9,93593.71,1,594,1
1001200,5,10973.7,9667.88,89803.73,6,729,1
1001201,0,10830.83,38910.93,79298.98,1,785,0
1001202,0,5582.27,14919.28,65210.02,2,829,0
1001203,4,14338.51,17331.13,41818.3,7,742,0
1001204,0,2667.03,22224.23,72786.58,6,448,0
1001205,3,500.0,20788.25,78791.37,8,557,0
1001206,4,11645.12,19614.61,59674.67,7,641,0
1001207,0,11565.39,23469.48,50129.34,2,442,1
1001208,1,4269.26,37649.49,87252.61,6,593,0
1001209,3,5736.04,0.0,48744.85,7,466,0
1001210,2,12762.92,2868.48,78695.65,6,653,0
1001211,1,12865.7,4746.74,60212.16,3,489,0
1001212,3,5149.45,23372.33,36093.29,8,528,1
1001213,1,4864.45,21209.08,102143.67,0,542,0
1001214,3,10809.36,24455.3,82047.2,8,839,0
1001215,0,14667.01,42056.75,80668.97,2,606,0
1001216,3,18818.48,20319.51,41462.0,10,654,0
1001217,5,8579.45,3348.23,67214.1,1,819,0
1001218,0,10169.88,25005.37,75364.78,9,414,0
1001219,2,3768.19,41156.71,54807.25,4,531,1
1001220,0,7018.73,43086.05,102769.22,1,596,0
1001221,3,500.0,19238.95,29248.25,4,806,0
1001222,2,500.0,21782.81,83783.12,4,728,0
1001223,1,13949.84,23856.29,31810.14,4,709,0
1001224,1,9699.13,26982.72,38257.76,4,575,1
1001225,2,4542.92,18351.35,43945.66,10,786,0
1001226,0,13510.03,14468.1,81001.07,1,490,1
1001227,3,7189.89,38149.62,55230.11,4,586,0
1001228,1,5399.82,37924.35,56044.25,9,565,0
1001229,4,4027.12,20251.55,51286.25,2,409,1
1001230,5,7111.49,13204.24,39799.85,6,448,1
1001231,5,15826.16,12754.82,51401.0,10,756,0
1001232,2,5677.97,6641.32,49603.84,4,826,0
1001233,1,18021.52,5654.8,62876.51,7,516,0
1001234,2,11249.88,16818.47,61656.56,7,442,1
1001235,1,13823.85,11598.3,21131.02,10,471,1
1001236,4,8146.19,23250.4,56192.12,6,433,1
1001237,2,1699.28,14026.67,93401.37,4,762,0
1001238,5,12976.75,9256.9,59579.78,6,429,1
1001239,1,2662.01,15482.24,67512.29,6,712,0
1001240,1,13611.1,0.0,54466.54,9,759,0
1001241,4,12560.1,24247.14,55108.63,3,502,0
1001242,0,7501.69,17151.26,67312.57,9,509,0
1001243,2,3888.09,35997.35,41706.66,10,526,1
1001244,4,4455.23,14749.7,65337.47,1,744,0
1001245,2,11164.33,18207.58,35281.13,3,824,0
1001246,4,3751.11,9338.5,75278.63,0,742,1
1001247,3,500.0,44286.8,37004.03,10,526,1
1001248,1,939.4,23182.29,81567.63,0,725,0
1001249,3,13113.49,34212.5,88731.89,3,719,0
1001250,1,10127.32,16046.54,35910.9,3,595,0
1001251,2,3449.94,26825.08,81894.49,8,465,0
1001252,0,5981.09,8923.35,60167.43,10,547,0
1001253,0,6289.38,12758.57,91581.15,7,769,0
1001254,0,19935.98,16413.75,57617.02,1,636,0
1001255,4,1967.87,9538.61,62560.42,8,460,0
1001256,0,3206.78,28412.81,62354.45,0,813,1
1001257,0,7849.57,29693.06,93343.89,2,636,0
1001258,0,9967.26,33759.93,29389.28,1,562,1
1001259,5,5501.72,9258.9,83449.73,10,423,0
1001260,5,12177.99,13103.05,69957.5,0,661,0
1001261,1,8167.33,19365.45,58292.33,5,651,0
1001262,3,4900.11,27469.34,63297.79,2,474,0
1001263,1,4857.65,5145.13,86739.52,0,783,0
1001264,1,7055.02,16704.98,84547.99,3,631,0
1001265,3,7491.71,31813.69,101943.04,7,445,0
1001266,5,9949.8,20964.85,55170.18,2,494,1
1001267,5,14190.87,18545.09,30143.32,0,529,1
1001268,0,6857.86,6648.59,56922.11,5,740,0
1001269,2,11987.6,15888.69,64101.98,7,746,0
1001270,4,12107.53,27868.83,59195.93,9,771,0
1001271,2,5330.01,31611.76,92407.93,7,677,0
1001272,1,500.0,174.78,113563.41,0,810,0
1001273,2,8386.57,24357.7,75557.96,2,546,0
1001274,2,9349.37,15433.12,32257.42,7,666,0
1001275,0,14433.72,8788.03,88735.56,1,686,0
1001276,3,500.0,41099.49,55031.08,9,570,0
1001277,1,11110.65,27397.33,68784.84,1,609,0
1001278,1,7037.39,7037.77,84729.56,5,720,0
1001279,5,9947.98,7723.36,75275.06,7,790,0
1001280,3,13934.09,21655.65,66550.04,3,816,0
1001281,5,9795.92,2348.83,73646.19,8,537,0
1001282,2,11122.33,17151.24,83076.83,10,725,0
1001283,1,9676.85,25323.8,80456.45,10,743,0
1001284,4,2296.11,4124.4,109332.44,5,823,0
1001285,5,9542.29,21520.17,15000.0,3,689,1
1001286,1,6119.26,24518.82,52226.64,1,497,1
1001287,0,9865.33,11822.32,56170.52,1,736,0
1001288,5,500.0,23795.66,84371.83,1,483,1
1001289,4,11714.76,27130.24,72304.53,6,575,1
1001290,2,9296.67,24381.63,84900.74,8,624,0
1001291,0,7352.46,11617.89,39322.02,9,729,0
1001292,3,6218.23,29340.63,63481.96,9,482,0
1001293,2,13012.5,15572.2,80766.67,7,717,0
1001294,2,9820.04,21813.19,66826.8,6,471,0
1001295,2,11797.32,20112.36,59864.84,5,579,1
1001296,3,10392.2,19333.28,73313.09,1,461,1
1001297,2,5700.28,0.0,100817.52,2,419,1
1001298,5,9697.01,31485.0,25680.42,1,552,1
1001299,5,12345.91,24946.67,99618.87,8,834,0
1001300,0,5820.08,20859.38,73417.75,4,656,0
1001301,2,10505.36,26485.36,50718.26,9,724,0
1001302,5,8840.78,14482.49,81015.04,8,509,1
1001303,0,14564.15,17649.42,68655.65,2,498,1
1001304,1,8139.28,25242.94,92018.73,4,809,0
1001305,0,7618.47,0.0,51729.71,7,731,0
1001306,2,4582.66,10716.63,87187.65,0,624,0
1001307,4,5241.93,12421.13,49716.75,8,531,0
1001308,1,10207.12,15812.57,74225.62,5,789,0
1001309,0,13927.31,13083.55,81758.57,10,615,0
1001310,0,500.0,10302.26,66214.23,9,431,1
1001311,0,5568.03,22143.41,80656.03,4,788,0
1001312,4,9593.8,28418.55,55924.68,0,593,0
1001313,1,10678.74,24580.03,89087.58,4,606,0
1001314,0,4267.04,31189.5,57781.58,6,577,0
1001315,5,3377.64,25260.31,53766.3,0,535,1
1001316,2,7083.74,36487.35,65526.9,0,674,0
1001317,2,10800.13,37757.6,66818.78,1,543,1
1001318,1,10544.42,13997.65,51088.01,5,633,0
1001319,0,5744.99,9899.04,83793.67,8,442,0
1001320,4,10093.16,12426.96,65384.77,0,777,0
1001321,3,6506.48,15276.92,79965.93,2,505,1
1001322,2,6580.09,27785.02,37997.84,10,676,0
1001323,2,12328.63,25395.96,41564.77,10,528,0
1001324,0,8057.96,21832.41,62541.81,10,489,0
1001325,3,11495.94,11569.57,48014.87,3,484,1
1001326,2,10713.52,14481.62,65208.43,7,720,1
1001327,5,6077.49,17034.84,79076.0,8,435,1
1001328,1,5144.72,21924.11,90158.86,6,760,0
1001329,4,9092.34,0.0,97256.65,3,614,0
1001330,2,7852.78,22263.01,83586.39,2,609,0
1001331,3,15575.68,25081.27,53738.9,8,502,0
1001332,1,10066.98,10943.99,78872.31,9,566,0
1001333,5,8761.71,35910.68,57404.65,4,735,0
1001334,2,2881.85,28312.66,78713.9,7,802,0
1001335,3,6319.57,27479.65,46799.23,2,816,0
1001336,0,11159.72,870.4,94783.4,5,683,0
1001337,2,1263.9,28589.56,76162.04,2,528,0
1001338,5,1663.24,21147.13,62168.34,2,442,0
1001339,5,10937.52,21651.5,40689.23,3,661,0
1001340,3,10411.0,0.0,73523.26,6,652,0
1001341,5,5435.16,1283.08,57381.13,1,632,0
1001342,0,7891.4,15788.45,72929.54,2,640,0
1001343,4,5718.69,3721.5,53661.09,9,441,0
1001344,2,7612.5,34591.94,57055.69,0,582,1
1001345,2,12873.29,6246.67,80340.68,10,463,0
1001346,5,12027.68,27993.63,97486.33,0,786,0
1001347,2,19284.71,23595.54,42628.59,8,799,0
1001348,3,15466.64,52302.65,64034.49,10,772,0
1001349,0,10211.9,19976.17,75735.17,0,618,1
1001350,1,7298.05,36711.71,64855.93,2,763,0
1001351,1,13301.74,14277.8,59148.92,9,764,0
1001352,4,9887.44,6080.57,111223.92,1,562,0
1001353,4,9736.13,23552.58,51140.95,8,437,1
1001354,2,12085.57,34336.38,75155.84,6,781,0
1001355,2,8449.17,13137.43,58182.94,9,671,0
1001356,3,5340.69,31594.15,66017.25,4,606,0
1001357,5,11003.64,26285.46,22236.14,6,791,0
1001358,4,6666.48,19646.56,85690.45,8,829,0
1001359,4,5072.18,21919.84,63740.51,2,792,0
1001360,0,11282.33,21097.36,48643.14,0,413,1
1001361,3,3558.4,12427.74,101219.09,3,410,0
1001362,0,1903.13,21231.9,62423.74,7,624,0
1001363,4,17807.8,24431.08,55699.57,4,639,1
1001364,3,12128.22,10945.52,51051.45,10,511,0
1001365,2,6974.07,0.0,89303.16,2,571,0
1001366,0,9679.71,27042.39,68555.54,8,658,0
1001367,4,8431.42,11589.87,61783.42,0,744,0
1001368,3,4924.56,26054.3,41490.1,7,743,0
1001369,2,4892.55,9534.12,49914.79,10,440,0
1001370,1,2383.92,24051.17,74877.83,0,577,0
1001371,2,10557.73,16870.37,67551.85,4,525,0
1001372,4,14684.27,15782.2,27719.85,8,536,1
1001373,4,15434.92,18936.52,50498.12,6,768,0
1001374,5,9235.73,23710.22,72512.16,7,598,0
1001375,0,15633.0,0.0,121642.94,1,616,1
1001376,1,9262.42,34076.81,52915.32,7,841,0
1001377,5,13898.12,31406.86,23514.87,9,608,1
1001378,0,15726.02,23321.26,83296.83,2,740,1
1001379,5,6480.29,419.04,58384.4,8,837,0
1001380,4,9472.09,29407.79,41554.46,4,840,0
1001381,4,7668.78,19579.49,79242.18,0,549,1
1001382,2,5471.86,38773.9,63329.95,0,586,0
1001383,2,9337.31,14148.13,48703.49,2,426,1
1001384,1,14305.54,17304.5,41739.06,0,739,0
1001385,2,15542.05,31067.94,65513.1,8,581,1
1001386,5,6057.67,0.0,69708.96,10,413,0
1001387,2,8579.16,14954.64,32416.16,0,475,0
1001388,0,17912.19,17481.96,87684.47,8,486,0
1001389,2,5911.03,0.0,42596.64,0,444,1
1001390,0,8092.46,8472.99,95993.24,7,439,1
1001391,1,18542.53,22287.16,74612.8,1,659,0
1001392,1,7687.85,23496.47,64245.86,1,511,1
1001393,4,12539.34,38931.2,74691.56,1,830,0
1001394,2,8301.47,30707.21,56120.79,4,661,0
1001395,5,1131.03,3869.88,66670.19,8,664,0
1001396,4,11530.67,28797.19,100917.33,1,640,0
1001397,3,500.0,24084.12,56554.92,8,694,0
1001398,1,1225.94,20834.45,84321.61,9,754,0
1001399,5,14875.83,6222.64,50031.67,6,551,1
1001400,3,11988.61,41457.18,67595.22,2,679,1
1001401,1,7988.66,40204.0,87264.01,3,661,0
1001402,1,13278.77,23137.08,43951.34,3,711,0
1001403,5,14653.98,10058.22,74699.35,8,741,0
1001404,3,10592.85,6247.8,24979.92,9,746,0
1001405,5,2331.54,6471.24,45047.51,6,669,0
1001406,3,3353.98,30063.95,59620.19,10,439,0
1001407,4,13879.89,0.0,85635.8,0,763,0
1001408,4,8253.33,33024.99,82323.88,8,837,0
1001409,5,14534.78,17591.97,49700.16,2,651,1
1001410,1,3934.17,23789.97,65358.54,3,602,0
1001411,4,11632.02,28582.69,71705.08,7,495,0
1001412,2,500.0,47743.75,36706.37,0,611,1
1001413,4,11834.97,28345.19,76453.72,6,666,0
1001414,0,10356.19,17694.16,95000.96,10,751,0
1001415,2,14100.07,24085.54,92858.12,4,625,0
1001416,5,500.0,21316.51,56163.87,10,488,1
1001417,0,2227.87,20113.98,59823.76,5,481,1
1001418,1,4948.88,20914.71,49269.7,4,644,0
1001419,0,10660.07,8004.64,58077.67,2,682,0
1001420,4,16495.32,23410.2,62991.26,9,798,0
1001421,4,14246.65,3785.12,81624.3,6,769,0
1001422,3,1694.36,32999.19,69637.14,7,664,1
1001423,1,5963.29,15297.98,49421.43,1,467,0
1001424,5,15356.54,6014.78,84381.25,8,773,0
1001425,4,11880.56,27445.65,85603.18,10,649,0
1001426,2,1882.27,27717.54,55780.65,2,781,0
1001427,0,11488.04,20993.63,63055.24,9,733,0
1001428,3,11501.01,1985.56,65946.03,4,548,0
1001429,4,12686.57,4443.95,35111.02,5,586,0
1001430,1,8753.83,26103.19,70703.31,7,590,0
1001431,5,10481.74,46251.75,81450.15,10,527,1
1001432,4,13453.3,22776.27,106945.93,8,748,0
1001433,3,10223.25,23219.93,71847.7,7,572,0
1001434,3,13834.04,26660.32,62305.26,7,716,0
1001435,0,12771.24,9596.98,65057.72,6,647,0
1001436,0,12095.8,32823.62,80243.07,6,589,0
1001437,4,6884.54,12426.21,83949.25,7,712,0
1001438,0,12075.01,20270.6,50849.11,0,485,1
1001439,2,13258.14,10254.61,71877.67,7,655,0
1001440,1,5853.15,5589.28,81108.26,1,473,1
1001441,5,4184.79,10777.57,27875.56,10,455,1
1001442,5,10856.95,8884.09,95471.13,8,775,0
1001443,0,11861.97,15074.37,63775.27,8,770,0
1001444,2,4796.44,37913.41,85478.39,10,706,0
1001445,1,10476.6,23270.06,67137.66,2,817,0
1001446,0,18753.02,13211.36,63149.88,1,676,0
1001447,5,500.0,24659.41,66561.58,0,452,1
1001448,4,10575.95,13111.31,73828.36,6,578,1
1001449,5,9776.86,33090.44,85461.69,10,518,0
1001450,1,8928.89,29164.69,62806.58,4,727,0
1001451,5,8227.0,15665.16,45684.31,8,484,1
1001452,0,10708.93,19310.75,54119.63,1,675,0
1001453,3,7955.82,20738.73,48573.85,6,784,0
1001454,0,6179.94,7964.88,83310.54,2,489,0
1001455,4,12332.53,6375.86,48949.18,5,811,0
1001456,3,18193.52,18291.22,98527.8,6,719,1
1001457,5,7856.59,9318.42,70740.12,10,427,0
1001458,4,12283.2,19593.73,66374.37,7,644,0
1001459,3,14437.53,29871.1,94263.48,0,555,1
1001460,2,3201.33,17310.92,60817.11,5,717,0
1001461,0,6706.96,26783.12,62259.48,1,493,1
1001462,5,4735.91,40554.47,83764.06,9,625,0
1001463,0,7441.87,14865.53,82976.87,3,616,0
1001464,0,13651.95,36792.98,48245.45,7,628,0
1001465,0,5012.41,10252.85,117358.4,10,816,0
1001466,5,14969.55,6507.42,79572.53,7,825,0
1001467,0,18851.24,22077.95,43125.35,7,439,1
1001468,1,4716.61,18089.19,64741.14,5,756,0
1001469,0,9523.56,2750.11,86756.02,6,483,1
1001470,5,12343.42,35134.61,72643.35,10,477,1
1001471,2,2918.04,30014.35,85393.03,3,623,0
1001472,4,500.0,8580.3,115589.63,0,840,0
1001473,3,8614.37,17657.69,86905.49,1,640,1
1001474,3,4036.98,19050.66,108459.7,3,667,0
1001475,5,8663.64,5432.43,81934.1,0,738,0
1001476,5,4583.95,23817.1,55039.7,7,619,0
1001477,2,5933.91,4110.62,98588.33,1,601,1
1001478,1,5317.96,0.0,54382.55,8,716,0
1001479,0,8893.92,36930.98,87545.52,1,470,0
1001480,0,12881.62,12597.08,81501.66,4,797,0
1001481,5,9016.98,11080.49,51528.67,5,564,1
1001482,1,10663.42,17350.69,54401.74,9,668,0
1001483,5,2589.43,11544.39,64993.49,4,843,0
1001484,3,16330.35,45170.55,76569.15,9,745,1
1001485,5,13942.73,25395.03,95236.23,10,740,0
1001486,3,16457.95,29823.41,70135.57,1,769,0
1001487,0,8285.29,30456.02,106693.39,10,459,0
1001488,4,4798.83,45001.08,86197.74,2,603,0
1001489,3,10904.57,0.0,55949.34,6,766,0
1001490,1,2933.96,29133.18,56432.16,8,523,0
1001491,3,8123.54,22077.7,70540.71,1,545,1
1001492,0,7291.08,20956.87,58470.24,5,796,0
1001493,3,7340.75,33747.03,67111.51,3,754,0
1001494,5,657.83,27345.86,84460.12,1,518,1
1001495,1,12388.74,0.0,74197.2,0,413,0
1001496,3,1533.41,22932.37,88508.67,2,621,0
1001497,5,8710.09,18056.97,55254.53,7,793,0
1001498,4,7330.07,33097.57,51802.32,0,650,1
1001499,3,500.0,0.0,41096.87,4,479,0
1001500,0,11597.66,27514.6,33467.02,6,621,0
1001501,0,8204.86,21719.46,60174.79,10,609,0
1001502,1,17062.77,27739.07,70515.72,4,675,0
1001503,2,17055.51,24620.78,65180.71,3,701,0
1001504,3,4070.52,0.0,69322.05,1,516,1
1001505,4,500.0,28154.74,110098.48,9,632,0
1001506,4,8085.12,19592.1,47420.7,10,625,0
1001507,1,12625.74,10725.48,63867.0,4,481,0
1001508,2,7234.02,31097.2,59500.17,8,629,0
1001509,4,16980.77,19488.76,51118.4,7,469,1
1001510,4,8790.77,39468.18,96347.16,8,494,1
1001511,1,4572.3,32668.16,68673.91,3,534,1
1001512,1,6946.93,6932.35,94379.82,5,838,0
1001513,2,9079.99,29215.2,46790.19,8,431,0
1001514,1,13546.79,19977.01,106882.35,0,787,0
1001515,1,5429.3,19683.52,114681.11,2,503,1
1001516,2,8412.37,18250.31,51964.05,1,827,0
1001517,0,11539.17,31995.23,69197.01,1,465,1
1001518,0,6503.43,10557.54,66827.87,1,678,0
1001519,5,8659.84,25132.23,80606.67,0,613,1
1001520,3,12642.66,1893.98,43434.11,0,508,0
1001521,2,10683.0,23831.38,78802.14,4,565,0
1001522,2,11962.88,5115.78,83997.28,6,588,0
1001523,4,5420.33,5015.36,57470.24,8,667,0
1001524,2,1090.35,19465.67,24189.95,8,732,0
1001525,5,3706.93,6749.64,55880.0,5,532,0
1001526,4,6092.06,32972.44,61591.34,5,577,0
1001527,1,10564.02,7065.92,84785.9,9,423,0
1001528,3,6011.86,38847.51,57128.24,3,522,1
1001529,0,4236.08,29659.94,46514.09,6,554,0
1001530,2,5899.97,21143.12,81866.93,4,765,0
1001531,3,9640.41,27451.83,76951.56,5,742,0
1001532,5,5927.36,22454.92,84214.92,0,750,0
1001533,1,13529.23,47850.13,70477.07,5,521,1
1001534,4,10992.55,25931.28,90690.59,8,503,1
1001535,5,9627.98,13086.66,79813.31,0,587,1
1001536,2,4946.95,24558.79,33865.24,1,597,0
1001537,0,16584.21,16021.78,73553.18,6,742,0
1001538,3,9992.38,19213.82,85044.95,10,791,0
1001539,4,12917.81,13087.84,70328.43,2,588,1
1001540,2,10813.89,13735.72,98818.5,0,503,1
1001541,0,6138.59,29975.51,60495.9,0,800,0
1001542,3,6216.02,19533.6,83569.92,2,645,0
1001543,1,6418.48,29085.8,45032.14,1,814,0
1001544,3,12206.79,16423.68,69619.64,5,580,0
1001545,1,10524.36,18995.18,58637.05,1,545,0
1001546,3,500.0,14474.44,49610.95,4,434,0
1001547,5,10996.55,35219.37,43499.74,6,734,1
1001548,0,500.0,39393.01,74105.29,0,627,0
1001549,3,5148.45,19021.88,78197.96,3,520,0
1001550,4,14454.44,30630.05,56944.55,0,605,0
1001551,3,8212.55,3106.56,44894.89,3,469,1
1001552,3,6760.85,5114.28,52107.26,9,838,0
1001553,0,500.0,28769.5,84848.45,4,601,1
1001554,2,11335.87,0.0,45597.29,4,540,0
1001555,1,6642.14,52993.57,92410.26,10,674,0
1001556,2,7504.99,32032.98,36269.05,4,760,0
1001557,5,1473.78,40587.05,75242.9,2,822,0
1001558,0,3085.47,19099.81,82993.38,7,710,0
1001559,3,7564.4,4169.37,94091.72,3,472,0
1001560,3,500.0,9681.6,61092.43,8,593,0
1001561,4,11499.49,9841.77,54381.99,2,723,0
1001562,2,11405.81,30168.66,41227.32,3,772,0
1001563,3,2654.73,7921.3,87874.63,3,618,0
1001564,3,3296.95,10568.95,67113.52,5,785,0
1001565,1,8394.06,38711.23,60510.94,3,466,0
1001566,0,7849.1,5787.72,61315.11,1,560,0
1001567,5,3676.22,12672.26,74774.16,9,838,0
1001568,4,7313.82,36358.25,70358.27,9,495,0
1001569,1,2508.21,49824.94,93304.77,10,716,0
1001570,2,500.0,697.95,26687.85,9,501,0
1001571,1,11721.38,0.0,86614.24,4,465,0
1001572,0,10016.27,11916.45,59079.86,0,478,1
1001573,3,1316.22,22700.9,68169.28,9,809,0
1001574,3,7973.3,19691.42,63452.98,2,842,0
1001575,0,8609.52,13578.26,68043.96,1,453,1
1001576,5,15607.46,4916.16,84858.66,4,721,0
1001577,4,14377.4,30274.79,74189.1,5,449,1
1001578,0,15184.9,14097.26,40919.86,7,771,0
1001579,4,6235.14,12432.94,68429.07,9,554,0
1001580,4,13338.63,20716.01,67824.15,0,428,0
1001581,2,4434.83,37530.03,77210.82,0,823,0
1001582,4,2919.32,22368.97,70609.65,9,815,0
1001583,3,18797.81,51086.89,68191.93,10,422,1
1001584,2,3286.41,16446.28,90315.85,5,580,0
1001585,2,14604.96,27570.63,48040.61,4,814,0
1001586,2,5375.13,0.0,113411.04,7,563,0
1001587,0,4787.31,12522.07,58549.74,5,678,1
1001588,2,17313.68,19987.8,49120.41,5,793,0
1001589,0,500.0,11930.91,85508.98,10,437,0
1001590,2,8152.03,10957.77,91337.06,3,625,0
1001591,2,10323.31,13645.6,94870.57,10,659,0
1001592,5,4026.67,8690.8,99037.94,0,817,0
1001593,0,2545.0,13871.8,79419.32,2,611,0
1001594,2,3006.51,21224.99,71165.11,10,778,0
1001595,1,18763.01,24774.39,77425.85,5,657,0
1001596,5,500.0,7453.38,69827.98,1,599,0
1001597,2,2069.09,17853.82,59050.17,8,734,0
1001598,2,5956.91,10711.58,102000.13,1,783,0
1001599,3,926.25,31226.67,106260.26,5,708,0
1001600,4,11608.35,41127.49,70088.1,0,682,0
1001601,3,3105.04,22703.6,65337.39,10,849,0
1001602,4,5368.54,25353.53,60119.96,2,674,0
1001603,1,7193.41,17167.07,36280.68,2,477,0
1001604,3,3459.53,26266.22,56397.17,4,815,0
1001605,4,9466.25,17910.91,59630.83,10,768,0
1001606,2,500.0,5233.24,69568.67,7,571,0
1001607,4,6965.63,35301.18,49946.38,6,590,0
1001608,5,11766.96,47330.64,31933.12,5,702,1
1001609,3,12665.69,27950.25,83042.01,6,755,0
1001610,5,1036.33,20405.61,104429.03,8,719,0
1001611,4,500.0,26159.02,27415.35,7,803,0
1001612,1,17893.89,40595.89,67256.72,7,439,1
1001613,1,12213.41,14899.85,87128.88,2,847,0
1001614,2,500.0,29333.92,46683.52,4,624,0
1001615,5,12423.11,22615.72,41293.54,4,525,0
1001616,5,9179.96,0.0,70699.7,4,503,1
1001617,3,10212.6,16238.58,65366.53,2,608,0
1001618,5,15479.83,27340.88,57299.17,5,541,1
1001619,1,6999.5,24797.27,102917.47,8,825,0
1001620,2,10917.62,19140.31,100034.07,2,628,0
1001621,4,5414.57,5564.94,83189.5,3,826,0
1001622,1,15531.25,23603.07,68768.01,1,706,0
1001623,3,10965.88,22701.91,63606.2,1,573,0
1001624,1,14232.31,27103.43,87840.46,9,585,0
1001625,3,10134.33,42094.98,65491.85,9,824,0
1001626,1,1162.84,21131.12,99977.78,4,699,0
1001627,2,7589.29,33797.02,95183.83,3,587,1
1001628,2,7424.07,26487.5,58173.67,4,739,0
1001629,4,9292.85,53811.89,85513.29,10,574,1
1001630,5,3492.26,26738.93,101677.15,10,504,1
1001631,4,4779.0,52455.1,83464.79,4,743,0
1001632,1,4691.68,8711.84,51480.05,6,445,0
1001633,3,1637.95,6136.58,65065.47,7,616,0
1001634,0,8987.21,26536.57,63654.71,4,590,0
1001635,0,4110.76,19100.78,72911.13,8,606,0
1001636,3,14482.96,36500.19,71150.73,1,502,1
1001637,1,4875.99,30547.03,63504.97,5,579,0
1001638,5,500.0,30768.04,87758.86,5,462,1
1001639,5,8229.03,11478.02,97699.28,10,599,0
1001640,1,13578.16,20568.92,59389.07,5,734,0
1001641,2,13603.49,31138.82,41189.02,8,469,1
1001642,3,3731.95,14164.55,78168.07,8,474,0
1001643,3,5515.71,21167.76,70887.4,9,435,0
1001644,4,5936.06,35625.08,79242.69,6,776,0
1001645,0,9932.46,20558.68,57167.54,5,742,0
1001646,3,5052.32,23927.24,76709.12,6,427,1
1001647,3,500.0,35727.52,52699.59,1,658,1
1001648,0,12779.07,26506.04,92750.68,5,615,0
1001649,3,10501.17,3518.79,104608.24,1,705,0
1001650,1,1762.48,22571.0,52405.35,10,573,0
1001651,4,6645.71,21446.92,19085.79,1,763,1
1001652,3,5070.61,25227.47,61289.43,3,632,0
1001653,5,2532.69,48681.01,60576.0,5,509,1
1001654,1,8482.12,34900.13,75056.6,6,630,0
1001655,2,1680.02,22929.61,71579.8,10,511,0
1001656,3,6704.08,13198.43,81087.44,1,630,0
1001657,1,10845.53,31376.17,125511.24,6,531,0
1001658,2,11815.54,23453.72,60091.35,8,599,0
1001659,0,16934.07,36940.69,63793.4,4,542,1
1001660,3,8230.24,25031.24,79953.7,5,639,0
1001661,2,10319.24,33226.45,34306.47,1,744,0
1001662,3,10501.35,11521.8,87064.68,3,712,0
1001663,2,4555.97,19049.13,58899.42,4,573,0
1001664,3,500.0,21802.93,42621.76,8,629,0
1001665,5,2519.16,11264.82,54461.2,2,551,0
1001666,5,500.0,25858.93,81463.1,0,545,0
1001667,3,7990.93,16612.67,88252.42,5,689,0
1001668,3,15242.19,16752.84,96400.08,4,754,0
1001669,4,11144.6,12738.82,80231.29,5,490,0
1001670,2,19135.04,20034.04,57042.4,1,521,1
1001671,4,9423.96,1427.68,82643.42,10,455,1
1001672,0,20671.67,31896.96,69953.06,3,847,0
1001673,0,17229.71,26019.0,118339.48,4,716,0
1001674,0,11509.04,27956.89,30404.81,3,478,1
1001675,1,16963.75,36155.61,103841.73,9,743,0
1001676,0,5545.58,24402.16,87030.54,10,543,0
1001677,3,1906.6,17470.67,79816.03,0,539,0
1001678,5,10351.07,37067.33,69830.84,0,624,0
1001679,0,15788.92,16444.44,60456.2,3,689,0
1001680,3,11451.63,22945.4,52417.88,8,699,0
1001681,0,11759.31,0.0,40559.8,7,423,0
1001682,4,8321.13,14461.95,112535.55,0,736,0
1001683,4,5059.79,20675.27,90533.88,4,587,0
1001684,5,11290.61,28778.73,85273.17,10,813,0
1001685,4,11770.73,27210.99,79088.18,0,664,0
1001686,4,5674.47,32482.26,33493.89,10,822,0
1001687,0,14598.37,14139.34,66299.32,3,520,0
1001688,0,16825.94,14099.17,74330.69,7,701,0
1001689,0,500.0,23348.09,95086.39,6,562,0
1001690,5,10083.86,11230.51,51867.72,1,788,0
1001691,5,1205.08,15971.9,77379.4,10,678,0
1001692,2,5899.45,21427.75,67190.56,3,741,0
1001693,2,8412.88,0.0,72568.99,2,669,0
1001694,0,11512.91,1615.53,56383.67,0,746,0
1001695,1,10811.47,25545.68,79230.69,0,476,0
1001696,0,11603.61,11960.56,73638.88,10,509,0
1001697,4,9341.42,29584.37,34632.45,8,721,0
1001698,1,4285.18,14695.91,96329.24,7,489,0
1001699,4,9837.52,8069.02,116022.95,6,443,0
1001700,5,6200.89,27893.54,54523.21,1,655,1
1001701,5,11105.82,17354.19,95104.39,3,837,0
1001702,3,7507.86,24856.8,52528.08,10,545,0
1001703,0,8458.13,12335.6,61554.45,4,497,0
1001704,4,500.0,10762.68,107369.44,2,729,0
1001705,4,9639.3,16433.27,76178.61,3,520,0
1001706,4,5386.05,10910.15,102521.15,6,751,0
1001707,2,9110.61,18107.48,78077.72,7,496,0
1001708,3,6022.08,8194.47,92476.31,2,491,0
1001709,1,17238.34,24434.24,68957.07,9,847,0
1001710,0,14534.69,29609.18,100969.77,4,673,0
1001711,2,18619.46,25862.61,108076.84,3,534,0
1001712,2,5139.29,5053.13,85918.84,4,607,0
1001713,0,10506.81,34995.59,61044.32,10,676,0
1001714,5,7231.3,0.0,65017.54,6,428,1
1001715,0,4359.74,22744.86,53520.14,4,846,0
1001716,1,10765.45,21437.73,84531.69,9,620,0
1001717,0,4310.53,29350.93,82869.24,5,828,0
1001718,3,19458.12,12146.25,58499.36,0,758,1
1001719,4,7351.75,14184.06,90835.46,2,426,1
1001720,4,11577.78,34069.18,60942.3,10,762,0
1001721,4,5992.9,33799.02,108898.06,0,638,0
1001722,0,7217.32,8020.25,89031.68,7,798,0
1001723,1,5910.83,16837.4,104350.15,2,674,0
1001724,4,14993.78,10790.24,58312.48,1,531,1
1001725,1,13527.57,0.0,52660.62,2,719,0
1001726,4,10473.63,33760.27,36077.67,3,534,1
1001727,4,5276.33,12315.36,85542.37,4,556,0
1001728,0,8488.3,20903.24,50148.55,9,668,0
1001729,2,11176.15,23183.09,99518.71,5,553,0
1001730,2,3715.78,4746.71,75555.35,5,822,0
1001731,2,10148.88,31008.14,87959.56,9,409,0
1001732,4,500.0,12190.52,47048.35,8,578,0
1001733,5,5049.86,2733.33,60863.4,3,423,1
1001734,0,5421.17,24176.52,76403.3,2,726,0
1001735,3,6602.54,22156.54,87477.49,8,651,0
1001736,0,16935.62,13677.42,47015.83,6,473,0
1001737,3,839.11,19502.21,79610.48,2,441,1
1001738,4,8964.91,40406.26,56233.32,8,738,0
1001739,3,5494.29,28504.54,88982.85,5,497,0
1001740,0,2647.58,20281.16,68228.2,9,781,0
1001741,0,4604.5,15837.05,66834.3,0,555,0
1001742,5,751.12,42194.35,81504.3,3,651,0
1001743,2,9440.07,14956.04,95889.03,9,439,0
1001744,3,9889.74,0.0,67974.75,6,632,0
1001745,4,1885.22,34809.07,97252.54,3,421,0
1001746,0,9026.86,14205.87,52877.32,3,506,0
1001747,3,7702.02,0.0,78451.63,7,818,0
1001748,5,500.0,3379.59,50460.06,10,841,0
1001749,5,6871.2,3865.6,77051.66,6,600,0
1001750,4,4224.62,0.0,54591.65,3,810,0
1001751,1,2813.48,11066.8,73481.51,5,498,1
1001752,3,1727.31,12977.42,85199.29,9,668,0
1001753,2,500.0,39729.09,53524.45,2,721,1
1001754,0,2185.02,19089.33,37797.8,9,802,0
1001755,1,500.0,13137.81,69281.0,9,412,0
1001756,3,10767.44,18105.0,83169.61,3,671,0
1001757,1,2538.34,22446.89,77376.8,5,516,0
1001758,1,11615.34,31999.5,54636.62,5,579,1
1001759,0,5781.52,35835.24,89398.3,1,833,0
1001760,4,8622.16,0.0,66961.43,7,697,0
1001761,1,4451.43,2432.33,87995.22,1,805,0
1001762,4,5417.41,19890.94,55113.32,10,492,1
1001763,0,8164.69,43140.14,81497.47,5,689,0
1001764,1,5700.02,14187.8,96152.13,4,818,0
1001765,2,10275.33,33147.27,59484.37,6,449,1
1001766,3,1487.21,13411.47,66876.17,0,794,0
1001767,2,3660.83,13394.29,85046.8,3,548,0
1001768,3,500.0,17020.74,83094.45,5,594,0
1001769,4,15385.16,36788.35,79747.89,2,420,1
1001770,2,15334.48,14384.09,70201.48,4,779,0
1001771,4,7790.17,21035.73,41494.36,9,505,0
1001772,5,9549.27,24128.82,72505.65,1,847,0
1001773,3,5684.53,31176.96,46884.46,7,419,0
1001774,4,6495.88,20899.4,74252.36,0,456,1
1001775,3,17706.02,30895.56,26006.03,1,463,1
1001776,5,9391.4,40537.62,101148.64,3,708,0
1001777,2,7637.34,29757.24,110380.89,8,688,0
1001778,5,5798.75,15739.62,81385.36,8,498,0
1001779,1,9837.65,18593.33,55671.46,0,452,1
1001780,5,10816.8,23596.91,66490.48,9,524,1
1001781,3,4967.34,17072.48,90162.76,9,477,0
1001782,0,6715.21,6824.16,85595.01,7,725,0
1001783,3,11215.65,9048.27,58630.56,9,807,0
1001784,1,8444.38,13576.57,96346.34,6,597,0
1001785,5,5399.98,0.0,86880.55,1,556,1
1001786,3,9039.64,55200.11,83113.84,8,639,0
1001787,4,8204.04,30559.39,65475.53,10,555,0
1001788,2,6863.13,13490.39,72428.37,3,488,0
1001789,0,5408.27,11329.67,58348.73,9,446,1
1001790,3,9732.59,35002.34,76186.5,5,696,0
1001791,3,5299.45,3359.98,59330.08,1,760,0
1001792,3,2083.8,7974.42,95711.85,6,638,0
1001793,0,3734.51,32735.05,73220.95,7,707,0
1001794,0,7213.82,19344.93,76615.75,9,459,1
1001795,3,3948.27,29614.88,78979.95,5,650,0
1001796,2,1523.98,21588.04,78802.3,10,705,0
1001797,5,12621.57,20283.24,44166.38,1,681,1
1001798,1,500.0,12556.9,97817.03,7,418,0
1001799,4,3638.93,26081.28,74334.87,2,452,1
1001800,1,12768.78,23176.99,61505.74,7,844,0
1001801,0,4267.31,23084.12,53177.24,2,523,1
1001802,3,5495.46,15169.68,58868.57,8,510,0
1001803,2,500.0,34733.72,60248.4,7,666,0
1001804,2,7626.42,21152.23,72631.77,5,732,0
1001805,1,500.0,27550.19,55307.53,6,829,0
1001806,1,11552.7,6275.94,74541.52,10,737,0
1001807,3,5189.52,438.43,75246.46,10,769,0
1001808,2,10494.82,29131.6,58642.11,6,814,0
1001809,4,5111.5,12466.53,116149.11,3,691,1
1001810,2,1021.46,10204.13,69972.11,3,676,0
1001811,4,4001.57,24698.07,78965.27,5,637,0
1001812,2,14441.86,36332.54,74485.8,6,498,1
1001813,2,8732.69,16995.91,69107.27,4,414,1
1001814,1,6686.47,16778.08,85621.74,5,462,1
1001815,3,13729.2,25636.69,99570.83,4,802,0
1001816,2,500.0,26922.0,70780.4,1,543,0
1001817,1,5850.91,21114.91,55195.91,6,437,0
1001818,0,12397.9,0.0,83020.39,7,469,0
1001819,5,3071.77,29553.52,29499.52,8,465,1
1001820,2,9632.52,11004.84,75264.78,8,574,0
1001821,5,5808.63,45395.59,68396.98,7,715,0
1001822,2,14624.44,12019.79,78553.31,1,764,0
1001823,0,10698.2,22980.0,42172.38,1,767,0
1001824,5,8866.79,19676.53,63408.34,2,832,0
1001825,3,6416.8,22740.95,51693.03,3,756,0
1001826,5,4683.2,50434.32,61312.22,2,525,1
1001827,4,893.78,17299.29,83606.26,6,608,0
1001828,1,2892.97,32656.1,68007.59,2,694,0
1001829,1,500.0,20447.6,60054.67,8,486,0
1001830,2,6663.23,16148.02,95272.97,6,712,0
1001831,0,9407.64,29545.8,72064.48,9,423,0
1001832,1,18108.46,24451.13,31691.1,4,507,1
1001833,0,9577.16,18197.13,51084.7,3,785,0
1001834,3,15535.95,8699.53,79807.91,10,549,0
1001835,4,2544.78,25485.59,80289.07,5,841,0
1001836,1,4410.02,61339.11,75977.7,9,779,0
1001837,0,9649.96,18793.72,76721.08,0,516,0
1001838,1,4183.63,28014.19,53733.72,9,815,0
1001839,2,11970.05,13413.45,69589.26,5,791,0
1001840,2,12137.39,62141.2,47938.63,8,843,1
1001841,4,7013.0,3262.96,54842.32,3,586,0
1001842,4,5458.02,13399.92,53319.46,2,809,0
1001843,0,6455.29,0.0,54687.83,5,545,0
1001844,2,3585.41,28746.37,64477.05,1,565,0
1001845,4,15908.0,22297.92,66696.12,6,631,0
1001846,5,7932.98,25588.18,55308.7,9,568,0
1001847,2,15469.65,20289.8,92395.3,1,411,0
1001848,2,3073.44,39221.07,62044.9,6,726,0
1001849,2,17390.34,36988.42,101327.38,0,604,0
1001850,5,5624.0,34543.83,90716.1,4,770,0
1001851,2,7255.2,0.0,46985.34,7,496,0
1001852,2,10860.55,9491.15,88376.29,5,508,0
1001853,2,13350.38,21750.78,43235.36,7,723,0
1001854,3,15234.41,31116.77,99328.02,10,717,0
1001855,5,8480.05,0.0,77200.33,10,630,0
1001856,2,2912.96,39591.35,51095.64,3,674,0
1001857,4,15618.21,24525.66,27419.04,5,792,0
1001858,2,7144.39,39706.1,62688.0,9,797,0
1001859,2,2101.74,6376.09,43845.89,0,805,0
1001860,1,1462.97,11204.62,92077.87,5,847,0
1001861,0,5814.5,7851.56,45875.72,0,548,0
1001862,0,500.0,12900.96,65843.63,0,761,0
1001863,3,6379.51,11055.19,80004.15,10,532,0
1001864,3,5158.22,0.0,70507.03,10,792,0
1001865,5,15152.24,36055.94,75402.77,8,824,0
1001866,1,11794.78,26932.68,65330.95,6,602,0
1001867,5,6909.04,10470.69,84430.54,1,631,0
1001868,2,500.0,0.0,51785.83,3,460,0
1001869,0,2050.71,34356.68,81364.75,4,450,0
1001870,5,5434.19,0.0,46394.91,3,495,0
1001871,2,10939.97,6981.91,73601.37,2,428,1
1001872,5,500.0,5005.65,47634.1,9,585,0
1001873,2,6015.74,11408.71,66069.75,8,846,0
1001874,5,500.0,25826.41,81617.86,9,721,0
1001875,2,14662.66,30644.07,94396.95,8,664,0
1001876,4,5456.12,24044.63,34517.67,8,731,1
1001877,0,2746.43,6187.44,54861.82,10,432,0
1001878,1,8300.63,35952.05,50758.29,9,698,0
1001879,1,3905.26,34623.49,93855.82,7,634,0
1001880,3,5160.27,29691.43,52865.38,8,458,0
1001881,3,7966.17,48870.41,83817.45,4,631,0
1001882,1,4734.63,7341.93,59758.6,3,702,0
1001883,4,4602.64,10972.65,41474.57,10,600,1
1001884,4,15737.66,10772.82,72083.47,10,816,0
1001885,4,7866.76,12713.18,47432.8,4,829,0
1001886,3,4557.02,27996.87,84278.16,0,568,1
1001887,4,15485.95,22695.12,86188.2,8,828,0
1001888,5,10226.82,15304.9,96122.44,1,515,1
1001889,4,14528.77,34128.2,49845.58,2,463,1
1001890,3,4750.97,19172.77,100877.54,0,695,0
1001891,0,7045.84,13394.03,88895.26,3,475,1
1001892,2,10188.76,12544.18,34463.81,4,549,0
1001893,1,11286.08,4374.02,113512.19,6,588,0
1001894,1,5860.89,17328.98,103041.59,7,712,0
1001895,2,17722.49,9618.29,49327.3,3,777,0
1001896,4,2316.73,18727.6,76284.53,4,803,0
1001897,1,10734.49,24593.08,43317.63,9,684,0
1001898,1,6652.71,25617.29,67137.21,8,834,0
1001899,2,6596.5,14575.96,73447.01,5,731,0
1001900,1,7179.42,42945.79,81993.38,6,795,0
1001901,2,19451.85,6119.79,53514.64,10,663,0
1001902,5,4477.1,28560.94,69243.1,2,460,0
1001903,2,500.0,20326.65,51389.39,6,501,0
1001904,1,13388.29,23437.88,77328.56,7,591,0
1001905,0,9465.81,11810.62,82882.43,6,770,0
1001906,5,10051.29,10586.58,71198.51,10,591,0
1001907,5,11433.72,27691.12,92454.63,5,414,1
1001908,1,17326.25,0.0,84685.15,5,599,0
1001909,5,4118.18,21596.66,77105.28,2,717,0
1001910,2,6243.19,2307.3,92702.83,1,846,0
1001911,3,11743.83,0.0,45223.29,3,494,1
1001912,5,6536.76,20825.75,69041.42,5,545,1
1001913,1,8944.84,13094.25,34747.53,9,616,0
1001914,5,1529.21,43329.58,69398.79,10,624,0
1001915,2,5009.59,0.0,60467.97,7,839,0
1001916,0,11825.37,21725.57,86089.58,3,584,0
1001917,5,500.0,21202.25,61021.37,8,646,1
1001918,0,9752.09,21976.17,57107.81,2,519,1
1001919,3,500.0,14261.72,67884.93,4,433,1
1001920,3,19743.03,422.06,67145.52,5,581,0
1001921,4,13817.83,28781.62,79933.23,2,597,0
1001922,4,15821.42,28940.05,52490.33,9,484,0
1001923,4,16022.26,24615.44,40118.37,8,700,1
1001924,4,3458.88,23248.31,38302.09,8,554,0
1001925,5,8169.53,34422.76,92512.75,4,433,1
1001926,5,3326.05,31773.68,44818.91,8,645,1
1001927,3,10607.81,28330.65,60593.13,8,519,0
1001928,0,6501.32,12378.3,47915.11,7,730,0
1001929,0,10370.11,32183.38,87184.65,0,416,1
1001930,4,5367.17,9466.16,58608.5,0,748,0
1001931,3,8585.85,24657.5,94045.66,3,647,0
1001932,4,3599.21,7915.51,55839.78,0,731,0
1001933,5,5111.59,18022.91,75643.62,7,576,1
1001934,4,4012.82,29503.82,84762.24,6,798,0
1001935,0,6580.72,16236.57,88908.96,10,631,0
1001936,2,10179.13,31431.47,46188.35,6,849,0
1001937,0,13412.1,14248.06,62525.87,2,539,1
1001938,1,3483.86,40083.99,68208.39,2,787,0
1001939,0,11857.92,18093.15,33619.63,10,698,0
1001940,5,3596.89,51377.0,83888.68,2,817,0
1001941,0,15126.85,28640.13,77533.0,7,484,0
1001942,0,7736.71,19525.87,79900.52,6,635,0
1001943,0,3594.68,6468.17,42258.88,2,809,0
1001944,0,7119.98,14934.23,73471.03,5,516,0
1001945,4,11869.8,43752.42,78469.9,0,833,1
1001946,2,7970.86,4944.19,90212.13,8,836,0
1001947,3,10367.72,1117.41,59521.14,10,626,0
1001948,5,7722.19,23594.26,83250.76,8,730,0
1001949,4,19008.45,35153.76,108703.52,7,614,0
1001950,2,13060.63,15446.12,61255.92,7,699,0
1001951,3,9321.96,9620.34,61723.79,7,788,0
1001952,3,10025.4,17309.05,63460.56,0,736,0
1001953,2,19328.66,17392.19,40359.41,4,536,1
1001954,3,9784.97,33536.32,62693.7,8,664,0
1001955,4,9097.57,42656.92,102031.92,0,763,0
1001956,5,3114.53,18210.54,51513.21,4,665,0
1001957,1,12860.12,10041.91,66064.95,5,535,0
1001958,4,4968.98,5538.24,93566.72,8,741,0
1001959,2,7098.09,0.0,81091.61,7,726,0
1001960,4,19283.25,19094.56,74429.09,5,689,0
1001961,2,3724.93,1163.9,63298.91,3,555,0
1001962,0,13109.13,28539.33,67645.07,3,657,0
1001963,4,5644.18,17130.2,70150.28,10,674,0
1001964,4,500.0,11451.57,83531.9,9,502,0
1001965,4,4579.7,37286.99,71482.0,8,818,0
1001966,0,4787.8,0.0,88535.45,1,671,0
1001967,3,7192.5,30844.34,33055.08,0,432,1
1001968,0,6069.9,21220.97,86163.39,3,527,0
1001969,3,5684.1,23047.35,59494.94,3,765,0
1001970,0,6699.39,19769.42,70195.47,9,715,0
1001971,1,13296.64,6203.47,61587.5,9,648,0
1001972,3,11753.49,27216.56,82663.84,2,627,1
1001973,3,3865.09,34321.38,67634.84,8,575,0
1001974,5,8060.54,0.0,82336.15,5,825,0
1001975,5,5615.31,21117.98,54074.3,8,563,1
1001976,0,13472.2,18454.6,73733.5,3,776,0
1001977,2,553.98,16311.42,94252.33,2,438,0
1001978,5,10619.93,24808.59,92021.8,0,644,0
1001979,4,11410.01,17474.42,62953.59,9,522,1
1001980,4,5991.47,14982.93,72822.52,8,595,0
1001981,3,5469.42,34259.53,62705.03,7,684,0
1001982,3,9565.02,8157.88,67646.96,7,437,1
1001983,3,500.0,14918.42,70353.01,4,451,0
1001984,5,4269.04,14708.96,93944.43,10,664,1
1001985,3,660.7,10108.21,81534.36,7,704,0
1001986,2,10026.48,13458.14,98839.26,8,435,0
1001987,0,2726.41,36709.1,100371.31,2,834,0
1001988,5,6040.69,9690.18,45031.24,1,601,1
1001989,1,500.0,49998.14,76132.06,9,842,0
1001990,0,4777.11,660.82,61241.5,10,468,0
1001991,1,12866.38,0.0,38146.52,0,801,0
1001992,2,9794.17,11257.49,48737.68,1,693,0
1001993,3,14416.6,4346.07,60124.61,2,765,0
1001994,1,500.0,34741.62,103047.33,9,765,0
1001995,4,500.0,25207.39,71769.71,7,486,0
1001996,0,16532.79,6702.1,66390.28,3,482,0
1001997,4,9930.68,17213.74,69491.64,4,837,0
1001998,3,963.17,15853.9,55284.5,9,599,0
1001999,1,12063.21,51420.56,73472.74,9,497,0
1002000,4,10270.92,21379.54,68270.52,3,687,0
1002001,2,9890.61,22889.85,37942.11,9,792,0
1002002,5,10434.86,26098.48,59610.85,10,529,0
1002003,0,12271.62,22411.46,136247.58,7,796,0
1002004,0,11054.62,19626.24,82522.66,3,436,0
1002005,3,9341.2,9214.05,68176.74,3,683,0
1002006,0,10493.64,20732.35,83214.21,7,574,0
1002007,2,9306.64,22144.15,50954.19,4,638,0
1002008,3,8438.63,3411.38,71877.31,5,676,0
1002009,1,8143.93,20583.15,87368.75,3,496,0
1002010,1,6544.13,4426.65,38518.11,8,429,0
1002011,1,8917.78,0.0,55663.94,3,638,0
1002012,0,11480.14,18708.31,62245.03,2,830,0
1002013,5,7360.14,25875.25,64560.17,0,536,1
1002014,4,7387.17,30925.11,60056.52,5,655,0
1002015,2,16476.97,12813.4,75465.97,2,463,0
1002016,1,17046.94,1846.4,90145.34,9,560,0
1002017,5,8648.41,8727.86,76891.54,7,464,1
1002018,1,4345.31,16423.5,90246.38,5,457,1
1002019,1,15195.61,18183.45,90649.91,5,762,0
1002020,2,500.0,25240.14,58421.01,10,808,0
1002021,1,15693.66,17332.22,75474.63,3,816,0
1002022,3,14346.7,32334.77,62784.11,8,731,0
1002023,4,5525.14,11823.83,83045.16,3,470,0
1002024,0,7284.49,25230.32,63282.23,5,818,0
1002025,5,2705.03,27334.5,66500.72,1,413,0
1002026,2,8844.16,24281.03,103445.18,10,527,0
1002027,0,2413.15,26043.7,66670.38,0,524,0
1002028,0,884.01,6381.08,39585.47,3,737,0
1002029,5,8795.73,30255.63,72507.53,1,467,1
1002030,2,4717.06,13398.52,75974.2,10,836,0
1002031,3,7285.64,17391.45,60257.73,6,491,0
1002032,0,6365.02,7322.44,71543.11,4,789,0
1002033,5,4004.3,24067.23,90166.62,10,666,0
1002034,5,8813.3,14253.86,60031.84,9,518,1
1002035,5,3147.05,11330.94,66512.31,7,595,0
1002036,4,10129.89,27897.04,56321.43,5,458,1
1002037,2,4983.13,10383.55,76670.1,3,598,0
1002038,1,13780.73,24018.67,67743.58,4,714,0
1002039,5,5367.23,21872.31,52127.38,6,499,1
1002040,2,11079.01,26102.2,67171.91,7,834,0
1002041,1,12173.38,20264.49,106005.38,1,702,0
1002042,3,7246.74,4989.53,36846.42,1,570,0
1002043,2,1499.8,21457.47,43149.25,0,536,1
1002044,0,11385.66,24163.79,76815.01,6,751,0
1002045,2,1256.06,42371.17,43120.03,0,584,1
1002046,0,9715.4,42262.16,108403.05,6,825,0
1002047,1,500.0,30374.07,41094.65,6,613,1
1002048,5,5595.86,31623.07,44728.02,5,718,0
1002049,2,7024.02,0.0,60192.0,6,808,0
1002050,1,4698.18,13315.75,91342.8,5,828,0
1002051,4,8762.56,6566.7,85927.27,1,517,1
1002052,3,10477.15,27088.68,81390.01,7,599,0
1002053,0,8304.36,26309.36,76064.68,10,726,0
1002054,0,8664.82,26416.43,95671.05,5,589,0
1002055,2,14405.54,26920.61,34726.47,1,545,1
1002056,2,11395.59,24220.85,75670.15,7,682,1
1002057,3,9567.59,18508.05,98201.02,5,804,0
1002058,3,4975.46,12743.55,49403.41,7,614,0
1002059,1,2003.27,28452.92,76519.0,7,582,0
1002060,3,4553.94,19928.45,94162.86,2,745,0
1002061,3,12200.67,32733.62,94701.29,0,631,1
1002062,1,8222.88,14496.0,67616.28,3,545,0
1002063,1,11209.21,16562.92,106629.23,2,796,0
1002064,4,814.13,10343.06,80143.89,7,677,0
1002065,3,500.0,27840.2,91190.23,5,706,0
1002066,4,8277.71,9897.49,49362.53,10,768,0
1002067,3,500.0,0.0,55535.27,7,449,0
1002068,2,6031.05,10057.83,55441.85,2,785,0
1002069,4,500.0,11454.64,104750.64,7,468,0
1002070,0,7982.97,19758.47,24773.97,2,413,0
1002071,5,9718.92,15539.21,34460.51,7,846,0
1002072,4,1134.68,35229.54,85855.97,7,531,0
1002073,5,13055.91,23779.96,73147.9,0,420,1
1002074,0,9174.91,31664.09,15000.0,4,719,1
1002075,3,6686.27,36832.53,62557.2,0,541,1
1002076,3,2548.44,32626.5,64315.06,7,592,0
1002077,1,2905.46,31123.51,93878.14,9,832,0
1002078,3,5949.99,14205.07,32988.88,5,660,0
1002079,1,11948.09,25329.55,59951.06,1,414,1
1002080,3,6982.75,18773.84,91056.61,2,708,0
1002081,4,500.0,29376.1,85162.9,3,479,0
1002082,5,500.0,12963.48,52385.73,7,550,0
1002083,4,8710.77,28027.53,64722.96,9,502,1
1002084,2,6099.26,13958.05,41549.19,10,812,0
1002085,4,11794.12,29076.34,96892.37,0,446,1
1002086,3,10117.92,34902.42,61963.48,5,647,0
1002087,5,11882.48,34961.66,95105.21,9,617,0
1002088,4,13473.38,15143.91,85915.25,8,652,0
1002089,3,11997.44,36140.31,53102.9,7,670,0
1002090,3,9280.78,0.0,67518.32,3,453,1
1002091,5,500.0,22142.01,82968.68,4,549,1
1002092,5,11159.77,2886.29,78963.83,0,659,0
1002093,3,12069.52,20315.87,100046.64,2,456,0
1002094,0,10434.43,5749.3,92114.35,3,766,0
1002095,3,1672.34,19610.48,76717.83,5,767,0
1002096,3,10051.76,11513.1,83827.9,0,642,0
1002097,5,12988.4,35541.24,56607.14,9,764,0
1002098,4,10002.6,46367.32,58839.36,2,598,0
1002099,3,5986.75,30636.68,82143.55,2,657,0
1002100,1,500.0,32683.77,76968.17,2,614,0
1002101,4,3500.16,25901.38,48929.97,2,469,0
1002102,0,16896.47,19190.79,68905.44,10,485,0
1002103,5,8150.49,17550.09,54940.4,5,648,0
1002104,1,12789.8,6156.92,59683.85,1,442,1
1002105,2,6867.21,10719.44,95571.33,8,686,0
1002106,3,2065.92,29926.69,52133.93,6,550,0
1002107,4,14426.69,15295.65,57780.77,4,597,0
1002108,0,10387.98,24959.32,81491.21,7,805,0
1002109,1,13903.94,9474.13,71964.1,4,790,0
1002110,2,8337.38,48132.69,73772.63,1,615,0
1002111,2,2039.94,36818.66,42513.85,10,580,0
1002112,2,15186.68,19294.62,70014.69,7,768,0
1002113,5,6304.14,43066.75,63340.76,5,634,0
1002114,3,9562.36,26615.71,54857.76,8,734,0
1002115,5,9504.67,33698.6,59660.29,8,458,1
1002116,4,12278.63,18537.19,64867.99,4,723,0
1002117,5,10299.8,14998.34,86863.81,7,657,1
1002118,3,14787.52,37660.71,107040.45,7,501,1
1002119,4,7309.2,29416.62,72749.46,6,747,0
1002120,3,13240.34,30518.07,99347.28,6,645,0
1002121,5,15832.55,32683.02,72815.22,4,731,0
1002122,1,6570.18,22085.74,41873.0,3,774,0
1002123,5,2399.34,15008.32,71768.58,7,521,0
1002124,2,7393.69,25153.82,95481.21,8,766,0
1002125,3,14322.21,0.0,97781.86,9,847,0
1002126,1,9472.6,21625.02,53567.27,4,637,0
1002127,1,12973.38,34159.33,113961.87,1,726,0
1002128,2,7925.22,17812.73,56395.78,3,749,0
1002129,0,500.0,43105.13,56531.64,2,595,0
1002130,5,3454.45,16375.01,60567.03,5,764,0
1002131,4,859.21,8031.32,98762.43,2,591,0
1002132,3,500.0,27618.91,78468.61,3,800,0
1002133,4,6458.11,18477.73,88344.67,8,753,1
1002134,4,13304.19,28013.7,27715.49,7,646,1
1002135,4,10719.11,12774.16,69710.78,3,485,1
1002136,2,9935.39,27211.94,68562.98,0,774,0
1002137,3,10320.13,21937.27,84257.63,4,691,0
1002138,0,6196.37,23609.15,61687.68,2,661,0
1002139,3,15982.51,32033.65,93870.33,5,726,0
1002140,0,11824.95,11293.19,57448.11,4,848,0
1002141,4,10996.86,18543.62,43782.63,10,636,0
1002142,4,500.0,33927.22,39029.32,6,578,1
1002143,3,12922.4,35315.8,95270.87,0,794,0
1002144,1,13628.37,29206.16,85465.5,10,695,0
1002145,3,7541.12,7151.29,55681.36,2,615,0
1002146,1,500.0,22995.84,92179.92,4,488,0
1002147,1,12544.95,15689.18,67520.93,9,613,0
1002148,4,5606.19,16714.17,68492.46,3,822,0
1002149,3,6354.5,1981.71,42547.88,5,534,0
1002150,0,6041.01,0.0,60226.39,8,832,0
1002151,3,6557.19,32363.14,72966.33,4,815,0
1002152,4,2586.73,30231.68,74810.27,7,782,0
1002153,3,9655.82,3021.64,59997.98,10,548,0
1002154,2,14201.09,16205.58,90106.02,1,759,0
1002155,1,7561.81,21169.66,98728.44,1,716,0
1002156,0,2053.07,13459.74,55233.4,8,805,0
1002157,0,5956.1,26483.87,78658.03,0,589,0
1002158,4,6812.07,15748.37,41412.35,10,682,0
1002159,3,6582.91,3713.48,78897.72,9,822,0
1002160,4,9384.79,15382.45,52245.49,3,812,0
1002161,0,7207.5,25804.28,67922.74,9,827,0
1002162,3,7710.61,9330.1,74261.07,5,452,1
1002163,4,7942.45,29422.51,66239.39,5,421,1
1002164,1,1728.1,33010.59,91141.45,6,449,1
1002165,1,9801.27,27685.03,55927.69,2,848,0
1002166,3,12562.38,27131.7,61918.23,5,592,0
1002167,4,9324.88,19267.81,77246.4,8,675,0
1002168,5,8518.84,26917.89,70307.77,7,592,0
1002169,2,21851.4,11594.41,75875.84,1,440,0
1002170,1,9717.9,0.0,66906.44,4,811,0
1002171,5,18386.45,11901.5,55399.34,4,628,1
1002172,3,3981.31,37765.74,83802.59,4,543,0
1002173,1,3528.43,32726.95,72499.27,1,429,1
1002174,0,500.0,7485.93,88385.36,8,459,0
1002175,0,2491.07,17581.0,96739.99,4,651,0
1002176,5,3033.64,11599.28,64189.73,5,748,0
1002177,4,7333.7,5995.61,56717.76,0,490,0
1002178,4,8832.99,16246.48,62256.7,1,642,0
1002179,4,5988.46,29668.18,58483.43,5,570,1
1002180,3,7826.25,20837.01,32643.74,7,697,0
1002181,2,4170.17,17171.42,102731.88,4,542,0
1002182,1,3075.31,0.0,78963.02,4,799,0
1002183,2,2561.46,46407.5,116054.87,10,674,0
1002184,4,5622.05,6191.27,60260.37,0,485,1
1002185,3,14124.03,20360.97,82482.35,4,772,0
1002186,2,500.0,29911.31,76358.37,7,693,0
1002187,1,11065.01,22255.13,69728.88,5,822,0
1002188,4,11185.29,30104.43,89993.49,9,816,0
1002189,2,5592.49,0.0,71163.21,1,553,0
1002190,0,10603.48,9514.84,69605.21,5,714,0
1002191,3,14861.3,11918.29,74211.97,3,660,0
1002192,0,4124.79,3884.36,28026.86,7,600,0
1002193,1,9092.23,1059.76,57256.04,2,410,1
1002194,1,5275.38,30526.71,56919.32,9,768,0
1002195,0,6352.86,4697.43,102895.66,10,572,0
1002196,3,7473.14,33139.07,82416.94,10,438,1
1002197,5,7467.34,30762.37,86232.83,1,833,0
1002198,1,4515.18,15806.02,83227.01,7,585,0
1002199,0,5191.55,3306.2,67418.86,7,460,0
1002200,1,13614.09,12887.88,102958.85,5,601,0
1002201,5,15519.19,11351.46,67132.77,9,793,0
1002202,4,9556.37,12100.64,43896.01,3,739,0
1002203,5,12177.05,10633.26,83269.27,10,697,0
1002204,1,6132.62,20550.83,93869.86,10,539,0
1002205,2,5489.32,16468.06,73158.09,7,538,0
1002206,0,8905.29,19267.79,78184.29,3,524,0
1002207,5,13542.7,19621.96,89636.01,1,752,0
1002208,3,9006.66,34572.94,100640.32,8,764,0
1002209,0,1162.68,44035.8,82408.28,10,536,0
1002210,4,12552.67,20144.58,103566.54,10,541,0
1002211,3,18690.34,18980.92,76768.79,5,804,0
1002212,0,9749.1,18027.55,111561.95,3,839,0
1002213,2,500.0,31454.32,44686.32,5,444,1
1002214,3,8979.79,28273.72,89404.75,2,521,0
1002215,1,17705.99,21284.56,76742.91,9,460,0
1002216,1,6572.41,18236.09,73516.05,3,566,0
1002217,5,9886.62,26836.35,46566.9,0,740,1
1002218,5,6494.82,32483.46,91906.28,2,667,0
1002219,0,10145.82,14762.77,67463.13,7,606,0
1002220,0,500.0,25103.72,52096.48,7,499,0
1002221,5,4019.14,0.0,59065.24,8,473,0
1002222,1,5961.84,11980.97,66761.82,1,744,0
1002223,0,10255.82,25698.44,73194.22,7,635,0
1002224,2,8444.43,1060.16,53758.41,1,417,1
1002225,4,3616.53,1900.41,53475.85,2,539,0
1002226,2,6192.8,22970.04,79224.66,9,708,0
1002227,1,1745.31,0.0,69855.15,10,651,0
1002228,2,3330.88,16105.44,109087.56,5,730,0
1002229,3,5014.95,44850.36,63107.02,2,737,0
1002230,2,9333.05,24162.85,85550.56,9,457,0
1002231,5,16314.02,40970.02,104760.47,3,787,0
1002232,4,6192.72,38645.84,67390.49,1,672,1
1002233,4,5099.34,10912.5,90207.29,9,434,1
1002234,1,8105.73,17602.63,77056.53,6,831,0
1002235,0,500.0,24481.43,72253.82,10,670,0
1002236,5,11183.73,33191.25,102111.84,8,513,1
1002237,1,12645.37,37167.24,52148.06,2,843,0
1002238,3,3164.49,29306.97,59610.16,7,422,0
1002239,2,4998.8,24034.05,37175.69,5,611,1
1002240,3,16585.09,7406.37,68909.81,6,425,0
1002241,4,8086.48,32596.94,90170.46,9,748,0
1002242,0,5358.47,13104.38,66336.68,6,751,0
1002243,0,4354.28,31851.53,87019.86,5,451,1
1002244,4,16084.23,36042.82,56638.62,4,537,1
1002245,5,7252.4,2735.57,93199.35,2,794,0
1002246,4,3877.59,44193.39,69053.08,3,524,1
1002247,5,9671.86,17757.23,62045.56,4,665,0
1002248,0,16837.69,32998.82,102741.51,1,649,0
1002249,5,2720.7,31391.21,71017.75,6,801,0
1002250,1,500.0,42361.98,82229.18,0,738,0
1002251,1,15789.8,34295.2,73535.62,7,756,0
1002252,4,7992.48,39703.72,84735.42,2,447,0
1002253,1,13608.49,30186.05,73546.55,3,793,0
1002254,3,12081.29,10690.95,48110.95,10,608,1
1002255,4,1519.2,17907.07,76639.35,2,433,0
1002256,5,500.0,28408.91,80386.65,10,450,1
1002257,3,14076.46,31560.85,78657.74,8,724,0
1002258,2,4870.4,21926.18,66820.34,1,801,0
1002259,1,9646.37,11560.56,106037.4,3,495,1
1002260,1,2388.81,5110.87,57219.15,4,538,0
1002261,0,11764.57,21202.58,73563.21,2,525,0
1002262,2,3823.4,56228.37,75262.89,5,802,0
1002263,1,2700.5,18709.24,50391.82,3,551,1
1002264,3,13312.09,14290.7,48330.69,0,696,0
1002265,4,11279.41,27441.04,83952.66,2,669,0
1002266,1,7114.9,28951.12,84164.97,4,589,0
1002267,4,13271.86,21734.4,73885.97,1,686,0
1002268,5,1275.27,0.0,40385.11,7,499,0
1002269,2,13018.53,12011.16,65622.98,4,820,0
1002270,3,15116.94,12627.6,75800.16,4,813,0
1002271,5,11217.93,27683.38,83119.09,2,413,1
1002272,0,6521.46,12649.79,94006.95,5,621,0
1002273,3,3415.82,17390.82,79929.78,7,493,0
1002274,1,8481.82,6896.01,89685.2,9,606,0
1002275,3,2361.04,13544.38,103071.89,1,568,0
1002276,1,8846.78,46690.85,26348.25,6,795,0
1002277,2,6350.96,30159.21,90227.6,3,770,1
1002278,0,6943.94,25332.46,62791.19,1,535,1
1002279,2,9109.78,10096.01,80424.81,10,651,0
1002280,4,3056.39,5553.06,75191.86,4,581,0
1002281,2,7913.85,32514.17,51565.7,5,634,1
1002282,1,8376.74,20092.98,53832.67,5,808,0
1002283,4,500.0,27375.53,79524.81,9,744,0
1002284,0,15436.66,23816.72,67703.22,7,431,0
1002285,2,6657.63,21742.72,85187.3,2,698,0
1002286,1,6948.5,0.0,63753.89,10,749,0
1002287,1,12707.93,31102.92,112321.44,8,536,0
1002288,5,11692.99,41375.15,66249.32,2,735,1
1002289,2,500.0,21170.19,110919.97,0,446,1
1002290,5,17330.12,18202.11,56563.91,10,449,1
1002291,5,16015.8,22891.45,81867.13,10,612,1
1002292,3,5419.0,17232.06,92708.72,4,590,0
1002293,3,10607.03,0.0,45988.34,10,797,0
1002294,4,10543.35,15975.17,52571.45,5,773,0
1002295,0,2918.56,20169.53,78904.35,7,672,0
1002296,3,8890.38,33031.93,93116.27,6,648,0
1002297,2,9436.5,8515.04,97296.33,2,431,0
1002298,3,15674.37,16530.64,81729.23,4,491,1
1002299,2,500.0,20543.26,91195.98,8,602,0
1002300,5,6106.16,25920.34,48789.25,4,596,1
1002301,0,2670.91,43620.84,62968.69,8,578,1
1002302,4,14717.57,28008.48,98771.73,4,629,0
1002303,5,2885.43,28224.52,60484.5,7,666,0
1002304,5,2737.82,5974.86,66463.11,9,580,0
1002305,5,3504.43,39560.79,37769.44,8,668,1
1002306,1,8465.38,0.0,67433.67,9,455,0
1002307,0,9212.53,36587.65,40572.74,2,829,0
1002308,1,9786.27,30844.38,77956.41,0,637,0
1002309,3,5960.25,21615.99,99249.35,8,557,0
1002310,0,7310.65,7737.9,77055.99,0,604,0
1002311,1,3700.84,26851.93,74255.09,2,588,0
1002312,0,4160.33,14744.73,63373.6,4,534,0
1002313,1,4454.8,36654.62,81568.39,5,679,0
1002314,3,2279.04,0.0,49770.69,0,801,0
1002315,1,18083.63,21425.73,62185.42,4,800,0
1002316,3,7811.14,0.0,112395.23,2,481,1
1002317,0,7879.63,21296.05,46005.67,2,720,0
1002318,4,5938.66,16660.52,60164.77,2,742,0
1002319,4,6515.3,30499.62,44246.32,2,616,1
1002320,3,15966.36,6641.25,94561.12,5,712,0
1002321,2,16826.72,8510.84,66437.16,9,768,0
1002322,5,5528.4,0.0,46583.2,8,454,1
1002323,4,7349.75,14928.39,46924.92,0,622,0
1002324,1,17331.18,22363.87,92166.2,3,421,1
1002325,4,2178.93,17307.44,83823.2,5,834,0
1002326,5,8232.68,8594.22,86186.7,0,641,0
1002327,3,11498.87,17613.9,69667.8,5,533,0
1002328,2,4714.89,27019.63,88100.8,10,436,0
1002329,2,12725.25,23934.13,96041.94,1,464,0
1002330,1,698.28,0.0,83620.79,2,532,0
1002331,0,11490.78,14229.54,40146.36,0,775,0
1002332,0,15488.44,9528.24,33097.04,3,843,0
1002333,3,2128.0,0.0,42761.56,4,539,0
1002334,3,10518.12,27445.47,75904.34,5,558,0
1002335,4,15930.49,24102.45,42062.7,3,783,0
1002336,5,5665.58,7700.55,49984.73,5,452,1
1002337,4,8157.56,26545.23,71360.35,2,677,1
1002338,1,7432.63,23134.59,53834.48,9,673,0
1002339,0,951.64,14408.71,46116.99,2,633,0
1002340,2,7713.18,23908.69,89032.52,2,778,0
1002341,0,16552.51,17617.61,80038.54,2,446,0
1002342,3,7360.15,11908.83,85683.32,7,534,0
1002343,5,14594.72,32613.87,88214.89,7,756,0
1002344,4,500.0,1345.99,98190.03,8,541,0
1002345,3,7062.47,43119.07,69733.17,10,437,1
1002346,4,500.0,23234.11,66881.27,0,610,1
1002347,0,1984.33,15148.49,36730.11,3,835,0
1002348,2,9092.65,25339.02,65747.36,9,758,0
1002349,4,14964.02,8919.85,58879.86,4,796,0
1002350,5,5639.61,15311.84,90422.08,2,534,0
1002351,0,15347.59,44194.7,83232.99,7,542,1
1002352,0,7457.04,25890.58,98590.64,5,476,0
1002353,3,6635.71,18283.22,91228.88,3,464,0
1002354,4,500.0,18352.03,93043.59,8,531,1
1002355,3,1677.17,31309.28,80419.53,1,800,0
1002356,0,4218.96,31313.43,72929.67,5,707,0
1002357,4,7227.35,16283.99,62908.58,7,620,0
1002358,3,16676.89,34509.46,69860.59,8,616,0
1002359,0,16662.02,20005.09,51905.01,3,463,0
1002360,0,13349.25,19702.22,77679.95,1,625,0
1002361,5,8386.06,29391.67,68564.8,0,628,0
1002362,5,10258.95,11393.66,31157.2,10,747,0
1002363,5,14360.78,1490.07,18254.96,3,517,1
1002364,1,752.2,18440.22,56121.51,5,790,0
1002365,5,7207.86,30853.69,61111.75,9,588,1
1002366,3,12001.0,16665.26,64280.01,7,434,1
1002367,4,2684.81,30866.8,94896.23,0,691,1
1002368,3,16007.0,34879.4,57976.12,1,676,0
1002369,1,10311.5,16114.05,45633.35,9,813,0
1002370,2,9675.45,20379.99,77339.96,7,652,0
1002371,5,9249.53,18638.81,89219.6,6,762,0
1002372,5,5722.75,28182.67,101574.59,9,514,1
1002373,3,10200.04,26233.91,50536.26,9,479,0
1002374,3,5815.86,22608.49,65131.91,8,692,0
1002375,4,5165.47,36850.6,61799.36,6,619,1
1002376,5,7389.14,25122.55,98920.14,10,758,0
1002377,3,14519.99,23796.99,83347.64,7,625,0
1002378,1,2671.25,11533.89,70398.66,0,760,0
1002379,1,11821.62,21291.58,83828.61,9,846,0
1002380,5,13100.21,36517.35,63078.18,1,836,0
1002381,5,7105.31,28924.21,66028.03,1,446,0
1002382,1,5866.5,21825.83,69250.48,8,837,0
1002383,3,10607.97,19325.26,60302.66,1,634,1
1002384,2,4717.35,9313.66,65060.03,0,573,0
1002385,1,500.0,11731.21,76660.35,6,813,0
1002386,3,15168.49,32815.62,74501.33,6,482,1
1002387,2,841.08,20816.05,98268.67,5,584,1
1002388,5,4766.02,21564.55,86380.66,3,777,0
1002389,0,4070.33,35740.65,68434.49,5,523,0
1002390,4,6978.36,15534.9,27832.13,5,822,0
1002391,2,12196.78,14773.01,41453.64,3,654,0
1002392,5,5410.32,37630.48,60168.24,4,634,0
1002393,5,6226.05,28064.43,62433.63,10,549,1
1002394,3,9317.53,1556.92,44683.53,8,463,0
1002395,2,4668.25,20385.19,62549.8,6,818,0
1002396,4,10300.83,11188.78,71896.13,0,409,1
1002397,2,14116.99,14495.63,57586.76,6,445,1
1002398,2,10239.69,17762.61,66966.25,10,441,0
1002399,4,17238.52,965.67,67871.06,0,499,1
1002400,0,11100.44,11939.07,56197.36,6,733,0
1002401,0,10986.42,42366.97,53120.43,3,445,1
1002402,1,500.0,18136.68,67157.99,8,473,0
1002403,0,5045.89,14864.82,74715.18,3,723,0
1002404,0,12724.19,32086.77,49687.05,5,422,1
1002405,4,1608.11,4251.05,30555.0,10,537,0
1002406,0,6720.48,17845.38,51290.76,0,774,0
1002407,0,11992.49,36057.61,79201.05,1,806,0
1002408,0,13455.73,20691.74,38688.38,2,627,0
1002409,3,8751.53,24674.82,87189.58,5,803,0
1002410,1,7815.85,17995.15,58303.5,1,801,0
1002411,4,9828.9,24800.5,71892.21,8,822,0
1002412,3,500.0,29036.03,54700.33,3,517,0
1002413,3,8907.05,18619.85,80562.7,6,521,0
1002414,1,3469.12,21907.35,70399.32,2,700,1
1002415,0,6297.52,23638.92,76498.99,8,408,0
1002416,5,664.02,0.0,32302.9,5,525,0
1002417,1,500.0,31569.14,83190.76,3,579,0
1002418,2,6579.08,42431.67,37342.12,7,802,0
1002419,3,10105.03,30503.64,63038.77,1,834,0
1002420,3,9696.49,23536.49,79264.76,6,559,0
1002421,5,583.72,16314.42,65710.2,2,746,0
1002422,1,3671.8,25073.4,78890.52,2,649,0
1002423,3,2481.54,44138.44,72573.33,6,434,1
1002424,3,9619.11,38514.68,71095.82,7,584,0
1002425,4,12369.49,12471.84,53941.7,5,719,0
1002426,5,10320.75,38969.05,88490.61,1,720,1
1002427,3,10391.48,12474.45,90733.31,4,814,0
1002428,4,16040.37,13122.73,59143.37,9,686,0
1002429,1,7306.03,19097.08,52314.31,10,836,0
1002430,1,7165.12,28313.38,73225.56,4,608,0
1002431,3,12633.03,18150.52,54966.37,4,725,0
1002432,2,854.72,32740.37,71955.85,2,682,0
1002433,0,1662.88,24522.34,84862.4,2,790,0
1002434,2,8062.1,39631.77,81943.59,5,819,0
1002435,2,17204.81,4374.22,97409.51,6,780,0
1002436,4,3099.88,22262.47,78093.44,6,831,0
1002437,4,8226.21,28815.62,49538.46,6,566,0
1002438,3,4123.83,39237.26,53104.56,6,847,0
1002439,1,11335.35,0.0,79460.82,8,451,0
1002440,3,9906.25,18130.81,105508.46,7,570,0
1002441,3,8236.92,0.0,62578.2,6,730,0
1002442,0,4773.58,26113.51,51945.28,8,682,0
1002443,4,5936.0,14303.32,95752.13,0,468,0
1002444,2,500.0,24863.79,66935.57,10,709,0
1002445,0,2325.84,32986.76,82461.71,5,578,1
1002446,2,10437.55,31323.8,89732.93,7,760,0
1002447,5,500.0,18528.66,50665.06,2,849,0
1002448,1,15267.73,28328.68,62521.97,9,497,1
1002449,1,2903.92,57918.31,58768.68,2,655,0
1002450,5,10043.03,15230.06,79303.71,6,420,1
1002451,5,15591.68,27814.54,81646.49,8,639,0
1002452,2,500.0,15194.41,59899.38,8,781,0
1002453,2,500.0,31068.33,79832.55,10,827,0
1002454,1,3448.69,11527.15,35507.09,5,758,0
1002455,3,7784.09,28266.87,75886.83,9,533,1
1002456,0,13388.07,3449.66,75769.37,2,574,0
1002457,5,17301.64,23410.48,69310.5,2,850,0
1002458,0,5677.75,51071.43,41859.46,7,758,1
1002459,4,14798.93,7544.45,67363.05,4,812,0
1002460,5,6778.04,14168.09,49004.74,5,517,0
1002461,2,6080.85,32108.33,96657.55,9,569,0
1002462,3,12667.35,8052.18,63793.45,0,773,0
1002463,1,3430.69,0.0,65338.95,9,552,0
1002464,3,1256.02,1429.91,67143.23,4,742,0
1002465,3,13713.61,23475.81,79428.77,0,464,1
1002466,4,9340.05,34259.0,70701.88,4,435,1
1002467,3,8045.87,22264.67,79353.53,3,813,0
1002468,3,9107.55,21952.85,51742.29,9,542,1
1002469,0,500.0,34050.74,90019.11,6,490,1
1002470,0,10833.45,20716.33,59981.91,7,520,1
1002471,2,17269.7,37178.4,83515.24,2,411,1
1002472,1,7866.14,38908.07,73702.56,0,744,0
1002473,5,10935.8,17410.0,89435.26,0,802,0
1002474,4,9065.46,36366.6,67860.79,4,415,1
1002475,3,14150.47,29577.19,41507.28,2,672,0
1002476,4,11170.71,19708.47,47595.59,8,569,1
1002477,1,500.0,20949.83,64967.29,5,705,0
1002478,4,12049.52,34053.86,95296.25,6,718,0
1002479,3,12970.15,6427.11,61341.45,7,732,0
1002480,4,500.0,2175.07,70275.71,9,428,0
1002481,2,6784.95,35076.05,92822.1,8,426,1
1002482,4,12549.78,44513.06,58646.23,6,826,0
1002483,5,15161.56,24493.34,75007.15,6,448,1
1002484,2,4864.66,33526.1,74544.84,1,632,0
1002485,2,20918.99,1625.35,57963.36,6,629,0
1002486,4,10577.0,5282.09,73570.82,8,575,0
1002487,0,8629.87,14552.26,88926.52,5,430,1
1002488,3,10502.9,16817.1,88947.11,0,482,1
1002489,0,10930.96,22984.89,62935.91,8,631,0
1002490,3,12475.65,15351.1,123978.74,7,456,1
1002491,1,3143.66,20204.69,75811.83,7,734,0
1002492,0,11346.57,18741.28,64051.36,0,789,0
1002493,5,10640.02,28385.23,55678.59,7,699,0
1002494,1,23191.92,33859.39,50746.61,0,775,0
1002495,2,10385.4,31564.4,84607.83,9,681,0
1002496,3,7219.93,37769.66,15065.23,4,714,1
1002497,2,4920.98,18742.92,66367.9,1,428,1
1002498,3,9124.96,15539.37,43426.2,0,649,0
1002499,5,7002.04,0.0,66034.83,0,512,1
1002500,0,1080.88,882.13,68597.99,10,490,0
1002501,1,1794.81,30600.92,44675.64,5,805,0
1002502,2,6850.91,26685.43,50703.87,0,774,0
1002503,3,6182.2,21399.46,93065.93,4,462,0
1002504,3,15767.9,17110.24,58861.92,1,845,0
1002505,5,12876.86,6083.91,69116.34,9,644,0
1002506,0,8472.53,0.0,63314.98,2,683,0
1002507,5,13091.76,13792.86,84821.61,3,430,0
1002508,0,6724.25,17732.1,92145.61,10,799,0
1002509,0,2655.16,0.0,86470.21,7,824,0
1002510,2,500.0,36640.95,79614.98,5,747,0
1002511,2,8461.58,12639.24,79792.98,7,484,0
1002512,5,10607.26,25991.38,46944.09,4,641,1
1002513,1,13199.68,36454.17,93808.33,2,589,0
1002514,2,500.0,38816.79,58732.65,1,581,0
1002515,4,3524.32,17061.38,52550.56,0,650,0
1002516,3,8029.84,32394.74,62170.13,3,724,0
1002517,1,6909.29,31688.3,54313.05,4,726,0
1002518,0,500.0,21452.7,76971.73,9,515,0
1002519,1,7638.3,24630.1,82803.62,2,823,0
1002520,2,5948.02,10147.98,93280.79,4,601,0
1002521,1,12674.97,23886.73,67452.62,2,734,0
1002522,3,2280.1,12786.52,58052.76,1,792,0
1002523,0,15921.85,18089.76,63994.67,5,561,0
1002524,0,2546.41,21984.65,47227.14,3,787,0
1002525,4,16537.79,32100.47,55411.86,1,441,1
1002526,4,7818.82,17859.59,106739.9,6,540,1
1002527,1,12656.39,17507.61,54764.79,6,721,0
1002528,2,6608.79,15665.18,60612.12,0,742,1
1002529,2,2019.0,53711.47,81048.84,6,838,0
1002530,0,14481.31,15662.84,74032.47,0,594,0
1002531,1,6039.69,26386.95,83623.29,5,415,0
1002532,1,13374.58,2559.14,52942.43,2,604,0
1002533,2,3517.57,21318.17,49193.07,6,751,0
1002534,4,3429.35,6219.34,93992.47,8,459,1
1002535,1,7352.17,13908.73,56505.49,2,486,1
1002536,3,14636.09,29697.17,67394.73,3,591,0
1002537,2,5531.73,41518.97,73228.97,6,611,0
1002538,3,19605.2,22764.71,34535.89,0,601,0
1002539,4,8349.19,28047.84,65624.75,9,639,1
1002540,3,16083.32,22848.23,57018.23,1,679,0
1002541,1,875.95,15358.27,79064.02,9,680,0
1002542,5,6532.4,21707.74,63385.49,4,590,0
1002543,4,12827.97,32486.88,26993.38,1,846,0
1002544,3,14499.64,23159.59,84018.15,8,624,0
1002545,2,6391.84,16108.76,21243.29,3,712,0
1002546,1,19647.47,14983.01,61511.18,2,703,0
1002547,0,3274.7,26512.37,56201.08,7,581,0
1002548,2,9728.83,16744.06,57734.49,7,691,0
1002549,0,15867.68,31883.22,68981.0,6,724,0
1002550,2,13175.75,3728.25,87086.0,1,621,0
1002551,5,10058.62,29916.4,52844.32,4,614,1
1002552,5,14013.94,10861.05,57724.35,1,672,0
1002553,0,4980.16,19797.8,83162.44,9,591,0
1002554,3,12951.98,46291.14,78737.15,6,743,0
1002555,1,1338.85,33300.38,82674.24,9,569,0
1002556,1,3482.14,14509.76,75474.12,0,449,0
1002557,5,13645.49,16093.79,64638.89,6,626,0
1002558,0,12896.03,31559.19,60033.01,0,807,0
1002559,0,7328.32,32109.02,60312.04,2,532,0
1002560,0,2987.65,20412.64,86244.32,8,545,0
1002561,1,7271.33,29805.6,97309.76,10,515,0
1002562,1,5089.19,15697.81,106450.02,8,819,0
1002563,1,16124.0,0.0,49687.14,5,473,1
1002564,1,20381.1,33960.11,64764.25,7,604,0
1002565,5,3997.31,14812.4,69315.28,3,603,0
1002566,4,10280.42,27971.08,66135.64,7,657,0
1002567,0,10472.5,18656.11,48038.18,1,537,0
1002568,0,11239.37,17306.32,110237.34,1,746,0
1002569,5,10208.49,9976.54,97637.39,10,778,0
1002570,4,12810.18,29984.9,66156.32,10,601,0
1002571,0,500.0,30887.63,60702.6,7,783,0
1002572,0,5749.64,36018.08,69091.0,0,461,0
1002573,3,5118.02,29264.59,46501.09,0,560,0
1002574,0,6344.4,26003.41,62871.56,2,800,0
1002575,4,1838.95,14476.24,83801.91,1,682,0
1002576,5,5514.11,21329.02,100419.67,10,483,0
1002577,3,6071.54,25978.55,86010.08,10,807,0
1002578,5,10687.19,0.0,93683.66,10,796,0
1002579,3,9885.09,6717.33,49388.08,0,567,0
1002580,5,2739.58,18589.53,15000.0,9,490,1
1002581,2,2065.18,30638.95,95225.52,7,653,0
1002582,1,500.0,37727.98,72738.14,5,667,0
1002583,1,5242.29,41439.8,67716.89,6,604,0
1002584,0,5113.56,11561.04,100781.6,1,723,0
1002585,5,5298.03,21572.68,51114.83,5,696,1
1002586,0,11827.5,14487.25,51242.06,3,755,0
1002587,2,8969.26,10895.56,55248.68,7,833,0
1002588,1,12416.74,16428.74,99794.43,9,741,0
1002589,3,9618.11,22103.02,87141.31,3,469,1
1002590,4,10259.29,30549.52,35606.15,7,411,1
1002591,3,13080.17,2743.36,100576.35,6,835,0
1002592,0,13271.74,19103.42,69541.02,3,765,0
1002593,5,20912.4,8622.95,77345.09,9,702,0
1002594,5,8046.72,37686.04,54667.25,1,520,1
1002595,1,5649.28,41366.03,104812.88,6,760,0
1002596,3,500.0,14939.21,77553.89,8,456,0
1002597,0,13313.11,12062.48,94188.06,5,689,0
1002598,3,16890.7,28125.64,50395.33,6,574,1
1002599,5,8482.85,32243.46,82505.25,6,793,0
1002600,5,6573.82,8618.66,70991.43,2,710,0
1002601,3,3555.4,15423.82,65006.35,2,552,0
1002602,2,8198.59,23880.71,53873.57,9,758,0
1002603,3,500.0,7840.83,56004.73,3,721,0
1002604,3,12000.14,38741.22,47115.06,8,519,0
1002605,3,4135.8,21089.71,56690.82,7,525,1
1002606,5,10699.13,21355.02,68787.72,10,579,0
1002607,4,17005.06,6465.29,80315.15,6,633,0
1002608,4,500.0,35393.35,39676.13,5,530,1
1002609,5,6253.79,4244.46,49614.12,1,709,0
1002610,0,3293.76,11755.92,57633.5,6,640,0
1002611,4,3049.86,13275.46,38181.06,9,497,1
1002612,1,12821.09,18905.33,63776.62,9,719,0
1002613,0,12724.1,3113.62,64229.1,4,435,0
1002614,0,11074.93,11060.42,65623.23,9,819,0
1002615,5,10606.72,27639.89,77069.32,2,758,0
1002616,3,6179.15,19984.85,87146.01,6,448,1
1002617,0,9261.99,21942.02,84459.31,1,766,0
1002618,3,12290.04,32295.47,74550.0,10,555,0
1002619,5,12470.62,25917.21,80478.62,10,702,0
1002620,5,6303.01,32683.26,54140.19,3,512,1
1002621,0,10466.05,20766.25,51355.38,8,550,1
1002622,1,4956.85,9673.74,81534.43,7,414,0
1002623,4,880.21,40546.34,79981.89,3,699,0
1002624,1,17769.02,0.0,110957.89,6,669,0
1002625,3,8439.31,3842.82,64964.84,2,445,0
1002626,3,8115.73,6548.78,50478.94,10,530,0
1002627,0,4500.06,49063.78,74791.32,9,701,0
1002628,1,8751.57,21432.39,60711.48,0,761,0
1002629,4,5606.56,33537.42,52312.1,1,663,1
1002630,4,11837.27,1588.5,95198.06,0,480,1
1002631,3,15556.12,7154.38,105892.42,5,681,0
1002632,4,5566.99,24295.3,76321.29,4,506,1
1002633,0,4032.64,14866.97,56827.44,7,606,0
1002634,1,7885.16,21856.29,74120.81,6,620,0
1002635,5,8887.11,27792.36,68236.05,10,507,1
1002636,0,6099.1,21592.68,42830.31,6,768,0
1002637,3,1041.28,21540.17,85149.11,7,729,0
1002638,3,9778.45,23051.73,75839.39,7,456,1
1002639,2,8706.95,17991.38,93167.59,1,613,0
1002640,2,7835.24,24256.95,58720.01,0,458,1
1002641,5,5110.3,32231.76,68976.59,5,738,1
1002642,5,8261.41,9291.01,67089.97,0,578,0
1002643,1,7107.73,23860.98,36489.33,10,569,0
1002644,3,3850.27,31256.59,117108.18,1,517,1
1002645,1,8643.72,18218.5,29492.75,2,446,1
1002646,0,7103.0,19430.24,47509.59,6,467,1
1002647,5,9946.47,42864.69,62554.71,0,648,0
1002648,3,7037.85,34105.94,39543.35,7,729,0
1002649,0,10417.39,48240.72,77361.92,0,683,0
1002650,1,500.0,43136.97,60501.99,6,508,1
1002651,4,8002.38,16558.19,70783.71,9,816,0
1002652,4,500.0,12210.94,73836.32,8,696,0
1002653,1,16126.79,17119.51,70825.64,10,801,0
1002654,1,7769.41,31100.27,71284.36,8,410,0
1002655,4,10599.74,0.0,66554.32,5,433,1
1002656,5,6660.55,21197.81,77586.63,3,434,1
1002657,2,9359.86,35215.49,84891.92,3,749,0
1002658,5,9229.24,21201.15,64580.32,4,570,1
1002659,3,6517.66,24582.13,60950.16,4,523,1
1002660,5,500.0,17854.11,61842.74,4,671,1
1002661,3,3862.03,463.03,75379.36,1,716,0
1002662,3,9452.79,32101.56,62481.8,0,606,1
1002663,2,11282.54,17226.52,62227.11,4,576,0
1002664,5,6031.92,26387.26,40745.04,7,579,1
1002665,3,4390.22,20932.03,106412.63,5,550,0
1002666,0,7609.85,44230.73,46001.38,5,576,0
1002667,3,4921.98,26364.81,101706.75,5,624,0
1002668,1,10347.86,25911.45,84854.54,1,552,1
1002669,0,500.0,19538.91,89230.44,1,643,0
1002670,0,1890.07,10838.44,74628.16,8,694,0
1002671,5,12481.69,25572.36,79082.86,10,715,0
1002672,0,8818.8,33774.94,75243.85,7,412,1
1002673,4,19676.02,20771.7,81029.46,6,690,0
1002674,4,2865.43,0.0,85786.49,9,548,1
1002675,1,14382.23,11303.26,98907.9,6,708,0
1002676,3,9312.37,44070.58,50747.37,7,833,0
1002677,1,16619.08,13933.77,79145.47,9,578,0
1002678,3,15795.17,22910.71,100766.28,10,457,1
1002679,2,3299.5,0.0,96565.16,0,708,0
1002680,4,4559.55,13752.84,50169.22,10,554,0
1002681,4,5614.45,10301.24,75847.08,6,561,1
1002682,3,20448.6,30297.95,75230.29,10,680,0
1002683,3,11350.94,28264.39,74646.03,4,677,0
1002684,1,2308.19,27315.45,26627.91,3,419,0
1002685,1,500.0,32928.18,86544.39,7,611,0
1002686,4,10521.31,14866.77,39014.76,5,575,0
1002687,4,9627.25,41195.6,112039.29,10,657,0
1002688,2,5910.54,17772.81,82618.34,1,685,0
1002689,1,9540.57,31797.97,68126.56,0,415,1
1002690,1,500.0,46183.01,82223.87,0,435,1
1002691,4,8890.47,14443.35,72804.68,1,628,0
1002692,2,10052.23,25241.56,59805.22,2,780,0
1002693,4,10178.27,19247.13,68298.02,3,505,1
1002694,0,4845.27,22254.25,76792.67,9,459,0
1002695,0,9148.37,24359.64,54614.16,5,578,0
1002696,3,6068.98,19827.39,83885.99,5,526,1
1002697,3,500.0,20873.48,91658.74,9,440,0
1002698,3,500.0,29231.87,90854.72,0,819,0
1002699,3,12320.41,4747.5,92910.25,8,699,0
1002700,4,2771.97,11808.05,95255.05,9,759,0
1002701,5,11640.3,14701.36,83815.29,6,803,0
1002702,1,3795.55,4118.67,95494.11,2,689,0
1002703,1,10673.48,24831.85,71439.05,2,565,0
1002704,1,15096.88,15181.68,78155.17,5,408,1
1002705,2,19748.37,10344.4,97675.2,5,454,1
1002706,2,6960.86,4276.2,107738.03,8,547,0
1002707,5,16712.23,9994.65,63503.49,4,682,0
1002708,1,10385.9,25956.68,42246.32,1,700,0
1002709,0,500.0,5379.8,111772.8,1,464,0
1002710,4,500.0,31658.79,92691.85,3,523,1
1002711,5,11040.15,28203.88,105646.93,10,802,0
1002712,0,14467.69,24133.2,87833.02,2,537,0
1002713,2,6867.06,371.32,75017.23,9,462,0
1002714,3,7765.96,11423.71,58052.56,5,516,0
1002715,2,4504.12,33188.67,51763.23,6,568,0
1002716,0,4231.68,16080.69,98494.15,8,628,0
1002717,5,13998.69,11438.57,89448.31,2,627,0
1002718,0,7072.1,11927.23,76551.45,3,455,0
1002719,2,4987.17,25189.23,48803.98,6,460,1
1002720,3,10995.94,0.0,60244.83,7,499,0
1002721,1,4880.22,32918.97,58361.71,3,549,1
1002722,4,9649.13,23360.32,64535.44,2,836,0
1002723,1,5882.1,8154.96,15000.0,7,529,0
1002724,5,9918.96,27923.25,74784.31,1,564,1
1002725,4,6949.66,0.0,100723.02,0,723,0
1002726,5,500.0,5722.81,59820.83,4,558,0
1002727,3,13124.86,24253.25,70919.01,6,844,0
1002728,1,12190.54,38534.91,75756.21,3,624,0
1002729,1,8397.82,6217.91,51005.99,6,568,0
1002730,3,5588.95,3487.55,78765.79,3,749,0
1002731,2,14415.72,19712.02,54606.79,10,758,0
1002732,5,3471.11,21642.95,61866.12,6,701,0
1002733,1,9928.15,11328.5,75321.58,6,470,1
1002734,1,10772.33,10974.98,69330.74,9,538,0
1002735,5,11258.5,39192.03,72278.37,8,664,0
1002736,4,7082.84,9266.51,52513.69,7,571,0
1002737,2,6158.07,964.68,84572.17,2,599,0
1002738,3,17641.64,15484.42,49306.83,10,533,1
1002739,3,3912.39,36113.19,86866.32,6,535,1
1002740,5,500.0,28748.24,61042.57,5,621,0
1002741,5,500.0,19941.09,47320.42,3,772,0
1002742,2,8131.89,4833.09,68700.13,3,569,0
1002743,1,3907.37,19314.68,49837.65,10,738,0
1002744,0,11876.22,54878.82,60088.63,4,842,0
1002745,5,13537.0,27688.1,67482.83,10,467,0
1002746,4,500.0,33015.84,85665.2,10,817,0
1002747,2,500.0,1285.99,85933.48,2,537,0
1002748,4,6445.81,15422.57,79755.48,6,450,1
1002749,3,8843.24,13644.47,64902.81,6,771,0
1002750,3,1500.01,41251.6,40723.88,9,411,1
1002751,1,5317.45,16875.74,66056.67,0,847,0
1002752,1,500.0,19599.53,64165.61,2,499,1
1002753,4,11103.85,14514.29,67892.09,6,678,0
1002754,0,14770.01,0.0,60140.12,9,518,1
1002755,4,8969.69,34095.18,60208.52,10,794,0
1002756,2,9923.26,0.0,86113.71,7,720,0
1002757,3,10998.21,13377.93,44405.34,1,844,0
1002758,0,14234.63,1339.05,70600.37,2,757,0
1002759,5,13389.05,13088.75,94999.33,8,736,0
1002760,3,11584.92,14748.79,55391.89,8,826,0
1002761,2,12620.69,14129.55,51174.48,5,693,0
1002762,3,1535.44,37730.01,66047.51,5,502,0
1002763,0,10853.04,5842.91,63726.98,10,506,0
1002764,5,4634.04,16536.88,75541.4,3,698,0
1002765,5,10732.25,26801.59,96851.03,4,572,1
1002766,5,8635.8,15310.95,67947.99,8,743,0
1002767,3,8738.29,13987.17,81310.81,9,684,0
1002768,5,11306.77,43691.84,59087.75,9,425,1
1002769,3,9547.1,29639.79,60881.06,6,818,0
1002770,5,6874.63,10183.43,76139.99,5,839,0
1002771,3,17941.83,23400.33,57323.3,8,541,0
1002772,2,9065.39,9423.15,93841.63,2,533,0
1002773,0,10923.31,25749.9,62496.43,9,583,0
1002774,0,7172.88,3044.07,67240.07,8,767,0
1002775,1,5575.12,29969.36,50053.07,7,417,0
1002776,4,4612.28,24814.19,61895.3,10,487,0
1002777,0,8844.81,24370.44,50827.39,3,716,0
1002778,0,8495.33,20216.88,60854.24,6,592,0
1002779,3,11625.22,22966.19,35683.02,6,604,0
1002780,4,6277.45,9781.27,70177.68,3,823,0
1002781,5,14615.69,20996.73,104517.67,8,761,0
1002782,4,13166.07,27434.82,33694.55,9,457,1
1002783,3,500.0,25492.49,104371.32,9,511,1
1002784,2,943.79,8975.59,68004.56,9,523,0
1002785,4,5929.75,27085.04,87703.11,6,700,0
1002786,3,8757.29,5752.82,50630.09,6,598,0
1002787,1,10714.09,11414.61,110084.17,5,706,0
1002788,1,10056.1,9901.34,49264.11,5,507,1
1002789,0,6657.14,12874.33,68847.13,0,613,0
1002790,5,16400.39,18687.09,100837.39,7,569,0
1002791,2,1693.36,28369.81,45321.47,1,491,0
1002792,5,5823.26,33019.03,24556.06,4,498,1
1002793,1,4633.59,25606.11,68912.55,7,586,0
1002794,0,8739.22,11263.27,55254.85,5,707,0
1002795,1,9838.39,29207.47,51231.61,4,738,0
1002796,1,8170.35,32040.81,52361.56,10,750,0
1002797,1,10358.03,10986.43,41535.73,7,491,1
1002798,0,7998.03,5803.14,97842.19,4,664,0
1002799,1,14329.23,18283.63,94276.28,5,447,0
1002800,0,5272.37,43528.48,43483.26,3,466,0
1002801,4,5480.68,16487.76,68212.14,4,613,0
1002802,5,10736.96,18034.16,61250.81,3,717,0
1002803,3,9803.27,28646.65,91980.27,2,511,0
1002804,3,10160.52,5915.44,53797.55,2,483,1
1002805,4,8089.21,7065.76,102234.27,9,762,0
1002806,5,1377.09,18694.42,70354.99,10,673,1
1002807,5,9559.42,30289.91,54751.64,2,770,0
1002808,5,4387.93,16377.9,68513.78,10,446,1
1002809,1,11640.04,12295.52,58752.11,6,826,0
1002810,2,9776.82,0.0,114795.0,9,765,0
1002811,5,8426.7,39232.9,73182.46,1,780,0
1002812,5,5844.59,4913.84,60739.74,0,453,0
1002813,4,12811.85,35939.3,72130.43,10,694,1
1002814,4,7818.12,11467.27,99375.16,7,647,0
1002815,3,925.34,33922.26,51236.44,1,490,1
1002816,5,12935.32,40695.7,36952.93,4,813,1
1002817,5,17430.94,9516.07,96158.38,5,772,0
1002818,4,12761.52,27115.87,82355.49,0,775,0
1002819,3,9809.88,28964.29,61314.53,8,730,1
1002820,0,4158.71,35217.95,68633.13,0,486,0
1002821,0,6575.78,16351.62,92114.18,2,738,0
1002822,0,11823.7,34999.1,16285.83,3,612,1
1002823,0,12375.59,21342.74,95408.97,7,716,0
1002824,1,8716.67,7935.1,66712.48,1,671,0
1002825,1,13215.75,32193.28,83605.32,4,775,0
1002826,1,17357.59,35350.81,69161.59,6,637,0
1002827,4,8575.62,19923.09,131488.12,10,539,0
1002828,1,11532.63,18569.07,57891.2,4,701,0
1002829,3,10933.63,29423.71,92003.07,1,705,0
1002830,4,11499.41,40447.21,18460.28,1,536,1
1002831,4,14694.56,5135.73,70940.12,2,637,0
1002832,0,5300.18,32911.88,85809.22,4,702,0
1002833,0,2994.47,44555.92,39454.47,5,557,1
1002834,3,5986.98,9464.88,29804.24,6,483,0
1002835,1,5331.57,27023.46,72061.67,7,552,0
1002836,0,4852.86,20826.54,90281.71,8,777,0
1002837,3,11851.37,24371.99,93712.04,6,476,0
1002838,1,12577.07,35170.02,56506.23,0,582,1
1002839,3,3736.07,815.33,77023.55,2,625,0
1002840,3,500.0,13933.02,42012.9,9,759,0
1002841,2,500.0,3412.73,104876.29,5,571,0
1002842,2,7575.39,16260.72,58718.29,6,848,0
1002843,1,7443.64,42625.27,95519.92,0,594,1
1002844,0,2352.93,7410.87,64742.17,10,612,0
1002845,1,8287.83,14390.69,63536.47,7,785,0
1002846,1,12580.51,12715.55,102413.8,3,607,0
1002847,4,8054.65,24907.83,52743.43,3,709,0
1002848,4,10749.72,16213.82,95878.04,0,564,0
1002849,4,500.0,10608.41,62984.01,10,709,0
1002850,2,10494.59,10767.45,52567.37,10,672,0
1002851,1,5089.32,18110.98,53377.75,4,843,0
1002852,5,8482.87,5236.61,92566.31,9,584,1
1002853,5,500.0,0.0,68475.56,0,504,0
1002854,4,4190.62,34119.97,63000.12,6,469,1
1002855,0,3600.58,21600.24,39971.22,0,632,0
1002856,3,2829.4,12799.33,93498.1,10,629,0
1002857,1,8557.69,18074.99,90988.95,3,448,0
1002858,0,6765.97,28856.46,76497.99,9,413,0
1002859,2,7348.72,9648.46,85572.57,2,582,0
1002860,5,13599.02,20372.33,15000.0,0,423,1
1002861,4,10341.8,13567.76,59417.56,10,829,0
1002862,1,9817.58,34834.64,73252.87,5,758,0
1002863,3,11181.27,0.0,72127.57,8,446,0
1002864,5,8928.91,3089.3,58666.35,5,752,0
1002865,4,13404.13,36991.59,74756.81,4,743,0
1002866,2,10574.97,5622.23,55431.35,1,729,0
1002867,5,6214.53,10453.13,56924.66,2,791,0
1002868,2,6777.68,5248.46,45117.5,2,721,0
1002869,2,11234.6,0.0,72755.88,0,633,0
1002870,3,4300.96,18784.88,55580.68,0,729,0
1002871,1,8102.26,28182.75,59950.23,1,761,0
1002872,0,7936.54,23695.56,97695.43,2,666,0
1002873,2,6907.57,5018.62,69139.61,8,603,0
1002874,0,7428.97,13518.41,69286.4,7,661,0
1002875,3,10244.56,39800.39,39300.75,0,564,1
1002876,4,13181.5,17659.2,59530.79,10,587,0
1002877,0,16959.01,8686.4,89632.74,8,632,0
1002878,0,10305.58,30657.51,81025.39,10,739,0
1002879,0,11509.79,16350.01,71062.91,4,494,0
1002880,0,12704.47,0.0,66478.33,8,599,0
1002881,4,500.0,9570.52,71323.22,7,544,0
1002882,3,1921.41,30979.99,77952.1,9,476,0
1002883,5,11839.32,17895.02,63495.24,6,543,1
1002884,0,10077.08,18735.32,20255.93,4,541,1
1002885,5,5638.45,27636.44,109305.14,1,845,0
1002886,4,11688.64,10505.97,92717.24,6,579,1
1002887,2,4709.11,1757.38,66908.62,8,556,0
1002888,3,2390.84,19667.33,98211.63,10,583,0
1002889,2,9797.15,12235.61,43879.42,9,509,0
1002890,0,9924.52,19747.55,95785.76,0,812,0
1002891,4,11455.79,11054.69,73817.37,1,824,0
1002892,0,21664.06,10808.18,87761.56,2,581,0
1002893,5,5877.47,2766.47,63084.01,10,469,1
1002894,5,12232.57,23316.61,73012.17,2,416,1
1002895,2,5294.55,43317.31,81680.36,8,835,0
1002896,5,7534.05,4992.81,90958.88,10,776,0
1002897,5,8034.33,33837.5,80276.8,6,786,0
1002898,0,15763.3,28121.56,78860.51,7,667,0
1002899,4,6968.03,12101.31,58149.63,7,694,0
1002900,1,500.0,7646.25,104326.02,4,748,0
1002901,0,500.0,26420.01,74157.58,0,597,0
1002902,1,14400.81,15666.18,65477.04,4,773,0
1002903,2,8658.46,16496.62,63506.18,2,495,1
1002904,3,13592.85,14410.59,45937.32,10,605,0
1002905,0,6519.02,43014.62,55215.65,9,455,1
1002906,3,2336.69,490.54,39526.73,7,751,0
1002907,2,4070.86,25219.22,74064.93,9,453,0
1002908,4,13631.48,42863.31,68359.43,8,630,1
1002909,3,3935.85,21973.78,74361.65,2,562,0
1002910,3,10728.62,45888.72,44986.16,5,848,0
1002911,4,13566.06,20055.21,61543.89,6,588,0
1002912,0,500.0,22061.5,57153.62,10,470,0
1002913,1,15005.28,29500.61,89807.7,3,817,0
1002914,4,9515.89,11348.19,40156.1,2,652,0
1002915,3,9359.24,20457.14,39598.11,2,645,0
1002916,1,8320.63,27042.1,95661.44,2,688,0
1002917,3,12855.63,12032.27,77199.35,8,846,0
1002918,2,6034.08,25727.95,38615.29,5,419,0
1002919,3,12603.77,33301.51,96959.69,7,727,0
1002920,5,9099.63,6033.96,99825.44,10,609,1
1002921,3,10657.48,18661.18,92812.6,0,472,0
1002922,4,5690.93,24947.3,28720.15,6,809,0
1002923,2,14386.51,11455.98,72380.16,7,653,1
1002924,3,11509.41,32392.88,52675.04,4,812,0
1002925,3,5014.28,35059.45,64650.88,0,478,1
1002926,0,8460.19,13374.43,38365.97,6,707,0
1002927,2,6832.47,23178.71,104651.53,1,425,0
1002928,1,10237.83,12596.16,56117.63,2,844,0
1002929,5,12132.64,18750.7,75513.1,4,826,0
1002930,1,500.0,25897.48,86058.91,4,799,0
1002931,0,10518.89,18376.35,82234.02,0,557,0
1002932,5,13313.14,22340.37,78200.2,9,716,0
1002933,5,10463.43,14881.64,62147.95,5,491,1
1002934,5,7746.07,34661.39,74379.11,2,780,0
1002935,4,11934.98,31542.37,65547.2,7,453,1
1002936,2,3611.95,12801.49,24488.19,10,733,0
1002937,0,5456.69,27026.32,89962.19,2,696,0
1002938,2,4844.51,52181.13,57402.35,6,538,1
1002939,4,2756.15,14753.15,59520.53,7,612,0
1002940,1,9676.46,37068.47,61702.92,10,618,0
1002941,2,9481.46,52650.99,42159.73,0,413,1
1002942,5,10071.84,17917.88,45701.92,5,431,1
1002943,3,12376.26,30140.27,33870.27,0,724,0
1002944,1,6097.71,0.0,79314.7,2,712,0
1002945,3,8284.02,37095.74,93569.76,5,521,0
1002946,5,2250.2,28307.91,71433.47,4,605,1
1002947,4,3205.58,30617.53,47023.65,0,753,0
1002948,3,1095.74,22845.43,96071.36,3,708,0
1002949,2,12738.97,32211.67,63543.46,8,624,1
1002950,4,9675.35,34027.69,38042.21,6,790,0
1002951,3,2992.59,29125.19,32276.95,9,645,0
1002952,5,5935.01,17221.93,73557.04,9,410,1
1002953,1,2565.92,18586.52,98804.65,0,610,0
1002954,3,500.0,21016.42,62232.04,2,515,1
1002955,0,12797.78,17954.49,57214.52,8,707,0
1002956,3,9750.95,10534.63,64433.89,5,454,0
1002957,4,15629.6,5220.35,52920.19,6,846,0
1002958,0,7559.96,19335.76,58972.84,1,677,0
1002959,5,7513.98,9448.38,74951.92,10,761,0
1002960,4,5049.61,16140.16,55430.15,9,611,0
1002961,0,4469.13,5134.1,88545.75,8,438,0
1002962,5,5579.35,4072.45,50341.95,5,601,0
1002963,5,4063.05,15473.06,84065.84,9,627,0
1002964,0,6238.9,17700.31,76805.84,9,593,0
1002965,2,9222.28,46722.8,62161.42,9,511,0
1002966,3,5292.9,19537.26,63936.8,9,499,1
1002967,3,16766.55,33185.88,63381.18,9,453,0
1002968,3,6382.63,26541.89,103460.19,8,628,0
1002969,1,13603.62,24188.71,53685.6,8,494,0
1002970,5,16590.98,16927.84,93643.96,4,685,0
1002971,4,5817.27,28313.16,90065.42,9,517,0
1002972,1,14330.32,26902.88,63111.21,9,600,0
1002973,2,10782.73,3654.61,102231.12,0,833,0
1002974,0,3050.48,28617.46,22299.91,10,640,0
1002975,4,6284.4,18075.97,74782.19,8,737,0
1002976,0,500.0,1308.78,72453.3,1,710,0
1002977,1,4554.08,11186.68,70273.34,7,785,0
1002978,1,9661.95,29044.46,86618.91,6,432,0
1002979,1,4747.88,31846.44,61868.84,3,717,0
1002980,2,7711.85,19107.8,66145.17,8,513,0
1002981,3,6457.65,35240.09,92873.01,4,547,1
1002982,0,6016.27,30095.18,67551.25,4,809,0
1002983,0,7326.56,1865.5,49190.39,1,581,0
1002984,0,5976.76,7313.0,81267.68,6,636,0
1002985,5,6323.75,24714.08,68211.99,3,603,0
1002986,0,11104.82,9671.54,58582.6,3,455,1
1002987,3,18612.65,12939.86,80913.02,7,537,1
1002988,5,4953.77,24090.4,54440.51,10,474,1
1002989,5,8064.75,16989.61,50243.98,6,594,0
1002990,2,6358.42,12100.58,64638.21,10,409,1
1002991,1,5293.64,3517.0,66055.17,10,749,0
1002992,3,9858.17,45257.56,70917.99,5,645,0
1002993,4,8683.47,3633.59,45774.52,2,441,0
1002994,3,14822.55,15269.31,104259.3,9,847,0
1002995,1,13571.18,33647.93,83375.19,2,530,1
1002996,5,5371.26,19229.56,72715.12,1,562,0
1002997,0,793.44,8946.9,74458.94,8,620,0
1002998,2,9519.46,6614.93,19820.25,8,644,0
1002999,2,12302.65,34384.21,88353.32,10,707,0
1003000,3,11209.39,29811.8,49402.47,0,643,0
1003001,2,8606.81,0.0,79930.25,4,694,0
1003002,2,7788.87,3646.47,45964.42,5,545,0
1003003,3,7825.47,28111.34,89566.27,4,729,0
1003004,1,6878.16,40039.38,59156.49,0,785,0
1003005,2,8873.87,13788.38,65611.5,0,454,0
1003006,3,10531.42,31951.38,100435.77,4,460,1
1003007,1,6377.48,989.75,89657.87,2,488,0
1003008,4,1719.52,77.43,42348.16,4,554,1
1003009,4,9777.53,5170.77,55893.73,10,544,1
1003010,3,4713.98,26409.5,73742.84,0,753,0
1003011,1,9106.3,22822.1,65186.92,10,532,1
1003012,5,5986.98,29093.36,86020.39,10,801,0
1003013,1,500.0,0.0,56170.48,5,742,0
1003014,4,6921.47,40591.62,32331.13,1,824,1
1003015,4,7776.18,15375.25,51616.47,9,848,0
1003016,5,11764.11,52668.25,66159.65,8,439,1
1003017,4,10795.12,23473.88,80819.59,2,710,0
1003018,5,9589.74,0.0,84737.67,4,792,0
1003019,4,9552.59,19857.65,94784.76,7,422,1
1003020,2,13916.46,10018.17,74568.16,10,480,0
1003021,5,3312.96,39113.54,65802.74,10,539,0
1003022,3,16186.37,23000.61,84479.13,10,499,0
1003023,5,15915.6,35548.48,67864.05,3,763,0
1003024,0,9280.69,10556.74,60481.82,5,467,0
1003025,1,4537.44,10935.75,60502.08,7,817,0
1003026,2,15165.64,22087.27,88432.06,2,566,0
1003027,5,6763.02,21206.07,99573.28,8,671,0
1003028,2,9220.07,8926.94,96183.44,4,588,0
1003029,3,8190.13,26654.57,37881.77,1,562,1
1003030,1,9540.11,34546.21,91721.69,10,791,0
1003031,3,6305.33,15974.2,47447.02,2,565,0
1003032,5,10686.63,14183.71,63030.4,10,841,0
1003033,1,9312.59,14241.02,81587.62,6,688,0
1003034,5,6717.95,26802.71,43185.04,3,567,0
1003035,2,11792.15,18715.64,45321.86,2,790,0
1003036,3,10655.42,25591.35,54855.28,7,531,0
1003037,3,6209.36,33795.75,103630.98,1,558,1
1003038,5,6721.85,16514.67,91398.89,0,801,0
1003039,0,11429.86,16833.9,51895.4,1,492,0
1003040,0,1261.04,16545.23,72631.35,7,799,0
1003041,4,9493.2,38285.97,72579.14,8,409,0
1003042,2,9063.01,18758.09,76123.7,8,411,0
1003043,2,1840.54,20952.4,55660.51,5,468,1
1003044,5,6047.09,16451.28,98693.02,2,680,0
1003045,4,15392.57,31078.77,62284.96,6,785,0
1003046,0,11694.62,25126.84,86262.35,10,782,0
1003047,4,3747.94,6052.33,36191.87,6,684,0
1003048,3,7091.09,31701.44,77711.48,0,691,0
1003049,3,6474.84,25095.63,72772.66,3,846,0
1003050,0,5074.81,34833.61,97032.76,4,828,0
1003051,0,4706.21,26594.36,17933.97,7,438,1
1003052,2,7733.0,19408.76,80981.28,1,656,0
1003053,3,6353.02,7839.81,86147.1,4,570,0
1003054,4,15917.59,32194.28,64573.5,10,467,0
1003055,2,17139.07,35312.51,96194.32,1,760,0
1003056,0,9324.71,9388.83,111944.34,6,648,0
1003057,4,7341.02,19301.0,87500.94,5,700,0
1003058,4,1391.07,25810.37,86080.04,2,636,0
1003059,4,5077.49,18489.94,96876.3,5,437,0
1003060,1,5112.35,24850.94,78681.84,0,791,0
1003061,3,9259.72,15453.31,94460.87,7,585,0
1003062,5,16875.68,12238.17,81890.45,1,505,0
1003063,4,6265.91,34965.39,56204.24,10,690,0
1003064,2,15475.03,0.0,48878.34,10,542,0
1003065,0,9352.47,27878.63,93415.42,0,712,0
1003066,2,9971.97,10423.89,81884.17,5,634,0
1003067,4,8112.31,20456.68,56504.63,6,608,0
1003068,1,500.0,11852.81,70443.85,9,452,1
1003069,5,4474.64,21923.68,99218.47,7,491,0
1003070,3,7020.3,12472.77,35617.69,5,791,0
1003071,5,10810.0,23362.1,51864.03,5,835,0
1003072,1,3825.05,2633.67,83887.17,4,652,0
1003073,4,6409.4,6932.27,86402.81,4,614,1
1003074,1,2692.49,18327.73,46477.07,2,487,1
1003075,2,6887.94,27664.57,49995.07,7,725,0
1003076,1,4507.08,9741.62,73231.84,6,695,0
1003077,5,11982.31,43766.65,98042.07,5,644,0
1003078,3,4016.51,15324.77,70159.08,5,526,0
1003079,3,3421.11,29542.14,23445.39,4,443,1
1003080,0,7636.77,0.0,90520.77,9,837,0
1003081,1,13710.8,7808.44,69489.29,7,512,0
1003082,2,8230.99,7689.88,60740.29,2,697,0
1003083,3,7795.86,5678.92,46686.75,6,435,0
1003084,0,11232.05,645.09,93831.71,4,710,0
1003085,5,8375.46,14622.35,75274.34,0,492,1
1003086,3,11921.83,9520.93,78013.97,3,717,0
1003087,4,11937.56,39740.23,76934.45,3,496,1
1003088,0,8372.76,19064.11,78650.53,7,627,0
1003089,4,500.0,23345.86,86673.14,9,591,0
1003090,0,9692.67,0.0,104229.06,4,634,0
1003091,0,11322.47,38201.8,48645.11,1,550,1
1003092,3,13684.44,38790.93,68414.73,8,557,0
1003093,5,4698.96,6389.47,60846.57,5,568,1
1003094,5,3987.48,6861.62,103600.98,0,690,0
1003095,5,9378.91,10529.19,64152.36,7,769,0
1003096,2,8040.95,37260.91,37666.78,4,570,0
1003097,3,8781.48,3626.66,69372.45,1,417,1
1003098,2,5475.43,7364.45,55247.83,9,494,0
1003099,5,7874.1,457.7,55100.93,2,453,0
1003100,5,7855.04,23306.13,60970.43,6,686,0
1003101,1,500.0,30231.04,43738.37,3,765,0
1003102,3,13246.91,8019.95,31206.09,4,501,1
1003103,2,5776.68,33874.41,108955.25,6,644,0
1003104,4,500.0,21805.68,67375.07,0,619,0
1003105,1,500.0,9645.89,51176.88,1,602,0
1003106,2,7668.37,26734.82,82382.35,2,800,0
1003107,4,500.0,35496.06,96611.29,8,526,0
1003108,5,6016.61,35566.74,34912.5,2,684,1
1003109,5,2513.62,26374.13,60956.26,7,648,0
1003110,4,5896.65,36153.64,75532.78,8,795,0
1003111,5,5399.7,20045.55,53001.97,8,506,1
1003112,0,16633.99,23876.35,78927.1,6,821,0
1003113,0,9691.9,41911.45,45127.27,2,788,0
1003114,2,14360.78,18645.1,56560.96,2,606,0
1003115,4,1503.52,10140.95,67467.95,5,773,1
1003116,0,6617.26,5137.75,78477.32,2,694,0
1003117,3,2636.23,13673.53,70677.24,9,550,1
1003118,5,10597.47,0.0,56252.41,6,786,0
1003119,1,15275.8,8585.89,62509.13,4,418,0
1003120,2,8318.86,5979.84,27540.36,2,469,1
1003121,5,500.0,17803.87,112631.16,6,801,0
1003122,4,7018.01,3249.31,61692.65,4,759,0
1003123,3,12919.43,18603.23,63979.1,4,540,1
1003124,0,15195.62,19942.22,75195.68,8,844,0
1003125,0,6003.46,29750.0,81321.63,8,698,0
1003126,2,7591.57,32738.38,76752.66,6,515,1
1003127,2,2567.66,39266.42,56305.14,6,788,0
1003128,0,500.0,16985.96,36676.8,7,847,0
1003129,4,5695.25,3159.73,66379.28,8,761,0
1003130,5,14042.02,29563.22,53886.33,7,684,0
1003131,5,4087.25,25078.86,58796.51,10,790,0
1003132,2,10196.41,14765.84,69824.4,6,764,0
1003133,1,9019.85,30184.08,74684.9,8,624,0
1003134,2,5539.22,44205.78,95734.5,8,743,0
1003135,3,4351.47,24755.56,66905.96,6,781,0
1003136,4,500.0,15071.85,35273.43,4,422,1
1003137,0,6236.53,22739.65,81564.51,2,612,1
1003138,3,10191.42,9013.87,88415.25,1,822,0
1003139,5,11362.16,44502.66,36903.39,5,524,1
1003140,3,8545.07,5393.92,81981.77,7,680,0
1003141,0,8290.37,7713.92,73584.49,10,621,0
1003142,0,500.0,32702.43,58956.11,9,667,0
1003143,5,1526.38,17871.17,73261.87,10,556,0
1003144,3,4510.14,5203.66,77624.91,4,690,0
1003145,3,5624.35,31712.74,81684.87,1,747,0
1003146,3,797.4,34374.88,92817.8,6,735,0
1003147,4,4515.05,320.63,69568.43,7,776,0
1003148,2,6329.38,28188.55,69699.75,8,519,0
1003149,4,8369.85,32409.92,118203.11,0,470,1
1003150,2,7814.93,42916.0,48399.89,5,648,0
1003151,3,1235.26,26126.02,64330.44,1,480,1
1003152,1,3328.7,29511.48,62718.58,10,686,0
1003153,2,12370.02,21619.94,85208.13,4,577,1
1003154,0,3021.39,29020.67,92000.98,4,726,0
1003155,1,8977.24,41417.44,43352.2,1,613,0
1003156,0,14860.62,29099.71,94489.28,1,657,0
1003157,1,15241.85,12822.16,46010.98,7,831,0
1003158,1,925.45,19448.79,122097.4,2,686,0
1003159,0,7448.81,44353.85,56394.59,5,825,0
1003160,5,5503.28,5064.6,91966.38,0,515,1
1003161,1,3936.16,12993.38,64471.08,4,836,0
1003162,4,11930.71,12223.33,84048.71,10,503,1
1003163,3,8502.76,36414.83,54843.82,9,731,0
1003164,0,14068.92,9586.94,72494.67,7,428,0
1003165,3,1552.1,15196.99,70301.06,3,708,1
1003166,3,500.0,19602.92,71699.96,6,798,0
1003167,3,6765.39,27160.71,85762.96,2,527,1
1003168,3,7605.1,27869.71,61014.72,1,477,0
1003169,3,14067.6,6348.12,63355.62,3,573,1
1003170,5,5890.4,6346.19,43489.89,7,437,1
1003171,5,10146.65,2815.0,67065.33,0,409,1
1003172,4,13746.26,34321.86,60003.53,6,597,1
1003173,5,500.0,17240.6,87557.49,7,776,0
1003174,2,6973.87,22500.38,83286.72,0,586,0
1003175,1,4990.92,20303.28,55357.23,7,530,0
1003176,5,2221.26,2159.01,78717.32,0,507,1
1003177,3,4889.95,184.87,96178.73,4,443,0
1003178,5,6603.67,6528.34,65656.25,0,582,0
1003179,5,17989.17,44061.53,46363.93,8,547,1
1003180,2,2849.99,15518.62,119164.72,7,606,0
1003181,1,5658.8,26378.52,80953.64,3,551,0
1003182,1,12785.52,7887.48,83958.06,8,669,0
1003183,4,19994.51,52002.43,120031.81,2,728,0
1003184,0,1108.67,21375.05,53874.53,4,413,0
1003185,3,10628.66,1059.04,75990.91,0,410,0
1003186,1,4273.96,14286.3,31909.53,10,530,0
1003187,4,15424.88,24211.74,79738.39,1,509,1
1003188,1,11424.28,32480.14,77794.59,4,447,1
1003189,3,9528.66,15925.05,54189.68,4,805,0
1003190,5,13381.84,28294.82,52803.79,1,447,1
1003191,4,8761.01,23755.27,66351.89,3,786,0
1003192,0,7525.53,22846.89,65254.79,7,437,1
1003193,2,10038.03,15173.36,101581.37,4,686,0
1003194,3,500.0,24899.51,64980.26,1,577,1
1003195,5,7620.96,33708.75,66697.07,0,655,1
1003196,3,13066.63,20128.76,66340.58,0,639,0
1003197,3,500.0,16106.52,37840.7,0,506,1
1003198,1,500.0,54124.83,60109.93,8,453,1
1003199,2,10924.76,28617.7,42788.5,7,795,1
1003200,2,10764.2,28213.96,72405.22,4,731,0
1003201,3,7989.69,2472.78,25928.5,4,744,0
1003202,4,10852.95,33500.6,47331.01,3,681,0
1003203,4,6816.28,721.19,74953.23,8,635,0
1003204,1,14403.59,34733.16,27783.88,6,784,1
1003205,5,2381.5,24264.7,38635.0,9,479,1
1003206,4,15564.32,14323.35,89768.67,2,676,0
1003207,3,7233.52,11822.6,43175.83,3,503,1
1003208,5,3957.95,22267.07,69658.72,2,696,1
1003209,3,11336.3,15395.23,75995.45,5,576,0
1003210,5,5811.81,0.0,48591.48,6,597,0
1003211,2,16676.06,33149.84,36009.66,8,554,1
1003212,5,5694.18,1642.43,100421.9,7,672,0
1003213,2,1657.57,18070.27,58661.87,1,435,0
1003214,3,500.0,14324.79,80182.28,0,749,0
1003215,1,8864.76,39026.99,54611.13,8,588,1
1003216,3,18883.2,1528.63,77129.32,2,842,1
1003217,3,11709.72,32244.97,43532.56,4,606,0
1003218,0,7699.64,25785.26,42292.4,6,462,1
1003219,5,500.0,0.0,48877.57,2,535,1
1003220,4,1016.89,2932.93,57247.12,0,611,0
1003221,3,10029.37,11636.55,57245.7,5,578,0
1003222,4,5164.34,7285.3,63208.05,1,525,0
1003223,1,7702.85,22707.7,78498.34,7,555,0
1003224,4,7724.03,26907.52,59081.21,9,732,1
1003225,0,10769.45,32804.55,88540.56,9,574,0
1003226,1,4715.66,11190.29,56542.2,2,476,1
1003227,5,10984.9,26413.28,83090.1,9,682,0
1003228,5,13410.83,17230.7,96088.16,7,735,0
1003229,1,7171.69,26282.6,104686.73,0,628,0
1003230,4,10737.26,19292.93,30011.76,1,728,0
1003231,4,6937.68,19793.16,104378.0,1,495,1
1003232,4,5110.71,16029.95,34477.63,9,472,0
1003233,5,8876.85,26291.89,98242.81,3,760,0
1003234,1,6351.36,21446.4,69571.93,6,757,0
1003235,5,3983.23,8266.94,76873.0,0,635,0
1003236,3,6912.85,0.0,50897.7,9,623,0
1003237,3,6494.62,32237.01,88562.83,4,611,0
1003238,2,12351.42,29365.76,83579.75,10,505,1
1003239,5,14016.27,19080.65,58759.39,4,724,0
1003240,5,500.0,34354.75,57495.48,7,577,0
1003241,2,500.0,19457.44,87007.24,5,741,0
1003242,0,3940.77,18612.51,90518.21,8,603,0
1003243,5,13284.92,14949.33,85243.14,3,784,0
1003244,0,1631.33,35620.19,62228.83,2,783,0
1003245,4,1930.55,42110.96,69922.31,2,767,0
1003246,2,500.0,17654.32,88650.98,8,527,0
1003247,0,3563.83,12535.03,86629.97,6,704,0
1003248,5,6254.76,33115.49,92459.74,7,741,0
1003249,4,12680.71,31058.73,72718.73,0,727,0
1003250,2,17006.17,27954.49,55781.78,10,797,0
1003251,0,8021.71,2812.37,75662.41,0,477,0
1003252,3,9962.44,23833.79,78939.44,0,698,0
1003253,5,10654.6,22538.7,59222.58,8,717,0
1003254,1,8525.57,16702.12,78853.87,8,566,0
1003255,0,10049.06,25736.65,53105.72,2,520,0
1003256,0,500.0,18376.58,75026.71,8,658,0
1003257,4,10754.27,25079.04,57771.7,1,522,1
1003258,5,11822.49,20122.71,112239.63,9,668,0
1003259,0,500.0,16875.77,93719.35,2,461,0
1003260,0,2904.21,40993.27,75129.67,0,583,1
1003261,3,9075.05,19806.6,43585.61,6,583,0
1003262,3,9883.11,27777.67,45284.3,3,732,0
1003263,2,10778.75,31711.17,83851.17,2,416,1
1003264,1,15469.13,8847.92,66854.84,2,568,0
1003265,5,11481.63,18124.45,76043.61,7,699,0
1003266,5,19557.57,9806.86,38338.34,4,628,1
1003267,1,6036.59,18298.32,39758.5,7,739,0
1003268,1,3220.1,6144.45,72174.92,7,793,0
1003269,4,904.43,30888.36,65705.25,4,751,0
1003270,2,11760.89,20362.41,43202.59,8,556,0
1003271,5,14629.57,5444.66,53860.67,10,465,0
1003272,5,4013.46,26021.83,85570.88,6,446,1
1003273,0,7878.23,8285.12,61170.76,8,692,0
1003274,1,1266.09,2972.24,81377.71,5,463,0
1003275,4,15876.74,25417.35,102931.59,1,779,0
1003276,0,8978.74,20931.11,76621.65,8,664,0
1003277,0,12747.31,11543.61,72445.5,2,423,0
1003278,1,3430.47,28985.18,57962.73,1,758,0
1003279,4,9212.45,25860.96,94232.47,1,493,0
1003280,5,14056.58,22459.31,40966.83,10,847,0
1003281,5,9286.4,32650.78,47895.28,7,526,1
1003282,1,500.0,23979.97,69508.67,9,651,0
1003283,0,3866.49,35465.28,40392.64,2,612,0
1003284,1,6280.92,24565.07,89488.31,7,563,0
1003285,5,10693.17,24461.1,57367.55,4,484,1
1003286,4,9641.41,0.0,80459.76,0,435,0
1003287,2,12765.21,16231.81,63677.44,1,646,0
1003288,3,7442.83,43468.39,64822.72,10,843,0
1003289,1,1577.84,13502.49,70141.75,9,560,0
1003290,4,13200.61,18794.31,30593.63,3,540,1
1003291,5,10008.54,15087.23,48088.79,8,698,0
1003292,3,500.0,0.0,60396.24,8,850,0
1003293,2,7359.0,27607.0,114287.66,7,643,0
1003294,1,1875.71,43194.66,86145.94,10,837,0
1003295,1,19915.42,40520.9,84336.44,7,712,0
1003296,4,6866.77,17631.48,49098.76,1,761,0
1003297,1,8169.96,9653.43,87716.69,3,517,0
1003298,2,12962.8,13782.33,94771.46,4,652,0
1003299,5,1569.34,26542.06,84910.31,2,721,0
1003300,5,11447.65,15613.05,122358.09,9,568,1
1003301,5,7380.98,29833.95,42899.39,0,733,0
1003302,0,10156.84,23807.12,48331.22,8,579,0
1003303,2,797.84,5535.36,64584.55,4,727,0
1003304,2,10513.19,6563.56,50339.64,0,609,0
1003305,2,518.19,30555.97,70886.47,9,438,1
1003306,3,8422.57,30625.45,80261.57,8,450,0
1003307,3,10007.47,20566.58,69587.67,0,827,0
1003308,3,10851.4,38132.34,71867.11,8,690,0
1003309,5,12550.97,19673.7,77950.54,2,663,1
1003310,3,500.0,16895.98,85337.72,1,749,0
1003311,0,16819.43,19902.88,56635.99,5,528,0
1003312,1,7189.43,27052.32,56448.56,3,569,0
1003313,4,8584.79,0.0,93691.44,0,600,0
1003314,4,13108.42,22055.05,63037.97,5,699,0
1003315,5,17127.97,22191.26,53171.66,3,637,1
1003316,3,4022.64,10245.77,75499.65,3,528,1
1003317,2,8191.04,10126.41,62779.8,8,637,1
1003318,5,9072.18,35248.63,72200.25,1,573,1
1003319,2,14972.98,14739.5,68534.29,2,517,1
1003320,0,9982.61,16770.37,82451.73,6,492,0
1003321,5,19246.42,31535.39,88103.93,3,525,1
1003322,2,11983.45,5549.66,53215.03,6,646,1
1003323,2,5216.6,50117.61,45499.52,3,569,0
1003324,4,5042.98,11421.5,101726.36,2,595,0
1003325,2,7386.91,12692.12,56090.8,2,753,0
1003326,5,8039.33,2941.73,38761.33,0,715,0
1003327,5,4818.01,12927.83,31846.42,8,601,0
1003328,1,9419.35,8805.22,69056.83,3,662,0
1003329,2,12839.12,14720.44,56893.36,10,425,1
1003330,0,6527.11,6942.85,33147.01,10,589,0
1003331,3,13349.84,0.0,50816.24,6,608,0
1003332,2,11650.77,34451.16,48578.3,10,539,1
1003333,1,10160.76,29358.58,89679.68,2,497,0
1003334,0,15560.51,28204.18,74450.56,1,736,0
1003335,4,15412.82,26780.19,69502.36,2,413,1
1003336,0,2362.51,27474.27,44317.42,2,840,0
1003337,2,9523.49,11760.33,66108.62,7,840,0
1003338,3,11012.24,55001.57,82970.16,3,684,0
1003339,4,2632.14,13068.44,72895.99,7,538,0
1003340,1,500.0,5630.44,90835.42,9,538,0
1003341,2,7533.92,44839.87,71264.11,8,646,1
1003342,4,3335.01,15427.4,83550.34,2,704,0
1003343,5,7104.57,20884.63,78841.05,1,566,0
1003344,5,1906.37,8078.17,58359.31,9,603,0
1003345,3,11546.57,17098.21,96438.43,2,431,1
1003346,1,2369.12,25981.87,76932.53,9,800,0
1003347,5,1045.21,24159.46,86181.07,3,807,0
1003348,4,6554.95,5491.53,48404.13,5,524,0
1003349,2,8431.57,29325.19,47977.35,4,822,0
1003350,4,2750.54,10823.04,66092.83,10,783,0
1003351,4,9899.75,1378.41,53585.22,8,490,0
1003352,0,2163.56,31103.02,82078.89,1,475,0
1003353,1,16840.95,24187.28,77870.08,0,593,0
1003354,5,10159.98,17437.82,94205.92,8,714,0
1003355,3,10481.41,10817.4,81461.59,3,573,0
1003356,0,8598.24,29434.24,47098.48,6,732,0
1003357,3,8581.0,16955.35,88648.42,1,482,1
1003358,2,500.0,11827.62,56689.51,0,818,0
1003359,1,9669.04,26937.97,55016.1,8,701,0
1003360,0,11482.43,23610.42,70927.71,8,518,0
1003361,3,3726.21,5649.03,69508.98,7,754,0
1003362,1,9040.77,35256.69,90423.68,10,589,0
1003363,5,2476.73,42.23,126211.19,8,744,0
1003364,1,12559.22,10436.78,78154.92,6,719,0
1003365,1,8396.19,24534.59,98768.43,3,707,0
1003366,0,16011.98,19057.78,65461.38,2,461,0
1003367,2,12439.09,29768.72,76420.14,5,415,0
1003368,1,5496.94,27138.16,59343.7,8,718,0
1003369,5,9282.96,0.0,61232.01,9,509,0
1003370,4,17577.89,36158.88,96536.75,2,437,0
1003371,2,14878.93,14150.2,78741.37,0,635,0
1003372,5,5715.77,20179.69,78597.77,0,821,0
1003373,0,3114.69,11019.14,53681.79,8,719,0
1003374,1,5115.52,7171.13,103840.74,9,541,0
1003375,3,3782.77,27904.78,66138.45,8,579,0
1003376,0,5603.71,25924.48,56689.81,10,717,0
1003377,2,22855.22,23255.71,69304.54,4,607,0
1003378,0,10435.4,12357.11,83151.52,7,655,0
1003379,5,15659.0,39172.8,84656.17,8,780,0
1003380,4,3102.15,24782.98,99061.97,5,433,1
1003381,3,10445.97,27356.61,48509.42,8,418,1
1003382,5,12641.67,21303.67,61105.01,9,802,0
1003383,4,500.0,23869.85,100860.74,1,526,1
1003384,1,4534.67,34248.92,115106.54,9,772,0
1003385,2,500.0,32912.72,57159.85,10,536,1
1003386,3,966.83,33689.18,67789.39,3,783,0
1003387,5,3773.88,21701.87,38858.19,10,847,0
1003388,1,11794.62,21958.74,53274.14,5,816,0
1003389,4,12921.65,6382.72,52074.22,2,508,1
1003390,5,5498.73,18019.95,67662.47,9,637,0
1003391,0,2964.74,13605.56,45943.76,10,428,0
1003392,1,15706.35,10352.79,88303.0,5,526,1
1003393,3,7968.33,20374.29,68582.73,6,592,0
1003394,2,6822.13,21242.83,64675.35,1,424,1
1003395,5,17097.6,11783.34,88126.25,5,695,0
1003396,2,6900.87,0.0,64407.48,2,493,0
1003397,3,1578.0,17184.56,44978.31,8,475,1
1003398,1,13275.88,20364.91,70285.97,1,696,0
1003399,5,5462.81,24063.26,113063.48,10,779,0
1003400,3,500.0,9612.5,71736.45,2,849,0
1003401,1,12995.69,4530.4,80190.72,2,495,0
1003402,5,3503.54,0.0,65816.67,4,752,0
1003403,3,5049.07,20044.97,65366.54,1,719,0
1003404,2,11160.52,13101.14,79818.2,5,768,0
1003405,3,13997.88,27254.83,16967.26,9,479,1
1003406,1,500.0,3034.57,44999.62,5,620,0
1003407,1,9881.87,36072.09,57874.09,4,798,0
1003408,1,12870.8,17847.15,64378.95,10,662,0
1003409,4,14788.18,17566.85,98747.51,6,497,0
1003410,2,7744.04,21868.06,118699.48,7,408,1
1003411,2,3973.18,28549.69,82330.43,5,731,0
1003412,4,10333.71,29718.33,77693.55,0,438,1
1003413,3,500.0,0.0,83361.03,9,779,0
1003414,1,15065.79,13260.51,99811.47,10,699,0
1003415,4,5712.51,25422.74,50122.45,6,520,0
1003416,5,861.01,27048.32,59931.65,6,501,1
1003417,4,9611.07,22751.88,72845.78,7,449,1
1003418,4,13766.39,9454.4,75689.91,10,557,0
1003419,0,11031.01,25144.33,31865.91,8,667,1
1003420,2,1974.59,17903.23,78320.04,3,543,0
1003421,0,15624.38,20123.69,38040.9,0,629,0
1003422,0,10314.86,34769.54,85016.13,10,686,0
1003423,4,8067.7,18844.87,86620.33,6,620,0
1003424,0,7388.23,25576.69,24629.09,1,518,0
1003425,3,13480.25,37614.22,79768.81,6,754,0
1003426,1,10425.36,32134.89,73651.13,1,726,0
1003427,0,8258.62,5097.85,57406.91,1,613,0
1003428,4,9082.74,7306.05,88709.4,9,487,0
1003429,0,9141.75,0.0,109680.33,1,628,0
1003430,5,8514.73,32797.69,79634.21,8,567,1
1003431,2,7865.63,18023.64,47922.56,0,623,0
1003432,5,8997.12,13604.92,40964.28,4,463,1
1003433,1,15191.49,19075.1,46394.55,4,609,0
1003434,5,2776.47,6045.82,49422.48,7,430,0
1003435,5,500.0,26869.88,92114.13,8,587,0
1003436,5,4031.85,9410.22,75448.45,5,717,0
1003437,1,10030.12,30911.25,69167.37,2,479,1
1003438,2,5886.02,23237.17,87111.97,9,464,1
1003439,5,8068.4,19346.17,70075.26,9,538,1
1003440,0,11456.44,26769.92,70398.07,9,809,0
1003441,4,9771.16,17145.58,52925.92,0,525,1
1003442,3,10368.8,19751.72,57282.49,0,825,0
1003443,3,11999.97,34561.79,70308.81,3,517,1
1003444,3,10581.3,40228.31,46388.93,2,433,0
1003445,4,5737.4,26761.02,102809.15,2,754,0
1003446,4,5850.64,36913.55,72162.07,7,460,0
1003447,4,7363.82,1278.78,58759.11,10,458,0
1003448,0,2639.41,21832.37,89145.45,8,644,1
1003449,1,5891.73,19982.54,48591.14,1,499,1
1003450,3,2644.3,14571.27,90790.65,6,675,0
1003451,2,4547.82,26600.6,71385.87,9,641,0
1003452,3,500.0,43224.45,107214.87,9,724,0
1003453,0,888.53,26442.62,58734.62,5,546,0
1003454,3,14263.03,33710.02,61775.81,1,531,1
1003455,0,500.0,36842.53,52861.26,2,514,1
1003456,0,9764.34,36219.03,44816.25,8,739,0
1003457,5,10583.09,21274.12,74684.8,4,573,0
1003458,4,12818.69,13153.6,48577.49,3,785,0
1003459,5,5876.25,34097.08,76038.97,1,630,0
1003460,1,9132.56,30882.67,56927.94,6,759,0
1003461,4,7035.62,15068.16,90689.48,6,706,0
1003462,0,9019.86,39804.2,18798.18,9,714,1
1003463,0,9513.96,10647.7,77970.25,7,838,0
1003464,3,12229.81,5938.69,70604.67,7,608,0
1003465,3,7661.77,19814.28,69678.39,4,785,0
1003466,0,5152.08,4869.65,57033.52,8,773,0
1003467,4,4200.04,18690.19,104488.83,8,598,0
1003468,5,2469.57,19816.08,61469.34,10,716,0
1003469,2,7883.48,13645.97,78133.68,8,608,0
1003470,3,10926.08,21352.75,64402.47,8,703,0
1003471,2,5978.09,5547.75,62462.24,7,592,0
1003472,5,10350.24,0.0,71393.06,7,626,0
1003473,4,13926.66,30224.98,83099.14,8,513,1
1003474,4,4311.3,31516.78,47382.97,6,689,1
1003475,0,13413.79,30686.12,60253.62,4,829,0
1003476,4,9069.92,15671.14,41545.66,6,564,1
1003477,2,3248.47,25925.81,77565.66,1,438,0
1003478,4,3664.91,16564.73,52609.24,3,721,0
1003479,1,9213.25,34614.85,54762.74,5,498,1
1003480,0,7401.84,6544.99,82589.62,10,716,0
1003481,2,11140.41,23962.82,69370.99,5,701,0
1003482,2,500.0,15033.84,77674.54,5,828,0
1003483,3,13534.61,28940.33,66803.15,1,669,0
1003484,0,13560.07,21397.69,77759.01,4,461,0
1003485,2,2242.81,0.0,71331.32,7,531,0
1003486,3,4478.22,16744.27,47363.19,4,528,0
1003487,5,17603.23,8943.19,73824.58,4,823,0
1003488,0,11907.8,25965.14,62734.78,8,788,0
1003489,5,7026.47,30716.15,64813.22,7,589,1
1003490,1,6257.23,6340.44,75168.86,4,796,0
1003491,4,8020.47,25591.97,58618.64,2,672,1
1003492,0,11757.46,8561.13,48461.94,9,547,0
1003493,4,6444.07,14597.32,93177.8,2,448,1
1003494,5,10246.16,22432.46,106277.69,4,812,0
1003495,3,5006.31,34931.36,62721.01,1,802,0
1003496,3,500.0,26092.87,92474.2,3,738,0
1003497,1,8519.28,28236.35,77275.96,9,453,1
1003498,0,5181.8,14819.64,56783.0,1,655,1
1003499,4,13904.33,18844.13,52926.05,7,582,0
1003500,5,9375.1,27897.22,63994.67,8,710,0
1003501,0,11294.7,22499.88,61025.11,3,800,0
1003502,4,1483.46,22469.93,62957.03,4,645,0
1003503,3,11804.14,25299.93,67115.75,0,826,0
1003504,4,500.0,40187.13,47037.38,2,493,1
1003505,3,12627.29,36803.85,86827.59,3,808,0
1003506,5,8977.98,37443.22,47055.56,0,794,1
1003507,0,12717.86,25238.09,48269.29,8,774,0
1003508,0,15775.76,11531.7,88014.93,7,829,0
1003509,1,13777.16,6800.28,84755.36,9,511,0
1003510,0,3252.76,22408.66,98607.69,6,493,0
1003511,4,2615.08,8964.03,72304.94,1,422,0
1003512,3,9386.48,0.0,56748.63,0,743,0
1003513,5,9244.78,17105.42,92437.79,10,608,0
1003514,5,9666.15,47054.46,67689.2,7,537,0
1003515,2,3084.53,20885.54,67112.84,2,435,0
1003516,4,2262.34,22487.53,52682.12,10,525,0
1003517,3,8176.21,19983.27,77630.81,0,833,0
1003518,5,15639.89,22651.65,22389.94,6,439,1
1003519,4,3045.9,5049.82,80087.66,1,411,1
1003520,2,9826.89,23918.44,29655.37,0,519,1
1003521,3,10180.35,30197.01,87006.23,0,552,1
1003522,1,6299.02,23889.01,38525.25,3,495,0
1003523,2,500.0,24297.24,83169.41,2,498,1
1003524,0,10766.55,21209.01,118936.08,8,648,0
1003525,3,500.0,29374.56,64040.12,8,414,1
1003526,0,7158.27,7397.95,46307.53,9,842,0
1003527,4,500.0,0.0,108388.83,5,629,0
1003528,5,3920.02,15023.99,60782.14,0,570,1
1003529,4,12639.91,20537.18,47356.09,8,441,1
1003530,2,500.0,28036.4,94652.78,8,494,1
1003531,3,1100.84,12002.33,15000.0,1,806,1
1003532,3,4198.73,22828.78,39966.93,5,556,1
1003533,3,3272.23,20295.85,43313.34,8,712,0
1003534,2,7953.03,29343.97,55712.48,10,480,1
1003535,1,6920.98,15281.37,29141.98,1,571,1
1003536,1,8542.02,28173.31,86033.42,7,552,0
1003537,0,7880.73,29558.3,90030.62,3,780,0
1003538,0,7959.48,17520.91,68468.95,6,584,0
1003539,4,16197.21,18994.02,61313.9,10,761,0
1003540,2,2768.36,15342.89,38334.13,7,816,0
1003541,1,9058.12,12371.63,78938.8,8,552,0
1003542,5,7217.9,13285.11,55578.33,10,501,0
1003543,2,11544.8,8018.35,81886.58,8,783,0
1003544,4,500.0,29220.39,89971.96,8,818,0
1003545,5,3593.58,25513.6,70510.2,7,819,0
1003546,1,9778.56,19236.54,27333.72,4,466,0
1003547,0,7406.31,21968.31,50863.32,4,682,0
1003548,0,14014.68,21146.71,96879.11,8,459,1
1003549,4,500.0,38365.74,75097.7,6,563,1
1003550,3,19534.61,31061.01,98006.58,4,588,1
1003551,1,10058.35,16800.26,24912.08,4,806,0
1003552,3,6019.57,28811.46,67354.45,8,732,0
1003553,3,3796.7,1331.43,66088.77,8,825,0
1003554,5,2853.67,14870.75,37115.67,9,777,0
1003555,4,4452.69,11592.8,56723.58,7,561,0
1003556,1,8019.95,24438.39,89170.98,10,791,0
1003557,4,3316.41,14172.97,80445.35,9,446,1
1003558,3,9782.42,11361.7,58911.91,3,497,1
1003559,4,5372.78,12036.04,76148.67,9,792,0
1003560,5,10818.29,3727.64,93463.95,0,432,1
1003561,3,3487.69,5046.71,48036.73,9,702,0
1003562,0,8464.9,9032.08,75484.55,5,802,0
1003563,3,3718.87,24858.28,90507.6,1,510,1
1003564,5,13451.44,23608.39,55855.78,4,716,0
1003565,1,7616.33,29309.09,95681.28,0,659,0
1003566,1,9219.19,40158.86,67840.44,7,718,0
1003567,0,16519.43,31177.71,91840.01,4,544,1
1003568,4,8911.32,0.0,88123.1,6,459,0
1003569,4,4129.27,13149.84,74942.21,10,815,0
1003570,2,7013.63,38263.45,63824.42,1,453,1
1003571,0,5526.03,22352.41,56546.97,6,559,0
1003572,5,11265.07,24907.95,73064.43,5,408,1
1003573,5,17194.53,22999.8,73886.49,6,494,1
1003574,1,16805.86,4259.65,97759.89,6,696,0
1003575,1,7322.32,25297.44,67955.62,9,427,0
1003576,5,8143.75,18671.94,76742.41,2,504,0
1003577,4,13593.83,8802.4,103398.13,6,559,0
1003578,2,11617.42,24784.51,76163.89,7,554,0
1003579,2,500.0,40520.61,78836.82,1,846,1
1003580,3,3639.16,18234.19,101878.82,10,490,0
1003581,3,5621.61,5373.06,71526.93,5,504,0
1003582,0,4479.62,18909.18,77691.64,0,743,0
1003583,4,8282.26,9806.52,84815.62,9,610,0
1003584,1,10470.42,0.0,67360.92,7,628,0
1003585,1,1964.82,14578.99,47435.45,8,838,0
1003586,5,12242.56,24783.88,40445.89,0,499,1
1003587,4,7975.52,9107.04,65652.39,0,410,1
1003588,4,11422.73,19128.69,92199.77,10,797,0
1003589,4,17258.0,18634.34,89621.48,10,538,0
1003590,1,5533.77,14848.47,102297.29,5,549,1
1003591,3,500.0,15506.48,87827.96,5,771,0
1003592,0,5578.52,16423.53,56733.03,10,684,0
1003593,3,7703.35,16921.27,40602.1,3,450,1
1003594,4,5643.52,18559.36,59375.59,0,803,0
1003595,2,6834.26,26135.32,64399.25,4,819,0
1003596,3,2849.38,14377.25,54845.45,6,411,0
1003597,5,10595.15,10395.72,88140.55,10,777,0
1003598,1,15144.15,25879.25,53853.93,1,486,1
1003599,2,11805.8,12255.52,81301.2,9,471,0
1003600,2,3241.95,45092.61,85331.68,8,746,0
1003601,1,8247.64,17196.13,34895.43,3,670,0
1003602,3,10174.9,43317.74,61235.28,9,601,0
1003603,3,2993.66,23106.47,94811.54,7,654,0
1003604,2,7531.85,23725.43,86563.13,10,496,0
1003605,5,3846.9,30660.7,72127.59,0,715,0
1003606,5,16214.27,25116.42,47541.29,2,565,1
1003607,5,12409.2,18616.15,55642.9,8,543,1
1003608,3,9023.65,16128.91,71431.95,10,655,0
1003609,3,500.0,9384.58,94904.55,0,578,1
1003610,0,11370.71,8960.49,79537.16,4,436,1
1003611,2,2225.15,30047.18,67946.33,7,514,0
1003612,2,12690.03,0.0,74351.86,10,841,0
1003613,4,14179.66,40135.56,85239.02,3,537,1
1003614,4,14099.61,31004.02,34633.16,5,583,1
1003615,3,8227.0,16452.83,49885.49,1,485,0
1003616,0,3443.73,40342.79,70292.3,1,431,1
1003617,4,9590.22,42003.1,93848.28,1,808,0
1003618,3,9885.66,33100.33,91251.4,0,671,0
1003619,4,500.0,0.0,54082.65,10,801,0
1003620,1,4356.68,0.0,70151.6,6,776,0
1003621,4,11439.6,27602.16,54854.24,2,567,1
1003622,4,6177.63,5981.39,61853.78,9,620,0
1003623,5,14557.29,24627.18,72538.74,5,715,0
1003624,5,8470.83,15036.39,62419.03,1,752,0
1003625,3,10618.49,24411.25,58492.09,1,625,0
1003626,0,10520.18,16005.24,46366.64,7,424,1
1003627,5,10526.84,19831.85,37969.01,5,532,0
1003628,1,14717.64,0.0,65793.45,9,545,0
1003629,3,6565.77,19190.43,73467.01,9,562,0
1003630,2,3120.77,9305.02,81967.29,2,668,0
1003631,1,904.69,31876.55,53289.72,2,835,0
1003632,5,8728.37,11720.55,55178.11,5,473,1
1003633,3,1835.42,24874.72,94846.07,7,559,0
1003634,2,2628.26,26397.83,77928.25,4,526,1
1003635,4,9266.64,17787.89,87292.96,3,664,0
1003636,5,6271.02,9794.34,58263.1,2,768,0
1003637,2,7070.44,21130.15,55336.15,1,826,0
1003638,2,16781.37,17903.07,46618.53,10,632,0
1003639,1,9883.38,28540.55,89402.16,8,539,0
1003640,2,5323.08,8545.25,46928.13,9,504,0
1003641,2,7948.38,5721.5,35048.15,3,766,0
1003642,5,2563.59,27544.49,54659.45,3,428,0
1003643,4,8674.01,22235.13,94880.33,7,458,0
1003644,2,10641.34,33244.83,70157.56,4,435,1
1003645,1,15158.69,35228.48,74278.72,10,732,0
1003646,4,10147.99,0.0,71934.62,8,785,0
1003647,0,8690.49,22260.18,68694.79,7,765,0
1003648,3,9705.16,21064.85,66260.17,1,529,0
1003649,5,9227.86,20168.71,41596.49,3,778,0
1003650,2,6065.64,30242.21,102809.35,0,410,1
1003651,5,500.0,42015.04,66558.75,6,839,0
1003652,4,5495.04,17093.32,93803.74,5,672,0
1003653,5,10203.13,17684.65,38414.41,8,722,0
1003654,2,11047.4,26910.8,80402.56,7,451,1
1003655,4,8901.95,28025.18,46044.14,2,840,0
1003656,2,7065.2,17750.18,43810.72,9,581,0
1003657,4,5246.94,29342.06,74911.13,10,531,0
1003658,2,6329.52,35185.8,90162.54,1,784,0
1003659,3,1465.76,12971.64,96888.88,2,639,0
1003660,0,18188.36,33969.92,96155.76,7,466,0
1003661,3,6400.63,10025.5,64176.72,0,502,1
1003662,5,8681.78,34205.72,85257.45,1,569,1
1003663,4,10213.36,8627.78,57665.39,5,445,0
1003664,1,3286.61,9135.34,58813.56,7,632,0
1003665,1,2607.14,3008.45,74458.31,5,602,0
1003666,5,4556.0,15363.51,67243.52,5,695,0
1003667,1,7924.39,18432.75,86534.69,1,726,0
1003668,4,11597.33,17242.5,33048.07,4,467,1
1003669,4,4610.06,14573.37,92271.03,5,752,0
1003670,3,5180.0,15999.3,58003.01,1,772,0
1003671,3,3600.34,13033.99,99074.01,2,415,1
1003672,5,9055.94,14314.17,92434.93,3,744,0
1003673,5,8809.64,20446.99,46641.51,8,825,0
1003674,2,11955.63,12196.8,68620.72,2,581,0
1003675,2,14091.25,20584.22,83146.27,5,517,0
1003676,1,10404.6,6073.61,53822.07,9,652,0
1003677,2,6766.65,3062.56,54844.72,5,537,0
1003678,5,5353.42,27697.78,63554.94,10,501,0
1003679,0,9304.08,9370.54,84492.82,1,776,0
1003680,0,7076.18,19817.88,87740.34,1,674,0
1003681,0,9896.5,6900.75,61227.16,10,804,0
1003682,1,12186.75,1079.28,86164.19,8,725,0
1003683,0,4791.92,2638.34,99022.05,2,734,0
1003684,4,10926.93,8245.51,87996.69,6,756,0
1003685,3,8492.43,33787.79,55064.84,6,555,1
1003686,5,604.46,10221.27,52907.64,2,465,0
1003687,5,12363.06,21284.71,75358.12,8,613,0
1003688,1,7614.74,13953.17,86044.39,9,838,0
1003689,0,4688.39,19807.28,78227.4,5,777,0
1003690,5,11123.91,4281.82,62022.14,7,728,0
1003691,0,12801.45,31271.36,51209.71,3,566,1
1003692,0,2951.37,20890.05,94979.78,9,501,0
1003693,4,6979.43,13135.95,66739.97,7,764,0
1003694,4,1297.63,27950.4,106850.7,2,602,0
1003695,1,6431.79,468.98,46899.49,7,754,0
1003696,3,8974.06,10059.6,63141.99,3,501,0
1003697,0,8756.27,22597.26,56974.88,1,615,0
1003698,1,7784.68,36996.65,106420.61,4,761,0
1003699,5,15306.69,12598.93,94359.98,2,805,0
1003700,4,12033.67,39840.87,59921.93,1,427,1
1003701,0,9526.69,32464.52,31420.66,2,578,1
1003702,5,9397.39,8163.19,92706.93,6,526,1
1003703,2,7984.58,24668.89,72382.8,0,740,1
1003704,1,5092.28,31942.94,47357.51,2,753,0
1003705,4,3702.33,7273.12,39921.06,6,691,0
1003706,1,7165.41,36153.65,77763.66,2,738,0
1003707,4,10930.21,429.47,65719.15,10,554,0
1003708,0,4966.43,34934.65,72680.61,4,433,0
1003709,5,500.0,32205.88,77673.2,2,643,0
1003710,4,11194.42,38329.35,62459.49,4,417,1
1003711,3,6719.15,28727.17,64400.16,10,676,0
1003712,5,11612.68,22051.79,82946.52,2,676,0
1003713,0,9192.86,161.67,67643.73,4,645,0
1003714,0,2581.47,39631.11,64322.73,5,782,0
1003715,0,2754.49,26536.53,82553.55,10,457,0
1003716,3,5563.15,28814.98,30539.47,10,587,0
1003717,3,500.0,12118.62,94546.78,1,847,0
1003718,2,18043.93,0.0,78707.0,0,520,0
1003719,3,5386.07,24646.03,54665.47,3,836,0
1003720,5,6009.57,8450.54,66367.56,9,409,1
1003721,1,1321.02,18542.53,94287.3,9,424,0
1003722,0,8500.27,25527.62,80879.58,4,502,1
1003723,0,11794.94,3609.16,34547.07,9,826,0
1003724,4,15902.52,24242.79,49731.06,6,693,0
1003725,2,5596.11,9932.46,73534.41,8,643,0
1003726,5,15649.87,12161.58,105373.65,8,462,1
1003727,1,9822.92,27857.21,85093.59,7,463,1
1003728,3,1081.49,1606.53,66002.76,8,787,0
1003729,2,13989.84,12131.24,81422.57,3,771,0
1003730,2,5280.95,16016.86,70261.18,10,434,0
1003731,2,11022.67,30831.92,63941.48,10,599,0
1003732,1,10389.42,17852.53,77527.44,8,650,0
1003733,4,6805.31,26710.66,27510.55,6,723,1
1003734,2,6216.87,5861.21,90031.66,0,411,1
1003735,2,11738.28,1120.38,80624.73,9,774,0
1003736,3,4699.78,16931.57,61238.05,6,640,0
1003737,5,3435.45,37236.19,52999.76,4,646,0
1003738,2,14132.36,24905.85,46032.31,10,567,1
1003739,3,7404.73,13679.15,75385.26,10,430,0
1003740,3,16074.64,11377.09,72931.38,6,820,0
1003741,1,999.07,34637.27,73493.49,6,772,0
1003742,0,7781.53,26265.62,103950.83,2,775,0
1003743,5,8355.73,1876.25,26311.54,7,715,0
1003744,0,3532.49,0.0,55690.26,10,623,0
1003745,3,15014.14,41614.08,54645.79,1,811,0
1003746,4,7853.92,20671.32,88796.31,2,456,1
1003747,5,500.0,18991.63,65010.5,4,527,1
1003748,2,10908.72,23066.63,51295.17,2,606,0
1003749,1,781.15,17787.15,74122.13,1,755,0
1003750,0,8720.84,17067.4,78058.08,7,556,1
1003751,5,10406.27,18061.39,101977.27,3,794,0
1003752,5,19874.11,0.0,75050.37,0,547,1
1003753,3,5686.67,14875.94,61280.38,6,565,0
1003754,1,8511.19,13253.83,60035.66,7,550,0
1003755,2,5390.71,31411.55,53886.8,3,589,0
1003756,5,4945.71,30366.94,79692.38,3,768,1
1003757,1,11565.62,14302.08,86219.83,0,555,1
1003758,5,13748.64,17273.46,65516.52,5,624,0
1003759,0,12095.32,19729.73,67325.11,4,410,1
1003760,2,500.0,42027.38,97361.85,10,653,0
1003761,0,12187.22,31407.17,72008.6,8,510,0
1003762,2,7322.83,10865.29,79893.58,8,625,0
1003763,1,2209.25,35882.94,48486.71,4,554,0
1003764,5,3802.35,7774.48,58006.39,7,576,0
1003765,1,500.0,32149.35,27630.33,8,456,1
1003766,1,10638.22,20032.0,42894.14,8,611,1
1003767,3,7286.8,4959.44,77314.27,4,747,0
1003768,2,8775.85,13649.58,94739.76,10,678,0
1003769,2,4083.76,16602.69,64716.3,6,597,0
1003770,2,3369.19,31495.16,46337.52,6,782,0
1003771,0,11031.65,34280.78,71856.46,3,659,0
1003772,2,11957.85,0.0,92713.17,8,679,0
1003773,0,7703.4,13042.43,66771.57,0,534,0
1003774,0,7366.87,31551.56,88245.46,5,711,0
1003775,0,11363.56,24786.05,68763.73,8,567,0
1003776,3,17306.61,24934.76,45594.06,9,494,1
1003777,0,9587.35,26543.2,52030.04,5,741,1
1003778,1,7784.93,27832.49,64937.62,1,663,0
1003779,1,6633.09,34196.78,115274.27,8,616,0
1003780,2,10677.59,14227.54,81617.14,10,724,0
1003781,3,6969.81,0.0,65294.31,8,672,0
1003782,2,9310.23,24552.9,75778.51,8,744,0
1003783,0,10969.96,11269.86,74239.91,8,595,0
1003784,5,5006.38,0.0,61241.55,10,850,0
1003785,5,14245.29,19399.29,67938.42,4,654,0
1003786,2,18696.22,9933.75,64978.84,1,616,1
1003787,5,4717.83,17997.55,84743.57,3,805,0
1003788,1,12460.92,0.0,100962.61,0,850,0
1003789,3,500.0,24960.07,96365.67,2,526,0
1003790,5,12156.78,18077.67,63711.3,5,510,0
1003791,0,500.0,20931.09,81010.48,5,637,0
1003792,0,15008.81,10067.58,55663.92,2,439,1
1003793,1,13032.77,9150.43,48362.65,6,712,0
1003794,5,500.0,29965.28,71537.52,3,708,1
1003795,3,5384.19,26194.67,82114.89,9,446,1
1003796,2,500.0,15601.34,68795.08,2,527,1
1003797,5,17796.67,4465.55,86459.43,10,834,0
1003798,3,16039.62,24679.19,86468.02,1,487,0
1003799,5,9317.68,12778.19,85060.98,8,628,0
1003800,5,2630.21,28621.5,66988.24,7,709,1
1003801,4,9192.54,10419.11,43059.17,6,516,1
1003802,0,9159.66,20764.29,105766.59,4,557,0
1003803,5,13963.64,22870.59,60599.92,3,744,0
1003804,1,18822.24,12190.76,84568.92,6,596,1
1003805,0,13615.68,24970.65,79691.83,6,769,0
1003806,1,13680.73,2532.62,63176.02,8,434,1
1003807,3,8367.81,34061.6,106275.69,3,687,0
1003808,3,7290.11,13725.41,83420.32,1,558,1
1003809,2,13002.23,13653.89,69780.02,9,813,0
1003810,3,8349.21,16502.75,61777.99,6,602,0
1003811,1,6192.9,14403.74,50867.2,2,447,1
1003812,0,2688.57,10354.61,44958.53,5,778,0
1003813,3,2388.22,20862.32,81375.32,4,641,0
1003814,4,4808.42,11321.72,61315.09,6,434,0
1003815,3,2516.73,15092.85,61071.03,2,737,0
1003816,3,1874.97,20567.2,80065.33,9,666,0
1003817,5,7192.02,16190.77,63158.12,2,814,0
1003818,2,2577.15,9213.98,82961.58,3,719,0
1003819,0,8706.52,27918.45,57370.4,8,692,0
1003820,1,8574.12,41536.59,59759.36,0,506,1
1003821,1,9310.65,11607.05,88231.13,2,674,0
1003822,3,1511.89,28836.06,56558.77,1,483,1
1003823,1,11411.31,10312.29,82146.86,3,579,0
1003824,3,2160.05,15453.75,80065.25,9,599,0
1003825,1,5292.21,5911.31,70200.72,0,661,0
1003826,2,9729.23,11823.39,37293.69,5,500,1
1003827,1,3787.72,9772.87,44118.6,10,653,0
1003828,4,19458.57,17423.96,48381.79,0,551,1
1003829,2,9927.8,14754.84,44564.33,9,808,0
1003830,2,9073.7,44064.06,87098.75,5,846,0
1003831,5,14343.21,8456.08,52809.51,4,774,0
1003832,0,500.0,25909.77,45489.6,8,512,0
1003833,1,13942.57,28350.66,60002.66,10,734,0
1003834,1,3284.69,0.0,68098.99,4,843,0
1003835,2,3904.04,0.0,37026.44,2,817,0
1003836,1,500.0,28861.25,81977.58,4,794,0
1003837,0,13144.05,5008.52,84307.43,2,437,0
1003838,0,7717.45,15054.54,58237.48,4,474,0
1003839,1,500.0,0.0,85978.25,6,748,0
1003840,4,7425.32,6160.49,39287.75,7,543,0
1003841,1,14021.41,15872.67,59097.5,2,613,0
1003842,1,3697.76,31982.53,66770.06,10,622,0
1003843,3,9208.37,42653.76,71386.99,9,741,0
1003844,2,3013.92,11619.85,92677.78,9,736,0
1003845,1,7011.36,35922.81,63484.58,10,539,0
1003846,1,17799.45,18929.83,50047.63,2,758,0
1003847,1,8119.15,16262.84,74234.45,1,615,0
1003848,0,4834.41,16445.61,73056.57,5,666,1
1003849,3,14166.53,16244.99,78823.93,4,773,0
1003850,2,500.0,1253.9,63403.57,8,534,0
1003851,0,8281.57,18137.15,73393.07,4,423,1
1003852,2,12125.48,5827.05,58728.99,6,698,0
1003853,5,500.0,23068.07,81089.02,10,536,1
1003854,3,11199.59,50808.44,56936.25,7,523,0
1003855,0,19369.56,3812.71,57756.84,10,624,0
1003856,3,15954.27,38448.18,92975.3,3,796,0
1003857,2,3177.16,5968.92,54986.18,0,785,0
1003858,5,11031.5,15194.33,70047.4,4,731,0
1003859,5,5393.77,31145.08,81162.42,10,527,0
1003860,0,5792.25,25090.91,63710.66,0,826,0
1003861,1,16475.56,33087.17,87794.22,7,772,0
1003862,4,9017.22,34923.11,58537.92,2,424,0
1003863,0,8074.96,15868.96,90077.6,5,516,0
1003864,3,8200.49,12966.25,39296.85,2,461,1
1003865,2,2574.87,26527.78,43336.01,4,542,0
1003866,0,1496.7,25123.33,71282.61,7,707,0
1003867,3,6596.5,39155.25,98111.15,9,653,0
1003868,4,9360.5,0.0,101704.38,3,472,1
1003869,2,7811.27,31179.81,53048.93,1,697,1
1003870,0,16047.51,25050.76,69377.68,1,671,0
1003871,1,11586.54,15756.15,60283.88,4,797,0
1003872,0,5783.98,9710.26,27798.98,6,545,0
1003873,4,7166.45,9951.2,84212.84,1,797,0
1003874,3,17885.29,10050.15,62570.88,8,698,0
1003875,3,16467.62,38114.9,96912.33,4,518,1
1003876,3,11865.74,19547.93,75436.17,3,551,1
1003877,2,2440.84,16110.95,59504.41,8,738,0
1003878,4,4243.09,19900.68,56354.86,5,714,0
1003879,3,6270.43,25866.1,66253.45,9,689,0
1003880,1,10239.67,28085.66,78897.73,0,586,0
1003881,5,9675.92,19129.65,60318.66,1,579,1
1003882,1,11256.54,16925.26,125134.09,9,655,0
1003883,3,500.0,10215.96,74051.04,2,751,0
1003884,0,8714.06,18789.76,47601.73,5,520,0
1003885,2,13262.99,17706.27,71547.73,7,805,0
1003886,4,10757.51,12063.69,92482.21,10,496,0
1003887,3,8199.91,15672.87,78407.12,1,620,0
1003888,5,6268.31,33952.94,63444.03,7,545,1
1003889,3,6459.2,28614.08,56913.73,0,813,0
1003890,0,2906.72,22630.19,54422.62,10,485,0
1003891,0,7697.99,33359.12,46660.66,9,464,1
1003892,5,14137.56,20780.66,59814.56,3,710,0
1003893,5,8002.14,32923.92,75123.24,0,481,1
1003894,5,15549.84,19198.66,58827.85,10,846,0
1003895,0,6472.98,36317.62,101962.83,9,746,0
1003896,0,5584.55,25723.56,77379.88,7,798,0
1003897,4,13901.12,15769.06,61234.42,6,543,0
1003898,5,2485.75,5468.38,69313.29,4,738,0
1003899,2,5970.81,20965.7,98806.53,4,667,1
1003900,4,1170.26,21067.83,36434.45,8,595,1
1003901,4,8021.86,6628.85,74620.52,3,628,0
1003902,5,3326.05,16875.64,122660.21,2,415,1
1003903,3,4151.16,12392.51,89668.09,4,472,1
1003904,4,4288.46,22592.79,52161.21,7,463,0
1003905,4,5028.24,4376.0,72413.4,9,742,0
1003906,3,11603.52,19190.72,65324.96,7,527,1
1003907,2,14258.99,41812.9,124717.87,6,736,0
1003908,0,25571.91,30765.44,56736.5,1,722,1
1003909,1,9647.37,19114.02,64592.07,1,472,1
1003910,0,13922.36,37344.48,63452.53,7,552,0
1003911,4,3594.78,14995.41,41924.56,6,523,1
1003912,5,9298.74,29165.65,15000.0,7,458,1
1003913,4,6894.13,22992.31,65281.13,3,762,0
1003914,1,8869.54,14382.62,80083.59,10,572,0
1003915,3,9833.41,25246.72,61435.31,9,812,0
1003916,2,6531.61,47172.99,79684.72,1,782,0
1003917,5,5846.82,9378.74,84768.97,1,793,0
1003918,1,4557.79,9075.2,83690.1,0,735,0
1003919,4,5633.15,39365.74,36542.34,5,630,0
1003920,2,10293.02,11876.71,99641.42,5,596,0
1003921,5,500.0,18107.39,86865.65,0,570,1
1003922,2,16474.72,14091.78,85759.43,8,685,0
1003923,1,13181.29,10694.65,70152.74,2,605,0
1003924,2,3901.46,25122.66,69895.97,3,788,0
1003925,5,13423.59,7641.63,59284.67,7,486,1
1003926,2,10659.3,7302.09,78224.83,1,569,0
1003927,4,3045.41,16512.43,88131.6,6,627,0
1003928,0,3956.22,25848.2,58724.51,3,532,0
1003929,5,10009.72,36295.22,86063.69,10,510,0
1003930,2,4238.0,19108.67,60784.9,0,656,0
1003931,2,9038.23,30255.82,81635.75,1,479,0
1003932,1,5892.35,35555.9,67099.18,0,754,0
1003933,3,15429.05,24964.59,86880.76,5,576,1
1003934,4,1576.03,29368.93,107914.97,4,740,0
1003935,5,15316.44,17077.59,74427.39,1,436,1
1003936,3,4773.28,600.77,60284.5,2,757,0
1003937,4,9139.11,28651.72,61563.87,7,616,1
1003938,4,18219.79,6147.63,82241.4,2,785,0
1003939,1,2711.43,26081.73,60227.72,1,716,0
1003940,4,1866.46,9781.4,89249.43,1,764,0
1003941,1,2424.47,5641.6,75839.73,10,696,0
1003942,2,500.0,18047.11,87808.13,8,456,0
1003943,5,4790.21,4537.99,59115.95,5,840,0
1003944,3,20312.38,20376.52,51149.39,6,581,1
1003945,4,4667.78,17191.46,55326.06,5,800,0
1003946,4,6532.42,16864.62,77821.6,0,633,0
1003947,0,12149.7,37345.9,54526.26,4,688,0
1003948,5,11048.76,29024.14,83677.23,3,488,1
1003949,1,500.0,16628.02,29488.84,4,805,0
1003950,2,10494.94,29058.75,56885.8,10,758,0
1003951,3,16677.78,24152.76,66764.55,9,604,1
1003952,2,15867.78,15579.81,34000.15,9,593,0
1003953,1,500.0,3666.36,57971.75,8,761,0
1003954,3,9475.21,10932.08,40525.96,5,481,1
1003955,2,14268.61,42463.19,68626.06,4,534,0
1003956,2,12391.49,20057.45,65256.16,3,470,1
1003957,4,4927.35,26077.96,84642.83,8,641,1
1003958,2,9766.76,39586.21,53453.42,3,573,1
1003959,0,10115.11,10937.81,37935.58,4,842,0
1003960,5,5767.35,32230.62,59307.95,3,803,0
1003961,1,8885.68,0.0,72593.18,0,673,0
1003962,4,8858.44,7337.57,71892.7,4,747,0
1003963,5,4750.26,0.0,73356.03,2,632,0
1003964,0,6472.02,19299.31,94081.71,3,596,1
1003965,0,4893.32,19647.11,63041.36,4,756,0
1003966,3,15829.84,10774.28,65877.14,6,567,0
1003967,0,9559.04,11798.16,53404.63,4,546,0
1003968,3,13012.71,53987.43,58380.74,10,470,1
1003969,4,9992.11,24258.63,90631.56,1,776,0
1003970,4,13195.51,25697.38,77187.34,1,759,0
1003971,4,5733.41,8941.37,18549.07,7,416,1
1003972,5,9429.47,10156.88,93845.97,8,781,0
1003973,2,2188.56,21794.79,30851.18,2,513,0
1003974,3,9671.78,15661.4,61987.47,9,801,0
1003975,5,9426.58,17417.86,89235.36,7,486,1
1003976,2,500.0,16000.84,72662.76,2,478,0
1003977,1,500.0,0.0,81094.87,5,522,0
1003978,5,2663.15,23831.98,87213.97,8,821,0
1003979,0,10614.51,22038.13,75983.35,7,826,0
1003980,0,4095.13,25998.99,45338.0,2,700,0
1003981,4,5763.1,27729.95,77378.46,9,418,0
1003982,3,500.0,40948.43,56368.85,1,681,0
1003983,3,24192.79,14779.31,22478.14,7,540,0
1003984,4,6397.11,21895.95,64359.77,6,731,0
1003985,2,1370.67,35552.84,80928.38,6,662,0
1003986,4,500.0,15108.32,72481.83,2,795,0
1003987,3,13620.08,33080.74,70289.47,7,719,0
1003988,1,7257.58,13719.91,104379.38,3,547,1
1003989,0,9244.71,14193.28,75506.55,5,750,0
1003990,1,9474.46,6722.17,88148.05,7,514,0
1003991,1,7134.01,17879.36,76607.65,10,577,0
1003992,5,11086.84,44012.89,102568.25,5,512,1
1003993,3,19308.38,41201.8,62889.44,8,505,1
1003994,4,5445.13,20616.21,93407.57,0,586,0
1003995,5,8199.09,25651.51,106049.94,1,785,0
1003996,4,11363.21,33162.27,62818.97,10,605,0
1003997,1,9983.89,6967.73,90818.39,1,462,0
1003998,1,14852.07,14652.89,43485.18,1,740,0
1003999,0,9699.66,17326.6,76437.9,4,436,0
1004000,1,6015.64,0.0,84718.07,6,656,0
1004001,0,12070.13,10206.49,53843.13,10,510,0
1004002,1,500.0,12138.92,34875.66,9,808,0
1004003,1,8469.65,15577.02,71208.2,1,626,0
1004004,1,9717.11,16915.57,63782.75,9,591,0
1004005,3,17584.76,0.0,73920.47,2,825,0
1004006,5,4825.86,24618.29,76048.67,4,610,0
1004007,4,7135.85,13455.75,86704.25,10,730,0
1004008,4,7910.47,24866.76,101107.15,8,601,0
1004009,4,1481.22,26350.21,78825.69,8,657,0
1004010,2,7195.95,17200.17,40158.34,2,628,0
1004011,5,6343.4,40405.92,83595.28,5,638,0
1004012,4,5753.81,0.0,78019.52,9,601,0
1004013,4,9200.25,18673.73,73229.33,1,715,1
1004014,5,16971.28,20114.06,101590.38,5,618,1
1004015,4,5843.55,36160.57,75591.21,0,685,1
1004016,2,11585.51,18017.91,63346.82,8,729,0
1004017,3,9097.11,25620.6,79562.68,3,556,1
1004018,4,6377.4,21398.09,38895.08,8,483,0
1004019,3,11520.99,43430.39,89290.29,2,449,1
1004020,3,14798.27,15232.16,71643.47,8,673,0
1004021,4,11860.83,8590.32,103753.97,9,497,0
1004022,0,9466.95,13305.74,83970.11,10,566,0
1004023,5,10775.36,24148.23,77877.38,5,754,0
1004024,5,5830.06,36086.9,74185.16,6,612,0
1004025,1,12982.58,0.0,47215.52,5,689,0
1004026,1,9722.0,3888.38,68941.97,3,473,0
1004027,3,7092.36,35971.91,76410.62,6,761,0
1004028,0,5461.83,14156.22,89951.26,7,671,0
1004029,0,9711.38,10439.15,79066.66,5,427,0
1004030,4,1761.49,13707.45,84262.65,1,616,1
1004031,1,5691.15,8648.81,84112.86,2,807,0
1004032,1,1071.69,6470.86,60206.06,5,617,0
1004033,5,15424.33,20185.39,76596.79,8,577,0
1004034,5,15980.27,10043.55,66366.14,4,420,1
1004035,2,10233.93,39564.39,45961.45,8,818,0
1004036,4,3140.9,0.0,40881.49,6,507,0
1004037,3,7447.25,25547.64,86944.07,9,671,0
1004038,1,16867.24,10784.11,98914.69,4,597,0
1004039,1,11874.47,39128.67,98677.46,5,650,0
1004040,3,13985.73,7416.26,53950.46,1,461,1
1004041,3,20053.13,25124.88,100239.6,1,770,0
1004042,2,17937.72,38563.65,101401.86,3,479,0
1004043,0,13710.49,25834.13,55734.76,10,685,0
1004044,3,10154.01,11654.74,80303.22,1,521,0
1004045,3,6643.31,16987.07,104365.08,0,706,0
1004046,3,8473.96,21509.32,72546.97,8,449,1
1004047,5,12229.76,36646.06,94061.98,1,477,1
1004048,1,13947.06,20867.22,58535.71,0,807,0
1004049,4,10168.77,26572.66,64084.36,7,675,0
1004050,2,8696.76,5997.4,88056.07,7,767,0
1004051,3,11539.92,19925.08,67518.22,9,565,1
1004052,3,18065.98,34061.18,73280.54,8,745,0
1004053,3,11390.97,15803.04,72612.51,10,441,0
1004054,2,1021.3,13384.55,50627.46,9,725,0
1004055,1,8718.43,14655.63,100165.73,6,467,0
1004056,3,9806.37,32943.63,68097.72,9,693,0
1004057,4,14039.06,25286.34,64317.05,3,620,0
1004058,5,3474.7,23945.73,61988.66,5,687,0
1004059,2,5448.63,10497.76,72044.22,0,524,1
1004060,2,3056.85,0.0,52432.22,4,454,0
1004061,2,15953.54,31756.82,87831.85,8,747,0
1004062,5,9510.59,13952.87,64064.2,7,612,0
1004063,3,12294.09,29283.27,86356.83,7,462,1
1004064,2,12889.7,25315.48,53502.52,0,593,0
1004065,5,7711.7,12170.08,50702.45,1,414,1
1004066,5,500.0,6045.32,52618.5,3,797,0
1004067,4,17170.33,30189.21,75265.91,8,849,0
1004068,4,500.0,0.0,44719.88,5,585,0
1004069,4,9446.15,0.0,87303.74,10,546,0
1004070,1,10869.43,37753.25,64225.13,10,686,0
1004071,0,7225.34,9242.85,88385.34,2,633,0
1004072,5,9920.92,21266.49,63191.08,7,743,1
1004073,4,9237.96,31797.29,86692.24,6,501,1
1004074,1,9701.94,44009.47,50475.99,6,576,0
1004075,2,10572.62,7021.86,49043.68,4,500,0
1004076,3,500.0,16922.79,82362.19,5,828,0
1004077,3,500.0,29877.59,59822.9,6,586,1
1004078,4,13784.05,18924.82,91531.59,3,692,1
1004079,3,2153.61,9566.92,56993.87,1,757,0
1004080,3,9473.81,30334.54,80713.73,6,682,0
1004081,4,15968.99,0.0,54510.59,9,425,0
1004082,0,9816.68,30771.03,36337.91,3,845,0
1004083,0,2382.06,18465.15,98851.39,3,778,0
1004084,5,8717.26,18975.27,66518.59,1,543,1
1004085,0,7918.13,10735.63,89746.83,7,846,0
1004086,0,7626.31,16019.88,74108.67,0,802,0
1004087,1,10846.6,31497.04,36813.16,2,655,0
1004088,2,5038.91,21968.39,78383.75,2,599,0
1004089,1,9944.31,32368.67,91901.91,1,567,0
1004090,0,14691.13,25915.69,96047.9,9,521,0
1004091,4,6480.67,14402.17,102879.2,10,511,1
1004092,4,10891.41,15697.33,78293.51,7,462,0
1004093,0,15564.55,19536.32,68535.13,2,489,1
1004094,0,10938.18,13580.16,71938.79,6,842,0
1004095,0,5949.08,35622.4,47604.72,10,551,0
1004096,1,500.0,5175.28,85048.94,7,502,0
1004097,3,1522.63,39410.06,84818.75,9,785,0
1004098,5,10384.87,10629.93,77413.8,7,671,1
1004099,0,7398.25,8350.51,55281.98,6,409,0
1004100,0,8540.92,18603.06,83223.66,9,519,1
1004101,4,25360.2,3550.22,59657.44,6,756,0
1004102,2,11491.25,38764.17,95107.16,7,529,1
1004103,1,5903.95,38465.44,58532.45,0,703,0
1004104,5,16019.68,36023.71,60101.8,5,664,1
1004105,1,15759.01,39978.23,64185.78,8,416,1
1004106,5,8769.7,33873.87,50150.9,6,464,1
1004107,3,10975.33,0.0,52810.83,7,438,1
1004108,1,10068.99,26937.24,64891.23,8,772,0
1004109,5,7705.33,10409.26,21921.47,6,733,0
1004110,5,3663.69,29216.03,109911.0,1,465,1
1004111,1,14520.25,15619.09,77805.95,8,706,0
1004112,3,13284.05,13607.44,76190.13,5,478,0
1004113,1,4326.71,7962.97,53017.79,5,546,0
1004114,1,10223.48,25842.2,74196.3,4,712,0
1004115,2,5060.54,32046.05,70232.45,4,789,0
1004116,2,2940.3,5999.37,72308.81,2,539,1
1004117,4,11105.37,23421.66,41155.2,8,501,0
1004118,1,8153.54,24345.93,68054.69,8,417,0
1004119,5,8145.27,17622.5,33045.1,5,597,0
1004120,3,9468.14,16582.52,66434.47,1,659,0
1004121,0,11157.5,33083.54,52804.64,6,458,0
1004122,0,11549.89,34668.97,58318.92,0,701,0
1004123,0,4539.35,27734.28,63903.17,1,694,0
1004124,5,8832.06,27383.87,86924.35,1,477,1
1004125,1,11829.6,28041.74,94441.16,2,446,0
1004126,2,2019.0,12059.49,70895.18,5,495,0
1004127,1,9474.66,18178.11,49000.24,2,487,1
1004128,4,2252.36,19440.85,99673.41,5,487,1
1004129,4,8164.28,7973.8,42520.58,8,747,0
1004130,4,12077.43,28468.69,59366.01,9,508,0
1004131,4,9711.89,41467.43,66023.08,10,629,1
1004132,4,8284.12,43272.54,55662.21,9,751,0
1004133,4,8601.93,16330.33,96618.02,10,701,1
1004134,1,3439.63,13374.3,78212.95,9,594,0
1004135,2,14008.05,9414.38,91547.48,6,733,0
1004136,1,2819.7,27146.19,64361.83,0,416,0
1004137,2,500.0,18105.23,87428.82,8,676,0
1004138,4,6132.47,32831.61,67208.15,1,562,0
1004139,5,3987.98,5974.17,67309.95,1,495,0
1004140,5,10468.1,20886.3,76126.9,5,486,1
1004141,0,6420.93,11836.91,77943.44,3,717,0
1004142,1,2856.58,22093.47,81505.65,7,834,0
1004143,0,2684.82,16419.15,65954.99,10,459,0
1004144,2,2259.83,0.0,40463.37,0,542,0
1004145,0,500.0,28824.37,63865.78,3,527,0
1004146,4,7669.8,19650.53,17050.76,9,625,1
1004147,4,16086.64,20991.95,64455.6,1,606,0
1004148,5,3512.68,18014.77,54015.67,2,706,0
1004149,3,3579.66,7738.63,86355.7,4,458,0
1004150,1,6585.74,19393.58,16397.42,5,631,1
1004151,4,6787.8,28303.22,109759.35,8,454,1
1004152,1,7575.48,38866.9,63284.98,8,763,0
1004153,3,14527.1,21588.24,38492.97,10,696,0
1004154,3,7391.7,12672.81,78453.28,3,798,0
1004155,4,7843.76,33010.39,79725.25,0,736,0
1004156,2,7885.58,16592.12,78486.29,9,711,0
1004157,3,2333.82,16260.54,113233.97,7,572,0
1004158,5,2851.39,18940.63,53584.44,7,781,0
1004159,1,500.0,26356.97,75868.83,9,580,0
1004160,5,4546.51,4676.16,73005.04,3,516,0
1004161,0,4054.22,20401.07,56540.69,8,499,1
1004162,5,7420.66,18445.67,75785.4,8,635,0
1004163,2,12980.4,13924.79,94996.33,10,639,0
1004164,2,500.0,39009.61,53156.08,4,519,1
1004165,1,11590.44,410.62,78956.24,7,665,0
1004166,2,16487.56,18686.65,89977.85,6,499,0
1004167,5,7624.39,21442.4,82970.42,9,821,0
1004168,5,8371.37,21551.29,38333.31,8,422,1
1004169,4,16289.36,36646.88,75636.24,4,425,0
1004170,5,11576.14,0.0,62361.28,7,553,0
1004171,1,10144.95,15080.71,94323.54,6,810,0
1004172,5,3771.47,8725.11,67516.49,8,501,1
1004173,3,5234.38,2346.33,108947.4,6,846,0
1004174,0,11835.67,11960.33,45597.04,6,556,0
1004175,2,12918.4,23893.81,79938.14,4,561,0
1004176,5,8702.69,15697.4,52671.62,5,454,1
1004177,3,14803.84,42007.4,105194.9,4,729,0
1004178,1,15968.24,1060.6,101178.14,4,792,0
1004179,5,500.0,23072.74,51706.61,7,773,0
1004180,5,6677.57,22707.75,84974.03,8,473,0
1004181,1,5635.19,20590.16,69200.15,1,696,0
1004182,3,9955.16,26754.69,37827.66,10,607,0
1004183,3,20868.19,16292.39,49333.22,9,535,1
1004184,0,3991.85,25250.1,71991.48,6,746,0
1004185,3,4343.69,16408.73,80256.57,7,683,0
1004186,0,11875.36,13592.38,62597.74,5,790,0
1004187,5,3464.99,8488.98,75865.54,2,796,0
1004188,0,6352.91,14393.03,76239.82,3,787,0
1004189,1,13732.4,27902.36,75726.53,3,455,1
1004190,1,15382.97,13659.64,46546.69,8,682,0
1004191,3,16499.43,27979.81,72761.27,9,620,1
1004192,1,13898.07,17263.79,80580.45,6,485,1
1004193,0,6935.65,19473.78,40448.03,4,418,1
1004194,5,7962.53,34811.27,100558.85,0,498,1
1004195,3,14593.11,5806.1,98944.05,9,782,0
1004196,1,6076.94,18610.74,73255.99,6,711,0
1004197,5,11886.95,30225.58,111452.34,4,752,0
1004198,5,5419.22,26333.4,54105.41,4,806,0
1004199,4,13239.59,24177.32,51286.1,10,428,1
1004200,0,11939.09,36152.81,57674.01,7,588,0
1004201,0,1800.78,14541.95,55844.2,4,738,0
1004202,0,6028.69,21246.1,106642.29,4,734,0
1004203,5,5807.54,40594.28,71004.69,10,714,0
1004204,3,12390.36,6247.05,68918.37,10,469,1
1004205,3,6748.72,26417.04,77274.17,4,463,1
1004206,4,500.0,26989.07,101592.08,0,598,0
1004207,3,7866.67,23816.2,73388.88,4,640,0
1004208,3,9224.12,25072.46,62579.2,9,548,0
1004209,5,2018.81,10259.22,75444.89,1,713,0
1004210,5,14698.0,21897.45,95028.07,4,506,1
1004211,3,13964.5,18756.94,66044.4,8,556,1
1004212,3,1195.9,24543.38,98066.95,3,452,1
1004213,1,8537.59,22061.12,76141.1,0,631,0
1004214,2,500.0,41843.6,66573.49,2,736,1
1004215,2,3639.63,31969.99,79839.16,8,840,0
1004216,5,1612.6,45122.35,109241.89,2,514,1
1004217,4,7165.76,32128.58,65249.46,5,689,1
1004218,3,8902.81,25418.67,97373.75,9,430,1
1004219,2,9104.82,29103.84,81274.78,9,630,0
1004220,5,5359.99,35905.49,73215.39,4,799,1
1004221,1,5378.9,11020.48,71102.54,6,437,0
1004222,2,10459.44,2963.94,86339.12,8,577,0
1004223,2,5328.33,3688.78,82286.82,10,461,1
1004224,4,15576.15,29334.82,77461.87,3,643,0
1004225,0,7476.22,16431.42,83131.94,5,784,0
1004226,0,7310.25,17035.74,53055.02,2,615,0
1004227,0,11321.45,21762.73,57187.49,2,736,0
1004228,4,6413.38,29720.36,50313.12,0,542,1
1004229,0,13140.12,15842.82,63283.78,10,777,0
1004230,5,12413.91,10949.93,65930.92,3,512,1
1004231,3,9613.38,14631.6,62815.99,9,664,1
1004232,1,2236.34,29281.12,80658.99,9,565,0
1004233,1,7546.89,18216.25,51381.76,9,663,0
1004234,1,6907.21,27385.79,65303.98,5,527,0
1004235,1,9516.87,32230.92,87227.97,6,643,0
1004236,0,9248.5,17266.15,103390.16,0,527,0
1004237,4,7026.19,10789.59,71162.9,2,733,0
1004238,0,7653.72,5993.91,93825.64,0,508,0
1004239,3,7509.42,14113.74,97198.61,0,554,0
1004240,3,3890.68,8155.73,50022.51,3,414,1
1004241,4,6938.73,22528.37,74887.01,8,628,0
1004242,1,4766.41,4964.91,49422.17,6,408,0
1004243,0,8069.36,22136.25,62441.24,7,616,0
1004244,2,1565.09,15274.3,78144.14,3,788,0
1004245,3,17273.23,29265.58,45100.05,4,701,0
1004246,1,13541.42,7290.93,80601.7,4,640,1
1004247,1,9742.44,21157.01,67336.65,5,503,0
1004248,4,5481.59,28329.46,65321.77,1,793,0
1004249,2,10652.51,1381.07,80650.7,8,419,1
1004250,5,6365.24,24016.66,53867.93,4,493,1
1004251,2,13293.35,13488.44,36694.45,2,447,1
1004252,3,8620.72,9137.73,70647.13,1,565,0
1004253,3,7864.07,2257.27,55881.41,0,487,1
1004254,0,500.0,20523.87,66151.05,5,475,0
1004255,3,4032.25,12789.97,48376.04,1,787,0
1004256,4,9373.63,15389.82,51573.81,3,648,0
1004257,5,2048.66,28344.72,49773.04,10,725,0
1004258,0,6998.56,0.0,44804.38,5,641,0
1004259,3,12414.03,30074.72,53973.05,2,740,0
1004260,3,15356.5,46209.1,54550.8,9,743,0
1004261,2,5446.31,18825.07,70519.27,10,604,0
1004262,1,500.0,14989.01,132270.62,1,781,0
1004263,4,8135.37,18341.08,57804.71,0,453,1
1004264,2,10982.59,30063.34,38689.75,8,824,0
1004265,0,500.0,48280.2,81331.45,7,614,0
1004266,4,14286.21,10011.43,45666.35,7,476,0
1004267,4,7485.29,0.0,52378.37,5,790,0
1004268,4,15983.57,23082.81,63154.07,7,704,0
1004269,3,7685.0,18633.73,70711.66,5,633,0
1004270,4,8892.07,17651.09,71260.06,3,527,0
1004271,1,2755.74,16941.7,74652.31,0,687,1
1004272,5,11651.24,0.0,67543.92,3,763,0
1004273,4,9399.94,23151.51,91595.47,6,573,0
1004274,3,4580.68,11057.48,86332.94,4,474,0
1004275,0,11103.79,22898.71,59151.99,6,474,1
1004276,1,5727.86,13835.07,65611.71,2,759,0
1004277,0,16156.74,8921.04,43200.74,9,685,0
1004278,1,10822.4,0.0,82768.66,7,519,0
1004279,1,8036.98,35748.94,65735.77,9,622,0
1004280,3,7110.01,18545.75,107177.67,9,482,0
1004281,3,17182.52,23608.59,56459.51,8,561,0
1004282,4,8544.34,37576.98,99552.02,8,765,0
1004283,3,10452.78,25396.0,51753.92,0,522,1
1004284,3,2919.88,22343.4,36774.03,4,834,0
1004285,1,11881.35,0.0,52942.17,9,716,0
1004286,4,8577.6,32893.24,76460.75,9,432,1
1004287,3,4299.46,29829.32,89695.09,5,548,1
1004288,3,3184.38,6361.56,52586.16,9,545,0
1004289,5,13313.66,1579.09,88699.09,9,663,0
1004290,0,8113.71,23954.9,59489.36,6,850,0
1004291,5,11188.25,17445.13,59656.02,9,523,1
1004292,5,11750.88,36375.15,63810.03,6,486,1
1004293,4,15750.34,3951.99,102074.43,0,741,0
1004294,3,14837.79,18622.56,73268.41,1,684,0
1004295,1,5837.86,26949.23,75682.52,4,574,0
1004296,2,6829.34,24708.25,40110.74,5,717,0
1004297,2,500.0,4890.45,72945.23,5,619,0
1004298,2,8112.0,2645.14,75148.0,4,800,0
1004299,4,9436.89,13958.12,101634.38,6,818,0
1004300,2,500.0,44419.07,52642.12,3,546,1
1004301,5,7992.82,9943.68,55853.15,10,726,0
1004302,5,8103.93,14031.98,51696.32,0,631,0
1004303,5,7522.21,29569.26,56922.02,0,734,0
1004304,4,8698.78,24749.61,82795.55,3,571,1
1004305,2,2154.83,35499.82,54054.93,6,558,0
1004306,1,7986.82,11397.47,94619.69,2,416,1
1004307,2,18484.73,11597.76,70280.88,5,780,0
1004308,3,7519.62,29044.67,51765.89,3,637,0
1004309,2,5288.92,16709.02,56864.23,1,578,0
1004310,4,6526.5,19249.75,42738.45,8,646,0
1004311,4,15406.11,7426.14,41196.87,7,845,0
1004312,2,1015.32,10328.88,92111.25,0,776,0
1004313,5,17423.24,10198.6,86791.37,8,804,0
1004314,3,5087.49,12030.65,50336.92,10,574,0
1004315,3,10556.61,11077.01,60719.0,1,699,0
1004316,3,11728.56,15632.45,100930.61,5,639,0
1004317,2,3657.97,15308.35,55329.97,1,776,0
1004318,1,6307.95,31956.03,73856.26,6,731,0
1004319,3,11869.08,40081.38,79438.88,5,649,0
1004320,1,7307.62,15484.08,65581.06,1,620,0
1004321,2,500.0,37664.82,65797.2,10,732,0
1004322,2,10256.95,25108.65,62855.35,0,629,0
1004323,3,2037.25,0.0,71775.94,9,463,0
1004324,5,10424.98,22570.81,38868.25,7,431,1
1004325,1,7693.31,2549.09,70373.19,7,845,0
1004326,4,500.0,32190.58,72984.38,10,522,0
1004327,0,12245.49,13274.3,43471.87,4,762,0
1004328,2,8712.56,37810.29,78246.94,6,458,0
1004329,2,13624.92,36005.45,51164.07,10,471,1
1004330,3,8416.3,13658.72,18025.95,0,420,1
1004331,1,4456.72,8003.23,31416.11,5,515,0
1004332,4,500.0,31968.32,71248.85,8,841,0
1004333,0,7587.03,9184.42,80338.59,1,662,1
1004334,0,2081.74,18451.8,60956.35,2,412,1
1004335,5,5268.42,30994.74,40859.54,6,745,0
1004336,2,500.0,17991.5,66131.33,9,821,0
1004337,4,500.0,27846.63,87255.51,1,473,1
1004338,2,7929.04,42103.41,68386.12,0,651,1
1004339,2,9140.05,23547.06,40474.55,9,833,0
1004340,0,18025.05,27725.71,78416.58,3,554,0
1004341,5,14314.22,12749.41,65326.57,5,561,1
1004342,2,2497.35,0.0,65843.75,8,682,0
1004343,0,12269.34,21414.0,70440.93,8,848,0
1004344,5,6586.77,19794.85,80225.58,2,818,0
1004345,2,500.0,25907.63,67107.84,9,741,0
1004346,0,10559.95,20061.43,50376.32,8,533,0
1004347,5,3732.31,12460.37,67058.2,8,623,0
1004348,0,2191.2,12574.8,71834.55,5,484,1
1004349,5,2640.11,20473.19,92325.29,8,568,0
1004350,5,7396.27,9135.02,45230.25,8,832,0
1004351,4,5880.77,3522.71,66492.8,8,450,1
1004352,2,5787.19,22576.73,52042.74,8,464,0
1004353,1,7655.14,19247.39,74469.55,4,446,0
1004354,0,10955.0,26207.36,58515.27,8,496,0
1004355,3,4443.08,13256.73,15000.0,0,686,0
1004356,1,5025.88,17945.08,87840.0,9,573,0
1004357,0,8331.82,8786.19,56208.35,2,750,0
1004358,4,9505.22,14957.96,47782.97,6,673,1
1004359,0,10939.35,29382.48,39656.02,7,810,0
1004360,5,15038.79,39603.32,48246.82,8,550,1
1004361,5,500.0,16278.71,43774.13,3,569,1
1004362,4,13359.61,24808.17,66312.41,6,423,0
1004363,0,9644.46,11001.57,71993.68,10,823,0
1004364,3,13261.31,2537.0,67621.25,10,777,0
1004365,0,3139.73,12983.7,76160.18,3,539,1
1004366,1,8686.67,16809.33,52856.45,0,511,1
1004367,0,15137.95,15990.08,80956.4,7,824,0
1004368,0,15612.33,10242.33,67099.6,7,635,0
1004369,4,14063.24,21661.17,77829.35,1,815,0
1004370,4,9312.3,32807.78,81175.93,0,547,1
1004371,3,3277.89,13316.47,61947.9,5,476,0
1004372,0,7344.72,24316.15,93420.72,5,667,0
1004373,1,500.0,26307.93,84797.47,8,789,0
1004374,3,5962.53,31246.16,61160.95,8,454,1
1004375,2,1375.3,27271.9,103593.75,10,719,0
1004376,2,6209.84,31201.01,101756.12,9,423,0
1004377,5,6177.55,20520.13,39143.97,0,719,0
1004378,5,10368.82,4817.56,25225.28,6,797,1
1004379,1,11145.3,7075.57,57085.58,8,780,0
1004380,1,9925.45,14478.25,78309.58,4,678,0
1004381,0,9982.27,8378.74,87514.28,10,645,0
1004382,3,9283.91,10818.23,82205.96,8,465,0
1004383,3,15997.15,17384.33,68983.35,0,632,1
1004384,5,6825.6,19332.74,88176.44,8,819,0
1004385,0,5437.69,14880.12,83209.32,8,570,0
1004386,3,3046.01,23724.64,60713.5,4,531,0
1004387,3,8394.3,42119.24,72891.24,0,791,0
1004388,3,11881.09,8273.98,90099.7,1,644,0
1004389,1,16845.88,13332.12,56844.76,7,807,0
1004390,0,6594.68,6217.84,57061.92,4,426,0
1004391,0,12192.05,32791.2,53007.33,10,479,0
1004392,5,6788.25,29873.99,97889.98,5,707,0
1004393,3,12179.86,4334.56,82476.38,0,750,0
1004394,5,1885.4,25258.15,85861.51,9,839,0
1004395,4,10182.88,3574.88,62114.84,8,530,1
1004396,5,11132.31,24233.02,68852.39,10,522,0
1004397,1,500.0,19978.42,93112.41,1,489,0
1004398,1,6770.56,20481.18,63962.51,10,737,0
1004399,0,2922.49,0.0,92515.72,6,495,0
1004400,1,8518.06,22001.3,69029.86,10,807,0
1004401,5,9886.35,21996.91,68979.89,3,661,0
1004402,0,8412.93,35104.87,80247.1,6,706,0
1004403,1,11218.09,21310.76,86194.6,6,531,0
1004404,5,9327.63,19313.72,103699.24,1,730,0
1004405,1,11030.61,11731.0,62713.71,8,515,0
1004406,1,6742.68,26120.58,102392.29,5,485,0
1004407,2,11481.18,29371.46,54658.68,2,451,1
1004408,4,1769.95,28622.6,52738.93,2,475,1
1004409,1,11534.13,30402.2,25904.18,3,551,1
1004410,3,4734.6,18055.12,85912.66,3,454,0
1004411,1,6561.49,3640.06,98380.92,1,750,0
1004412,5,9011.35,20862.33,46150.46,7,563,1
1004413,5,9395.97,36840.7,63214.61,4,417,1
1004414,3,13165.23,34410.72,64517.5,5,804,0
1004415,0,5763.55,12110.5,39233.12,0,621,0
1004416,5,9500.21,43932.95,70911.47,10,697,0
1004417,5,2300.72,36041.12,75395.49,0,675,1
1004418,2,958.11,29795.75,59795.36,7,760,0
1004419,3,16066.06,8653.42,49680.5,8,429,1
1004420,2,7180.11,28007.77,72177.38,7,566,0
1004421,0,11572.92,31082.03,81189.76,7,538,0
1004422,2,8312.63,45692.77,42009.38,6,661,1
1004423,0,1166.47,15118.47,67635.23,0,809,0
1004424,4,12454.39,16978.71,80511.68,3,413,1
1004425,3,12043.6,34025.62,15000.0,7,848,0
1004426,3,12385.99,33541.23,75887.22,8,617,0
1004427,3,15976.76,30527.04,103106.68,7,784,0
1004428,2,7053.02,14349.75,44559.86,10,830,0
1004429,1,8636.59,12823.83,95101.8,3,483,0
1004430,0,4688.87,23253.27,63867.49,6,509,0
1004431,1,6020.87,25737.04,81419.96,3,746,0
1004432,2,4247.01,30822.83,66506.33,5,593,0
1004433,5,3847.35,11856.77,47337.03,2,607,0
1004434,3,5289.45,1918.08,36210.39,1,545,0
1004435,4,8598.58,33008.36,116195.64,6,483,1
1004436,2,3960.4,19171.79,43520.84,2,780,0
1004437,3,4903.07,18632.99,64352.56,1,621,0
1004438,2,3994.35,31395.6,97493.63,3,411,0
1004439,5,781.46,3570.14,75587.88,6,816,0
1004440,0,3908.59,20015.46,73074.27,6,461,0
1004441,1,6875.7,16185.24,30352.25,4,796,0
1004442,4,9807.62,25587.2,57597.73,9,721,0
1004443,1,13037.7,19765.59,43681.62,5,581,0
1004444,3,11977.63,28063.74,34643.72,7,582,0
1004445,5,7067.92,5305.24,76771.88,8,436,1
1004446,5,5824.58,15258.15,85915.91,4,582,0
1004447,2,6533.34,10102.62,54640.21,2,806,0
1004448,1,7461.4,32769.59,56989.1,8,798,0
1004449,2,1948.27,35040.19,78104.68,3,844,0
1004450,1,10660.69,21273.37,86892.48,4,703,0
1004451,4,7874.77,28420.28,49062.02,5,634,1
1004452,5,6751.63,17810.85,92573.49,7,764,0
1004453,5,3207.63,12924.01,88020.49,3,507,0
1004454,1,14301.05,36235.65,69788.69,2,806,0
1004455,5,15915.38,19202.13,47984.09,7,648,1
1004456,5,2503.6,36132.69,80791.42,9,606,0
1004457,4,16766.34,48233.63,83204.75,1,716,0
1004458,3,6408.18,6778.02,104098.54,10,668,0
1004459,2,11602.75,27180.43,57964.11,10,621,0
1004460,2,500.0,16633.56,100704.2,3,806,0
1004461,4,8428.89,25066.4,62810.94,10,564,1
1004462,1,13042.25,0.0,80033.3,0,783,0
1004463,1,7611.84,27456.07,67514.32,1,517,1
1004464,2,13284.79,10452.2,71358.36,10,589,0
1004465,1,9032.05,23872.62,98457.5,5,539,0
1004466,0,13328.33,25530.33,56345.3,4,489,1
1004467,1,18170.18,30151.53,85954.19,3,430,1
1004468,5,3458.02,20642.61,64471.06,4,659,0
1004469,4,8701.94,24135.64,69015.83,3,520,1
1004470,2,3189.9,17094.29,55700.59,2,848,0
1004471,5,500.0,2850.07,73640.98,2,830,0
1004472,3,2894.97,13333.29,30655.57,4,550,0
1004473,4,10024.6,14696.6,64656.66,5,411,1
1004474,0,12236.63,16610.48,89562.2,9,738,0
1004475,1,11110.32,22263.86,86226.51,8,730,0
1004476,0,9154.82,23160.21,37926.42,4,565,0
1004477,3,7118.61,32850.87,47764.7,2,757,0
1004478,4,3926.29,43497.74,61650.72,0,459,1
1004479,2,7899.01,8425.07,106488.87,8,587,0
1004480,2,6421.98,22242.95,61377.53,1,500,0
1004481,4,500.0,25570.49,69584.57,8,671,0
1004482,0,13086.87,17630.31,64952.05,7,438,0
1004483,2,5353.05,28410.8,75737.34,6,505,0
1004484,2,635.56,0.0,51906.72,8,478,0
1004485,1,10631.79,28278.37,74861.59,9,703,0
1004486,2,9695.83,18068.38,79128.51,9,590,0
1004487,1,17004.35,0.0,90268.1,6,721,0
1004488,4,5110.07,17454.82,52488.03,0,464,0
1004489,0,3329.75,42931.77,87525.99,8,733,0
1004490,0,13157.47,19239.57,107587.12,0,664,1
1004491,2,5882.0,44496.39,85335.1,10,625,0
1004492,0,13522.23,46330.8,83287.62,8,578,1
1004493,2,10416.89,24017.12,21801.97,9,837,0
1004494,4,500.0,17043.04,96154.9,10,689,0
1004495,2,2008.04,28695.31,107529.72,6,791,0
1004496,4,1488.8,37601.35,93859.35,5,519,0
1004497,3,14359.84,41644.71,79818.38,3,661,1
1004498,3,11502.37,24717.31,86204.31,7,716,0
1004499,5,10684.02,10534.22,128997.08,6,710,0
1004500,3,1249.88,38530.52,55855.81,3,602,0
1004501,4,9360.2,0.0,61929.09,7,529,1
1004502,5,500.0,18107.34,91582.19,10,553,0
1004503,3,8126.56,21520.1,74931.77,7,826,0
1004504,1,7398.97,26648.49,27289.88,0,519,0
1004505,2,13424.87,13738.15,74295.56,4,693,0
1004506,0,10352.54,22529.98,76738.25,7,712,0
1004507,1,2561.63,31378.53,51472.69,8,804,0
1004508,1,7368.62,21278.85,77384.57,3,590,1
1004509,3,1782.02,10972.03,74746.34,3,535,0
1004510,0,5639.69,29961.67,34339.09,8,440,1
1004511,0,4297.54,22726.28,80073.3,1,843,0
1004512,0,22522.63,9322.21,112383.78,9,601,0
1004513,0,3954.84,12405.63,104413.46,10,454,0
1004514,5,5013.4,42763.19,47515.23,7,434,1
1004515,3,8153.93,18756.83,43765.52,10,642,0
1004516,3,17525.27,27104.15,71075.34,4,615,1
1004517,0,2440.98,15160.24,75449.22,4,456,0
1004518,3,14151.51,18998.89,43417.91,2,800,0
1004519,5,12491.56,20260.53,55230.02,6,492,1
1004520,1,3291.35,14904.96,96796.64,6,575,1
1004521,4,5674.84,29749.98,74710.6,0,746,0
1004522,2,17620.82,33269.66,90436.56,4,602,0
1004523,3,500.0,30409.06,69256.91,10,437,0
1004524,4,500.0,16124.45,90217.42,6,704,0
1004525,5,500.0,13383.82,59385.85,3,577,0
1004526,2,3076.97,0.0,59621.58,4,733,0
1004527,0,7734.86,33447.7,51067.12,6,492,1
1004528,5,2052.15,17143.95,31862.7,0,675,0
1004529,1,9533.45,6544.39,62010.93,1,784,0
1004530,5,8744.02,7316.38,42990.94,4,510,0
1004531,3,10950.86,30149.36,60560.21,1,444,1
1004532,1,6636.49,17440.88,72680.75,8,620,0
1004533,5,6820.52,29650.28,73267.29,6,557,0
1004534,1,4218.78,22969.67,77624.26,4,683,0
1004535,0,13601.33,31814.23,62008.26,7,787,0
1004536,1,8344.55,23807.11,68676.2,10,817,0
1004537,3,13237.19,0.0,92749.34,10,712,0
1004538,4,3252.99,36721.51,66750.26,3,821,0
1004539,5,8146.63,5658.06,70350.69,7,719,0
1004540,4,7357.36,38521.97,21194.72,5,822,0
1004541,0,2121.95,22455.85,47883.99,6,847,0
1004542,3,5147.25,11651.08,91519.84,7,489,0
1004543,4,500.0,14710.77,52589.98,6,418,1
1004544,5,3042.83,11081.66,48382.87,3,410,1
1004545,4,18755.86,25116.24,88971.72,3,702,0
1004546,4,8075.43,26813.92,45380.84,5,568,1
1004547,2,539.06,5131.08,89416.3,4,738,0
1004548,2,11313.23,0.0,67744.56,2,791,0
1004549,3,13553.02,35845.64,57250.18,6,739,0
1004550,1,17821.76,25244.66,28964.98,4,586,1
1004551,5,10849.22,5158.23,96061.18,1,724,0
1004552,4,12555.25,32655.11,33553.33,2,714,0
1004553,2,8699.34,34768.36,45187.94,3,439,1
1004554,2,3422.75,26387.96,85316.48,0,428,1
1004555,2,9037.67,26833.08,44954.99,1,445,1
1004556,0,6419.15,14440.28,79738.04,6,644,0
1004557,3,1209.16,0.0,68895.18,0,750,0
1004558,5,16949.6,29267.75,64218.2,5,775,0
1004559,0,6627.99,11324.23,48561.85,4,679,0
1004560,5,2843.31,44314.46,56460.04,3,828,0
1004561,4,5781.12,15872.64,75079.01,4,524,0
1004562,0,12863.81,27442.72,50065.45,9,515,0
1004563,0,6693.77,11682.45,82163.87,6,412,0
1004564,4,4097.12,3549.87,74359.33,10,467,0
1004565,5,14611.69,14509.47,80375.24,4,644,0
1004566,2,3761.65,45678.22,74196.18,4,751,0
1004567,5,11864.02,20959.21,80792.96,0,448,1
1004568,5,8114.47,0.0,77162.74,10,776,0
1004569,4,4860.25,32989.8,86026.88,9,739,0
1004570,5,13273.56,34742.21,77095.77,10,464,1
1004571,5,11632.19,11002.84,76003.36,0,558,1
1004572,0,11958.13,21957.12,51332.65,9,690,0
1004573,3,8028.74,20610.4,35235.85,0,765,0
1004574,0,7033.18,11449.26,70591.29,4,770,0
1004575,1,500.0,21691.42,88659.83,0,450,1
1004576,0,6163.51,1775.47,51071.51,7,437,1
1004577,3,6352.27,24886.08,37953.25,8,626,0
1004578,4,12715.24,32496.92,58681.65,3,509,1
1004579,4,20325.05,10427.83,76727.97,4,452,1
1004580,1,8140.73,28535.58,86570.45,10,608,0
1004581,0,20732.26,29758.21,63154.06,10,753,0
1004582,0,7402.25,27329.26,46131.95,2,645,0
1004583,4,13707.49,37825.65,68337.15,3,656,0
1004584,3,14093.51,20568.03,83087.5,3,678,0
1004585,1,500.0,11484.47,68498.1,4,511,0
1004586,1,17004.17,29969.27,89682.66,8,698,0
1004587,3,2129.21,26786.05,59534.09,7,834,0
1004588,2,7192.71,0.0,86888.16,8,448,0
1004589,1,3224.72,21347.15,102131.78,10,710,0
1004590,1,4336.95,11451.09,49749.59,5,592,1
1004591,1,1654.67,15984.53,52272.13,10,556,0
1004592,5,5850.5,21594.92,82485.09,10,474,0
1004593,5,15534.37,38754.22,131650.28,4,786,0
1004594,4,1732.18,25416.22,79649.67,6,601,0
1004595,4,13353.46,12380.57,69038.0,7,576,0
1004596,0,10252.51,13688.04,95612.95,8,838,0
1004597,0,11849.48,22937.54,67318.64,0,825,0
1004598,1,10402.65,25257.63,37390.45,3,450,1
1004599,4,12380.47,52969.01,50585.88,6,539,1
1004600,4,11796.49,9082.07,96415.93,0,538,1
1004601,5,2496.88,13696.24,36092.27,7,844,0
1004602,0,500.0,32011.39,41244.68,10,419,1
1004603,4,13190.48,16270.36,85884.49,3,435,1
1004604,0,10569.35,22603.8,72528.59,7,780,0
1004605,4,16433.71,1098.74,93642.37,7,733,0
1004606,1,8263.58,908.78,48484.97,3,594,0
1004607,1,6916.27,28600.42,54946.71,3,537,0
1004608,0,3095.88,8321.18,62657.75,6,408,0
1004609,4,500.0,29569.68,44957.7,8,595,0
1004610,4,9479.5,14688.31,64923.47,2,652,0
1004611,2,15772.32,24165.2,66162.49,0,689,0
1004612,1,7076.02,34642.12,86808.96,5,558,0
1004613,5,12097.43,10885.07,67837.6,5,428,1
1004614,1,12185.61,11013.08,61601.06,0,523,1
1004615,4,500.0,34114.47,79422.56,10,507,0
1004616,2,9404.52,20619.26,91621.51,6,835,0
1004617,1,2080.89,18641.93,90278.93,6,454,0
1004618,2,8881.67,31076.46,75092.76,7,770,0
1004619,5,10950.5,8668.48,62003.01,10,735,0
1004620,1,6478.82,19987.36,60156.78,10,616,0
1004621,4,7579.57,5335.16,43534.14,10,506,0
1004622,4,13613.3,4522.7,70926.92,2,451,1
1004623,1,18582.76,28216.29,69086.48,8,628,0
1004624,3,2774.58,34839.71,102384.35,7,754,0
1004625,1,5912.04,22617.96,73910.8,8,553,0
1004626,0,4018.09,2893.82,84444.09,8,754,0
1004627,0,2351.05,18832.26,95634.86,8,512,0
1004628,2,10475.47,24235.04,32340.42,8,539,0
1004629,4,4702.28,19990.02,56709.32,5,822,0
1004630,1,13786.78,34223.85,64874.48,9,667,0
1004631,0,13942.18,10509.09,71964.68,8,632,0
1004632,2,7285.66,24070.19,46970.82,5,655,0
1004633,1,2390.55,16147.01,86676.65,8,696,0
1004634,1,8265.55,19280.62,87606.74,3,659,0
1004635,4,7689.41,16200.45,79586.9,9,720,0
1004636,0,4437.59,26158.22,83141.47,1,511,0
1004637,1,14413.23,5839.85,47697.22,0,771,0
1004638,5,7057.62,16678.82,92214.21,8,412,0
1004639,1,2251.22,24402.87,57393.86,0,524,0
1004640,2,11009.13,30585.16,31981.0,5,546,1
1004641,0,500.0,33103.78,72045.11,5,442,0
1004642,0,13531.88,22507.3,78003.8,5,767,0
1004643,0,6696.77,33909.43,55952.36,7,614,0
1004644,3,15276.0,35478.43,36554.09,6,726,1
1004645,3,8310.43,18827.83,46647.81,4,483,1
1004646,2,500.0,43773.04,66547.01,7,847,0
1004647,0,4418.52,38566.9,18985.8,4,417,1
1004648,1,9342.71,16860.82,90039.91,4,692,0
1004649,5,5100.55,18863.23,89514.1,0,815,0
1004650,4,6668.6,14702.55,65984.43,5,794,0
1004651,0,10487.13,18907.92,90669.09,6,685,0
1004652,5,500.0,24490.09,66288.1,2,841,0
1004653,1,5173.88,23547.96,46930.25,10,591,0
1004654,2,2020.37,15554.02,82173.8,10,565,0
1004655,1,7816.87,26097.27,80742.65,6,468,1
1004656,2,11171.95,34668.55,51075.74,8,715,0
1004657,5,6941.84,31053.13,41442.33,2,745,0
1004658,1,2382.2,28162.9,49960.81,3,433,0
1004659,4,4925.2,16342.09,92859.18,6,644,0
1004660,5,4953.32,16708.15,63495.42,1,682,1
1004661,0,9592.08,40084.02,125602.11,4,485,1
1004662,1,10308.87,20858.71,56446.79,3,633,0
1004663,0,9343.37,11306.94,81619.36,4,843,0
1004664,3,11094.2,31063.4,75973.33,6,760,0
1004665,0,2796.34,39897.01,65096.54,0,829,0
1004666,1,1821.91,2478.45,86223.4,5,641,0
1004667,4,500.0,39909.97,52462.1,7,818,0
1004668,5,11734.26,8684.26,68447.74,1,835,0
1004669,4,8520.87,30535.27,46142.69,0,774,0
1004670,4,2620.66,21233.86,26003.99,1,602,1
1004671,3,11066.34,13054.31,70933.76,9,643,0
1004672,2,5349.63,9020.67,46709.88,6,612,0
1004673,2,4780.87,8189.95,43577.09,0,541,1
1004674,3,2655.93,5490.69,81161.45,4,660,0
1004675,2,8397.17,15868.03,66304.74,8,696,0
1004676,0,9240.51,32266.45,77257.84,9,777,0
1004677,3,8649.06,17238.63,104071.74,3,475,0
1004678,1,6287.73,43237.14,73153.21,6,634,1
1004679,0,6498.59,17347.19,78606.42,3,681,0
1004680,2,6967.49,12027.83,45791.41,7,678,0
1004681,4,5680.75,20178.28,86279.5,5,437,1
1004682,3,500.0,39850.77,86588.92,9,733,0
1004683,4,4995.19,11525.82,48629.89,2,414,1
1004684,4,5004.81,20158.17,82674.7,1,692,0
1004685,4,8821.46,32208.66,75960.9,2,724,0
1004686,1,5383.47,14321.24,65316.59,3,540,0
1004687,1,6139.91,26310.65,71294.91,7,559,0
1004688,3,5239.51,18217.02,117948.73,3,532,1
1004689,1,2918.72,17831.28,56698.02,9,716,0
1004690,5,500.0,18655.89,62941.96,2,501,1
1004691,5,4182.54,17252.94,71636.28,1,753,0
1004692,5,7847.67,29143.81,66004.89,2,539,1
1004693,5,8503.18,1578.7,33172.52,3,778,0
1004694,4,13312.92,5008.76,82549.52,0,834,0
1004695,4,15223.58,14527.32,88014.77,10,680,0
1004696,3,7591.11,1958.11,104186.69,3,416,1
1004697,4,8491.7,8822.35,58356.77,7,783,0
1004698,0,5205.9,5690.33,44436.02,0,743,0
1004699,2,7767.34,18530.87,82712.8,10,699,0
1004700,3,2553.4,0.0,49103.0,4,807,0
1004701,5,5096.19,16432.15,69566.99,4,818,0
1004702,4,7879.34,12140.85,61551.14,3,606,0
1004703,4,10801.43,31992.19,73418.15,8,805,0
1004704,0,4235.24,867.01,60700.98,0,637,0
1004705,2,4954.89,231.46,83598.81,7,427,0
1004706,2,12210.3,1097.9,51249.89,8,636,0
1004707,4,6330.31,6342.81,117248.27,8,526,0
1004708,1,8981.58,8835.85,85225.88,4,733,0
1004709,0,12215.43,26577.74,57133.73,5,580,1
1004710,1,8100.62,9834.49,50355.35,3,733,0
1004711,2,5701.03,16928.18,65901.36,3,519,0
1004712,0,14088.74,17774.75,60264.06,10,781,0
1004713,5,5784.13,25828.55,53133.92,4,486,0
1004714,3,9206.06,2743.91,97553.17,10,498,0
1004715,2,3003.8,9567.06,89081.97,1,794,0
1004716,2,16285.52,18958.27,48007.78,3,733,1
1004717,3,5136.69,35252.14,80852.8,0,419,1
1004718,0,15805.87,11244.69,69959.48,8,606,0
1004719,3,5810.25,10430.84,85077.36,4,488,1
1004720,0,6258.75,27788.13,56468.73,3,800,0
1004721,5,730.7,20189.23,112280.69,9,744,0
1004722,5,1784.94,19193.84,71244.63,6,748,0
1004723,1,7944.48,40635.28,109592.31,3,506,0
1004724,1,12057.4,10559.41,60250.56,4,728,0
1004725,4,4171.93,28121.7,96682.2,6,522,0
1004726,3,7291.45,41682.06,67563.82,6,677,1
1004727,2,12026.44,14015.46,103047.7,9,836,0
1004728,5,7195.17,46213.04,66101.78,4,760,0
1004729,1,4393.37,27991.09,48416.28,1,745,0
1004730,5,8203.37,23372.4,48248.29,8,476,1
1004731,0,6972.98,36731.25,57044.5,4,606,0
1004732,5,5762.86,22204.75,81841.41,10,661,0
1004733,3,11434.54,0.0,77257.99,4,468,0
1004734,0,500.0,22750.86,72139.25,7,687,0
1004735,1,15628.32,17710.48,91001.39,7,527,0
1004736,5,8776.03,2503.11,102533.4,1,848,0
1004737,3,1847.34,28084.61,49691.18,9,842,0
1004738,3,9923.7,13246.82,89886.7,10,639,0
1004739,2,8064.37,9344.59,116065.01,0,758,0
1004740,4,13222.07,45583.77,57441.51,5,831,0
1004741,2,11976.99,33361.92,58484.43,5,438,1
1004742,0,7070.36,37932.8,77903.98,4,494,0
1004743,5,10687.83,40822.8,74410.7,0,721,0
1004744,1,15142.43,4629.79,59074.08,4,492,0
1004745,0,15227.75,41855.86,68415.47,3,574,0
1004746,5,10171.53,7733.99,102018.86,5,802,0
1004747,3,8071.71,7659.45,88143.91,4,726,1
1004748,4,4094.94,23993.31,53694.64,1,608,0
1004749,2,9911.53,15843.24,35692.09,3,538,1
1004750,4,11227.66,40152.96,47730.12,7,593,1
1004751,0,8775.77,15725.05,73454.08,4,465,0
1004752,4,500.0,27623.13,54153.27,8,782,0
1004753,2,5896.87,19779.47,53031.96,3,416,1
1004754,5,4860.99,11148.08,84281.03,10,465,0
1004755,5,8314.76,16805.54,64190.36,5,538,1
1004756,3,6773.55,14916.2,62229.23,2,583,0
1004757,1,7323.83,21933.19,74164.69,2,789,0
1004758,3,6724.44,18290.8,98880.64,1,738,0
1004759,4,11677.52,30036.87,76017.82,4,802,0
1004760,5,3433.82,16709.74,83682.56,5,712,0
1004761,1,8748.62,23376.74,71521.68,2,710,0
1004762,3,3775.51,39324.74,100871.18,3,503,1
1004763,3,11094.7,25792.43,45358.24,4,739,0
1004764,4,9478.54,52864.37,47461.94,4,598,1
1004765,3,8719.89,21505.7,59728.7,7,494,0
1004766,0,12249.14,23863.67,110422.48,2,781,0
1004767,0,10720.56,27304.38,100775.0,0,564,0
1004768,4,13747.97,33861.2,47933.01,10,837,0
1004769,4,1036.75,29308.29,60746.33,10,806,0
1004770,5,8050.52,19819.91,80909.42,1,771,0
1004771,2,4310.35,17884.33,71308.91,1,844,0
1004772,1,14658.22,15524.5,87662.66,0,534,0
1004773,1,10305.82,20221.29,60104.2,8,604,0
1004774,0,6462.63,2240.35,36822.39,4,494,0
1004775,1,12411.67,5750.97,82291.12,3,751,0
1004776,2,7214.41,6592.97,94949.3,3,582,1
1004777,5,8609.71,36919.22,39240.52,0,821,0
1004778,1,6542.58,23199.6,32422.17,7,477,1
1004779,5,13385.08,32253.49,60901.09,8,849,0
1004780,2,8202.8,17403.25,32618.21,8,492,0
1004781,2,14402.83,24021.22,78548.89,6,539,0
1004782,5,4029.89,10410.92,46804.38,5,833,0
1004783,1,8475.13,0.0,84789.19,2,697,0
1004784,5,3384.61,17102.65,63111.11,7,615,0
1004785,4,12234.25,14151.51,72628.96,4,580,0
1004786,1,7266.72,12757.64,83206.08,5,533,0
1004787,0,2855.84,3685.75,65914.39,9,614,0
1004788,0,11824.27,26953.02,49705.48,9,504,0
1004789,5,12336.66,29226.26,88279.53,7,612,0
1004790,0,7835.96,26401.9,40589.28,7,659,1
1004791,0,4632.46,32739.34,98129.78,3,531,1
1004792,4,9425.6,10324.17,57817.01,4,565,1
1004793,0,15921.91,26995.41,59446.17,2,416,1
1004794,3,3390.83,19273.35,77895.84,9,801,0
1004795,2,500.0,14340.13,78343.62,6,747,0
1004796,3,7731.69,20231.37,80123.02,5,845,0
1004797,2,1246.15,8839.08,40654.39,1,716,1
1004798,3,500.0,16131.47,52387.53,1,850,0
1004799,0,9229.35,19777.07,76847.3,2,780,0
1004800,2,10066.88,0.0,77437.59,2,490,1
1004801,1,12005.92,37656.68,68156.56,8,475,1
1004802,4,9775.75,31451.44,95884.59,8,698,0
1004803,5,11116.84,29369.11,66480.33,7,513,1
1004804,2,8421.86,40222.91,88824.64,10,738,0
1004805,4,15399.88,27897.49,91712.73,0,672,0
1004806,1,6351.22,27081.83,76971.01,10,843,0
1004807,0,4720.6,39358.68,66170.3,4,822,0
1004808,4,15520.15,14422.16,84817.96,3,776,0
1004809,5,11277.41,4363.87,78990.97,4,616,0
1004810,5,7631.43,31097.93,82429.99,2,714,0
1004811,2,8725.82,17243.41,52754.92,8,496,1
1004812,5,5304.81,32154.21,79382.03,5,814,0
1004813,5,3953.49,27777.2,101904.53,4,671,0
1004814,0,500.0,11889.5,64418.72,10,679,0
1004815,1,500.0,19332.12,72845.09,2,832,0
1004816,0,10319.27,7153.73,65319.18,10,610,0
1004817,1,5776.33,20602.48,87688.55,9,792,0
1004818,1,4330.24,18101.24,28939.92,8,736,0
1004819,4,5294.11,29572.24,101987.34,2,806,0
1004820,5,10962.05,42223.44,80328.29,9,469,0
1004821,2,14966.35,23297.56,65599.72,7,589,0
1004822,0,7766.24,16864.83,75590.47,3,674,0
1004823,1,3303.92,21511.89,92618.06,3,524,1
1004824,3,5158.81,19108.12,77541.66,10,571,0
1004825,3,6674.15,14790.37,83534.59,6,793,0
1004826,3,11236.71,22959.93,94139.36,5,797,0
1004827,3,8524.83,6970.09,73561.59,1,757,0
1004828,5,11640.06,10313.43,84973.88,4,511,1
1004829,1,1458.29,23018.59,99597.45,9,785,0
1004830,4,9592.22,31231.9,81418.78,0,446,1
1004831,4,16508.57,26211.01,57853.74,4,581,0
1004832,5,10018.3,16904.15,85617.27,9,450,1
1004833,4,6493.77,33278.31,110845.75,7,534,0
1004834,0,9601.03,23914.47,63900.13,7,753,0
1004835,4,12819.25,40452.49,79291.16,8,514,0
1004836,5,9571.45,26109.63,78798.01,4,624,0
1004837,3,13194.0,20064.61,87876.4,5,793,0
1004838,5,500.0,6043.53,62109.34,8,526,1
1004839,1,9468.62,35095.92,69886.16,5,815,0
1004840,4,9272.95,31747.29,109188.65,4,663,0
1004841,4,9978.79,36282.51,84076.65,1,570,1
1004842,2,7894.67,13751.26,57998.39,5,687,0
1004843,1,7432.17,7499.47,86001.46,5,795,0
1004844,2,9793.66,36250.48,71562.98,9,552,1
1004845,0,1992.98,20142.36,100896.31,5,576,0
1004846,3,5286.63,0.0,38280.42,9,442,0
1004847,3,6780.33,27784.12,72311.99,9,606,0
1004848,2,9715.44,5229.11,89836.66,0,554,0
1004849,1,7769.5,36668.19,45125.19,3,658,1
1004850,2,4509.0,32955.02,55512.26,10,683,0
1004851,0,12381.37,0.0,79788.76,1,506,0
1004852,3,9356.47,24100.22,71082.1,9,558,0
1004853,3,8548.76,19965.63,64334.08,4,526,1
1004854,3,10279.28,27341.19,76440.18,9,445,1
1004855,5,8820.55,5889.88,42763.45,8,526,1
1004856,0,14078.96,3358.38,53691.64,5,709,0
1004857,0,7291.86,30694.37,104708.38,0,523,0
1004858,0,3124.33,0.0,57541.43,9,591,0
1004859,2,10014.34,18909.92,79020.66,0,636,1
1004860,0,10579.0,25212.63,69307.21,3,412,1
1004861,0,12023.18,28779.79,87410.91,10,452,1
1004862,4,10931.08,24159.47,76887.23,4,429,1
1004863,3,7516.79,47075.35,78377.0,6,753,0
1004864,2,15601.61,34254.02,93462.5,2,537,1
1004865,3,5101.37,18266.88,76773.92,7,485,0
1004866,5,4780.98,18460.92,36645.96,3,482,1
1004867,2,11405.35,11488.8,57273.53,5,604,0
1004868,3,4677.29,22413.13,98634.28,7,454,0
1004869,0,13861.17,45048.19,91404.06,2,692,0
1004870,5,3724.71,28451.52,65783.01,0,720,0
1004871,4,9000.16,19007.61,38873.94,7,469,1
1004872,4,8930.09,6055.4,56233.43,6,844,0
1004873,3,5732.65,0.0,111601.82,2,589,0
1004874,0,500.0,19180.7,94105.44,8,777,0
1004875,3,9389.12,11062.16,94566.98,4,657,0
1004876,0,9363.1,24489.34,38446.56,7,794,0
1004877,4,7977.72,6916.02,43512.56,2,651,0
1004878,0,5660.79,28872.45,58681.67,1,549,1
1004879,5,1742.86,17361.3,43525.33,9,803,0
1004880,4,4800.63,12799.73,72574.31,9,805,0
1004881,2,500.0,23690.01,48731.67,4,755,0
1004882,1,16404.76,14465.77,79728.16,5,705,0
1004883,5,6357.73,19550.34,65938.02,7,461,0
1004884,5,13996.85,11299.19,59254.82,0,746,0
1004885,1,7394.88,25545.26,83246.98,2,777,0
1004886,1,15378.43,141.89,79201.88,1,695,0
1004887,2,5160.65,18823.38,72914.6,6,651,0
1004888,4,4568.49,26668.89,63113.99,9,700,0
1004889,1,4187.29,30271.42,69340.94,3,708,0
1004890,5,8497.78,26454.84,32221.2,2,457,1
1004891,2,3710.08,35372.19,31574.47,1,478,1
1004892,3,1157.84,22956.4,56934.43,1,531,1
1004893,5,15336.51,50454.36,73041.56,3,617,1
1004894,0,14540.88,13916.85,105143.69,5,580,0
1004895,5,4832.53,0.0,78148.57,0,718,0
1004896,2,12471.07,0.0,50769.32,3,678,0
1004897,2,500.0,0.0,60694.28,6,761,0
1004898,0,9127.48,19635.66,45319.04,7,501,0
1004899,1,17766.3,0.0,69423.29,6,764,0
1004900,4,17748.23,2529.41,68499.76,4,506,1
1004901,1,11853.84,28072.19,69534.9,9,504,0
1004902,5,13638.65,0.0,75621.24,0,813,0
1004903,5,9341.92,20624.55,90815.77,0,776,1
1004904,3,15540.39,30117.73,83776.14,6,454,0
1004905,2,6308.65,33738.61,47466.02,4,659,1
1004906,1,500.0,22604.13,86924.61,1,829,0
1004907,1,13528.37,3347.47,50269.81,10,704,0
1004908,5,8802.06,8110.33,77817.27,5,655,0
1004909,5,8326.97,36799.89,72159.4,3,785,0
1004910,0,11236.11,38608.63,103443.7,3,672,0
1004911,3,11473.73,14776.96,68290.77,0,587,0
1004912,5,1643.2,30149.6,68394.0,9,813,0
1004913,2,8817.54,28763.54,64877.45,8,815,0
1004914,3,4820.78,15737.35,87271.0,0,817,0
1004915,5,6795.84,32231.14,76430.11,1,798,0
1004916,0,13763.7,9282.35,65062.91,10,523,0
1004917,4,7822.46,26809.77,86764.15,7,765,0
1004918,3,5233.65,27008.97,111847.63,6,550,0
1004919,0,8748.08,18076.02,102412.63,5,576,0
1004920,4,7512.23,13180.48,99932.98,8,664,1
1004921,5,8497.53,38218.58,59817.14,9,641,0
1004922,3,12358.59,10443.41,68557.06,0,798,0
1004923,2,8287.35,9323.94,73580.63,5,484,1
1004924,2,6191.8,3276.22,36822.87,10,673,0
1004925,1,7173.93,17213.56,104313.78,7,744,0
1004926,3,3179.23,17660.56,42075.19,3,602,0
1004927,5,15123.95,10239.36,78309.8,2,802,0
1004928,1,11315.22,33190.82,46090.72,4,741,0
1004929,2,500.0,21396.24,72897.66,10,479,0
1004930,4,7624.96,26875.63,86714.08,5,475,0
1004931,4,14264.95,3487.95,80720.84,2,737,0
1004932,3,500.0,16138.61,53515.3,4,575,0
1004933,4,6344.2,38570.7,57649.2,9,715,0
1004934,5,16917.72,32586.19,88737.33,10,745,0
1004935,1,10131.63,25588.08,69191.13,7,424,1
1004936,0,12023.65,33757.53,72757.52,8,721,0
1004937,5,3446.55,28874.07,88915.9,5,814,0
1004938,1,15854.37,23874.19,20985.89,5,773,1
1004939,3,10928.76,25058.24,75502.81,4,620,0
1004940,5,14940.62,25999.42,95321.58,1,618,1
1004941,0,3518.21,15540.49,105586.04,0,527,0
1004942,3,5560.8,41239.88,83980.11,3,628,0
1004943,3,3686.68,49129.52,56063.98,8,421,1
1004944,3,10035.24,22421.58,89524.35,3,493,0
1004945,0,3565.08,20133.57,107364.19,2,754,0
1004946,3,8607.0,48547.32,57955.64,3,546,1
1004947,5,15579.86,25979.34,56326.75,9,557,0
1004948,4,12300.2,27601.39,67567.19,1,717,0
1004949,3,5170.15,26287.47,62428.48,9,635,0
1004950,0,10720.03,21844.92,30401.83,5,605,1
1004951,2,3531.29,16728.56,24007.01,2,494,1
1004952,1,12134.96,30235.57,44767.24,8,558,1
1004953,4,2526.03,3356.24,58096.75,3,676,0
1004954,3,11771.33,33414.53,79047.15,7,680,0
1004955,4,13101.96,38765.27,60131.44,7,583,1
1004956,2,1848.26,18180.84,73986.06,10,709,0
1004957,4,12931.67,16377.45,97382.03,8,765,0
1004958,2,14834.04,44322.33,129354.61,4,449,0
1004959,1,15929.66,18895.33,87714.2,0,703,0
1004960,2,15355.81,14335.64,51296.93,7,725,0
1004961,0,11725.14,32108.26,90043.47,9,727,0
1004962,5,11838.54,7854.65,70430.83,5,534,0
1004963,5,5381.07,0.0,77221.06,8,519,0
1004964,2,17762.39,20998.17,89425.52,4,601,1
1004965,5,9048.58,14766.21,85704.41,6,436,1
1004966,1,13437.25,11627.17,44678.39,5,542,0
1004967,2,11700.66,12124.99,48059.68,9,797,0
1004968,0,8708.29,13542.53,75713.69,10,777,0
1004969,2,3179.64,17323.36,84305.1,10,822,0
1004970,2,11773.95,0.0,111851.54,10,420,0
1004971,2,9368.31,30196.76,82261.29,2,693,0
1004972,5,3981.72,16863.14,63269.24,2,432,1
1004973,1,16250.69,16372.48,60882.39,10,816,0
1004974,3,10478.54,17124.16,56454.23,6,637,0
1004975,5,6488.03,30610.26,44929.61,9,720,0
1004976,2,6112.6,24429.35,44776.7,4,511,1
1004977,3,15150.22,47282.45,59527.67,6,676,0
1004978,5,6726.87,0.0,72289.64,1,781,0
1004979,4,6857.57,30633.75,55285.47,1,593,1
1004980,4,500.0,32413.29,70647.39,1,758,0
1004981,3,7510.6,0.0,64856.38,10,565,0
1004982,1,5697.17,27497.79,65873.82,4,508,0
1004983,0,13240.61,19303.58,61813.75,8,624,0
1004984,2,15250.67,19072.3,76024.23,7,710,0
1004985,0,14002.39,20527.59,70687.59,4,506,0
1004986,3,1220.13,25387.59,18356.03,7,639,0
1004987,0,10257.24,16047.05,75547.48,3,597,0
1004988,3,15800.77,11972.85,72412.57,1,788,0
1004989,2,7555.88,32179.24,58361.87,10,632,0
1004990,5,7829.57,20603.09,73662.53,7,415,1
1004991,3,8451.95,30634.4,56699.71,2,421,1
1004992,5,1635.59,52514.82,72719.41,0,632,1
1004993,5,6803.98,4332.81,53155.25,9,582,0
1004994,1,7864.08,9821.58,83690.44,7,438,0
1004995,5,9793.18,12032.4,77146.14,4,534,1
1004996,3,9170.24,19283.97,41865.83,10,560,1
1004997,4,8856.43,40569.78,56588.31,7,688,1
1004998,2,6801.39,25863.94,84081.68,6,500,1
1004999,2,18238.26,33626.48,78268.41,9,767,0
1005000,0,15026.55,43211.38,73030.82,6,713,0
1005001,2,12504.42,0.0,48066.95,1,680,0
1005002,1,9960.15,16249.86,56949.11,5,722,0
1005003,4,16012.39,12295.84,73485.93,2,702,0
1005004,2,4884.84,25529.55,76083.58,9,451,1
1005005,2,12738.59,8096.53,69973.45,1,679,0
1005006,0,12543.43,39942.74,53985.34,10,498,1
1005007,4,8245.19,14425.16,65780.92,4,521,1
1005008,2,500.0,11210.11,60562.56,7,758,0
1005009,4,1346.29,7858.77,47479.49,1,574,1
1005010,1,15096.95,4663.21,48713.38,1,755,0
1005011,0,3351.39,19856.94,54381.24,10,781,0
1005012,0,12292.79,13268.07,40807.77,5,518,0
1005013,4,7936.33,24128.5,79427.9,8,827,0
1005014,4,6737.91,14583.71,85279.8,10,605,0
1005015,0,10389.21,25837.66,87570.97,6,488,1
1005016,1,15242.48,22864.59,54957.19,6,533,0
1005017,1,12596.1,33414.3,55465.26,2,412,1
1005018,3,15109.22,29086.61,75053.19,9,483,0
1005019,5,3750.79,13889.6,61021.25,2,833,0
1005020,4,5927.27,35181.19,64055.29,10,473,0
1005021,3,14667.87,13508.87,64042.06,6,788,0
1005022,1,8797.92,9491.53,38661.35,5,700,0
1005023,5,7281.27,30841.75,94961.18,9,677,0
1005024,5,1519.46,5224.57,42055.54,9,798,0
1005025,5,6574.34,12097.14,39331.41,10,769,0
1005026,4,6208.08,1992.67,85863.66,5,637,0
1005027,1,11338.92,2298.41,48677.11,10,671,1
1005028,0,8211.62,23715.25,91044.51,5,846,0
1005029,4,500.0,9081.37,76777.41,3,808,0
1005030,2,500.0,40208.86,77046.58,7,556,0
1005031,2,13993.45,37526.31,62642.35,7,515,1
1005032,4,1893.23,24346.35,42443.36,1,424,1
1005033,0,1254.82,12162.52,46891.47,5,604,0
1005034,0,2189.09,19856.11,72063.24,2,683,0
1005035,0,5700.94,17046.82,67948.32,6,705,0
1005036,1,10169.8,33596.73,46472.37,2,849,0
1005037,0,8320.97,0.0,47768.35,7,503,0
1005038,3,5293.52,18068.08,53115.76,5,628,0
1005039,3,6232.71,21013.07,68822.48,3,724,0
1005040,4,4492.91,24886.65,78593.83,9,449,0
1005041,3,7163.44,28391.34,87644.54,2,524,0
1005042,3,5072.81,15335.56,62781.14,2,734,0
1005043,5,8929.1,27416.53,97978.28,4,722,0
1005044,4,3305.0,5892.94,84033.97,10,497,0
1005045,1,6430.87,33466.11,98820.68,2,764,0
1005046,1,9624.31,24540.83,52955.93,8,795,0
1005047,4,3841.87,18554.3,81315.69,9,595,0
1005048,2,6013.61,33397.0,91216.53,0,553,0
1005049,1,10902.17,11462.39,35524.54,4,846,0
1005050,1,7169.23,0.0,87995.19,6,524,0
1005051,1,6789.6,26004.78,78069.82,0,687,0
1005052,0,7294.36,21073.15,87913.91,5,568,0
1005053,3,8828.94,15938.28,73376.82,6,743,0
1005054,2,500.0,11829.55,92326.78,6,683,0
1005055,2,9653.92,25509.84,61813.57,10,417,0
1005056,0,7195.38,30511.75,59901.18,2,431,1
1005057,5,17166.27,9040.56,84007.3,6,457,1
1005058,4,777.68,3263.29,84085.15,7,846,0
1005059,1,14270.32,28132.53,43889.36,3,723,0
1005060,0,7439.06,7042.81,93386.82,4,552,0
1005061,1,6488.22,35178.81,92869.43,9,825,0
1005062,2,8717.38,36965.57,90007.79,10,541,0
1005063,5,8002.04,13128.75,55888.07,6,686,0
1005064,4,1828.78,47703.38,94530.79,8,622,0
1005065,5,9865.55,16908.25,80076.95,6,812,0
1005066,2,10742.69,18987.54,88032.95,1,621,0
1005067,0,2823.91,18778.39,69022.88,5,434,1
1005068,1,11560.84,25357.85,61688.76,5,583,0
1005069,2,8702.68,30019.34,56354.03,8,803,0
1005070,0,11023.75,24215.38,58149.55,2,582,0
1005071,3,10605.3,11711.47,87449.34,7,796,0
1005072,0,8556.55,16199.47,55058.97,10,421,0
1005073,0,16752.9,1546.75,58086.25,6,686,0
1005074,3,8006.76,7855.98,76410.9,10,474,1
1005075,2,869.32,22090.43,64930.48,3,598,0
1005076,5,11964.38,20068.07,30259.18,4,646,0
1005077,4,500.0,13265.39,57299.89,8,720,0
1005078,1,8285.37,22734.02,63016.26,10,730,0
1005079,4,6543.91,11116.99,101242.14,10,516,0
1005080,3,500.0,19568.67,82941.37,6,717,0
1005081,0,500.0,20702.99,50666.58,1,703,1
1005082,3,18379.89,31856.38,48676.21,10,414,1
1005083,1,4109.58,32218.43,61190.64,0,715,0
1005084,0,500.0,7989.29,74411.32,3,820,0
1005085,1,2779.41,15347.31,54910.63,1,647,0
1005086,1,5536.3,0.0,78455.86,6,493,0
1005087,4,11955.25,43825.82,42789.52,9,523,0
1005088,2,500.0,0.0,76395.52,6,749,0
1005089,0,7448.92,19072.56,93085.95,6,408,0
1005090,2,7293.95,1347.71,18514.45,8,482,0
1005091,5,6269.69,20492.47,69452.48,4,494,1
1005092,4,12699.61,22471.34,74923.98,6,512,0
1005093,0,6468.52,27165.02,78720.07,10,777,0
1005094,1,500.0,12492.27,71952.98,2,462,1
1005095,3,6913.96,28298.87,68732.78,10,502,1
1005096,3,3854.71,11580.62,75493.84,4,800,0
1005097,4,6167.77,8577.09,72133.39,4,440,0
1005098,1,9689.95,10282.21,71762.77,10,539,0
1005099,5,500.0,10616.38,100517.62,4,517,0
1005100,1,7354.62,39895.57,89859.1,6,760,0
1005101,3,8405.42,30491.11,87897.52,5,637,0
1005102,3,1852.55,27386.13,57765.36,9,474,0
1005103,5,500.0,0.0,60602.29,6,667,1
1005104,2,13800.36,18743.23,90471.18,7,808,0
1005105,3,11792.67,27465.5,49711.5,9,796,0
1005106,5,500.0,0.0,89735.94,10,818,0
1005107,1,3990.95,31458.21,43942.53,9,786,0
1005108,2,3476.0,6884.52,111146.81,1,790,0
1005109,2,6153.18,19622.24,94014.34,3,837,0
1005110,1,1548.96,22808.47,59397.56,9,677,0
1005111,3,10571.87,18459.59,61077.26,9,799,0
1005112,0,8275.85,19586.7,30504.19,6,551,0
1005113,3,12085.29,25433.73,69046.39,0,607,1
1005114,5,7364.37,33781.71,93029.87,10,555,0
1005115,4,15523.65,38098.92,81803.21,2,470,0
1005116,3,2452.59,36189.55,64975.19,0,434,0
1005117,3,11295.83,21528.29,109618.92,4,831,0
1005118,5,10911.72,0.0,80708.86,8,708,0
1005119,2,7390.72,6571.61,77983.59,0,509,1
1005120,1,9803.8,14126.79,64262.32,5,556,0
1005121,3,6214.53,27469.27,81275.7,3,683,0
1005122,3,1012.51,34045.44,120672.56,3,467,1
1005123,3,6709.71,15334.16,78715.93,0,525,1
1005124,4,12102.36,11886.45,37769.04,3,447,0
1005125,0,500.0,21033.26,74228.12,8,769,0
1005126,1,15816.68,22338.62,107008.78,9,578,0
1005127,1,824.02,28183.88,93037.04,7,496,0
1005128,3,11188.21,29090.07,60037.38,0,493,1
1005129,3,1833.65,17395.66,76760.85,2,594,0
1005130,5,11072.84,0.0,41488.78,2,713,0
1005131,4,3945.15,14894.94,82375.83,5,505,0
1005132,2,8863.34,0.0,53033.68,8,497,0
1005133,2,8300.88,17893.59,59727.78,4,789,0
1005134,5,8085.72,52128.07,59025.95,7,408,1
1005135,4,9915.85,34691.5,56163.09,9,682,0
1005136,0,7315.18,24293.24,102791.97,2,414,0
1005137,3,6211.85,46623.68,98574.98,3,687,0
1005138,1,14066.33,7414.97,64446.8,1,527,1
1005139,2,5787.06,24828.84,71862.33,2,547,0
1005140,5,7511.73,26384.49,102587.93,6,629,0
1005141,1,10633.57,11710.73,64449.47,8,486,0
1005142,2,3901.5,13119.41,61381.5,4,732,0
1005143,4,5922.23,28322.23,53602.59,8,787,0
1005144,4,8294.05,23029.13,100166.89,8,597,0
1005145,5,8052.62,13161.02,73173.74,7,746,0
1005146,4,7130.36,18487.42,70175.09,0,748,0
1005147,4,5581.87,28010.35,61829.57,0,733,0
1005148,2,9088.63,17556.09,52376.24,6,746,0
1005149,1,10843.63,11206.63,88431.17,0,849,0
1005150,4,901.14,24678.37,55016.09,7,510,0
1005151,4,3867.68,18495.58,59890.66,10,655,0
1005152,4,7360.99,21562.41,37452.41,2,829,0
1005153,3,8749.49,5930.96,48679.79,10,487,0
1005154,0,11639.37,19403.42,59979.55,0,561,0
1005155,5,10031.5,15588.0,60463.37,2,678,0
1005156,4,5399.93,2659.05,40627.18,6,446,0
1005157,0,2911.6,38463.86,58023.17,5,535,0
1005158,1,9516.25,21755.3,67229.26,4,545,0
1005159,4,4321.2,23004.65,19166.98,5,635,1
1005160,4,2842.4,30447.88,81128.41,4,652,0
1005161,2,11802.41,36751.68,64515.92,3,611,0
1005162,2,4514.64,32303.53,43842.23,3,769,0
1005163,5,5716.66,11913.95,64531.09,0,657,1
1005164,3,8718.11,22765.95,78364.45,10,737,0
1005165,3,500.0,12934.53,69695.88,2,816,0
1005166,1,20479.29,17338.98,70605.73,9,659,0
1005167,0,14717.94,24734.04,70011.01,10,766,0
1005168,4,17279.17,34380.47,82359.06,10,614,0
1005169,4,7250.21,7305.64,43471.22,4,591,0
1005170,5,8348.04,29363.76,58377.04,1,428,1
1005171,3,12501.26,24716.72,77171.83,2,770,0
1005172,4,8312.88,7779.31,70274.82,0,446,1
1005173,1,9339.41,54993.86,49193.29,0,789,0
1005174,2,5640.12,18823.31,64267.41,10,477,0
1005175,0,3461.01,34550.54,56224.72,7,750,0
1005176,0,14032.52,19519.05,70125.12,6,842,0
1005177,2,10617.05,24639.9,37640.45,9,652,0
1005178,0,8489.36,30863.0,38319.37,3,747,1
1005179,3,4954.79,20842.81,41785.67,2,806,0
1005180,1,18845.52,20344.42,67086.72,3,780,0
1005181,2,5983.35,35259.09,117490.19,8,625,0
1005182,4,500.0,33517.13,88669.45,6,812,0
1005183,0,10179.2,49880.89,93337.18,0,454,1
1005184,2,500.0,23909.81,69864.12,6,451,1
1005185,0,14165.24,0.0,100456.97,1,528,0
1005186,0,4835.11,3011.18,76535.12,10,848,0
1005187,4,7764.21,26601.24,70951.41,7,699,0
1005188,2,7936.86,8201.86,90642.74,10,491,0
1005189,3,6376.43,3000.93,46134.36,1,575,0
1005190,4,1088.94,34077.24,27257.25,3,413,1
1005191,4,10283.85,708.23,46586.15,5,595,1
1005192,0,9121.71,603.25,96846.67,0,674,0
1005193,2,3727.53,22296.68,87003.08,5,586,0
1005194,3,11429.65,34651.53,73259.97,4,630,1
1005195,1,10960.16,29992.79,65021.59,0,493,1
1005196,3,3089.76,6431.29,66292.93,8,438,0
1005197,4,7854.16,29394.94,77135.03,9,449,0
1005198,4,500.0,8027.62,52903.4,9,708,0
1005199,1,500.0,23868.94,84547.25,8,429,0
1005200,3,12039.06,0.0,50772.23,6,490,0
1005201,0,7775.37,4881.51,95641.28,8,705,0
1005202,1,13819.45,24548.16,63065.83,4,759,0
1005203,2,8801.36,18258.26,51700.03,7,551,0
1005204,3,9409.74,24949.93,64019.64,8,625,0
1005205,2,9795.87,0.0,51606.06,3,610,1
1005206,1,10723.97,36874.63,66981.53,1,745,0
1005207,1,11012.78,30613.08,34578.59,7,822,0
1005208,1,2400.66,45362.18,60019.54,10,777,1
1005209,5,10015.32,13449.46,71014.47,6,685,0
1005210,2,500.0,31406.85,76999.51,10,740,0
1005211,1,9279.79,27518.82,61994.91,6,767,0
1005212,3,18547.45,17739.74,93016.08,7,786,0
1005213,0,18098.14,26404.0,36732.17,8,745,0
1005214,0,15443.93,21353.2,65291.16,3,726,0
1005215,3,4685.11,28509.84,60106.15,3,830,0
1005216,0,11112.61,18043.97,69357.36,4,569,0
1005217,0,3542.45,21258.45,64410.4,10,437,1
1005218,1,12840.13,11116.97,96345.27,2,628,0
1005219,1,7023.72,15228.69,69429.44,5,578,0
1005220,3,4943.21,22804.02,51509.22,7,426,1
1005221,2,9806.31,24058.82,117838.09,3,828,0
1005222,3,13217.86,24925.03,70251.28,7,840,0
1005223,1,639.45,31087.28,66368.38,5,613,0
1005224,1,6643.1,11328.01,86687.11,6,732,0
1005225,3,9084.71,11039.79,57900.5,10,827,0
1005226,0,9253.75,114.25,65107.51,1,618,0
1005227,0,4013.42,35909.1,86249.91,7,489,0
1005228,2,7614.68,43712.4,46467.52,10,458,1
1005229,3,4532.11,24834.32,60674.74,1,434,0
1005230,3,12484.58,28018.18,87765.95,1,437,0
1005231,0,9760.53,11047.59,104414.2,3,804,0
1005232,5,15787.6,21907.06,67921.22,10,719,0
1005233,3,4598.66,37500.96,67433.01,7,590,0
1005234,3,4228.25,24195.96,90635.12,3,833,0
1005235,5,9170.25,3228.99,40765.76,10,633,1
1005236,4,13798.65,23956.73,55961.75,4,574,1
1005237,4,9283.77,20419.72,54033.87,5,822,0
1005238,0,6630.29,31014.26,29480.69,9,728,0
1005239,5,500.0,40409.89,15000.0,5,505,1
1005240,5,6166.69,21073.74,61546.96,7,717,0
1005241,3,9279.12,26550.33,87148.62,0,836,0
1005242,3,13531.02,32437.7,82426.53,1,581,1
1005243,0,1021.47,10014.26,94070.95,1,583,0
1005244,1,10651.33,17876.16,16318.42,5,645,1
1005245,2,9780.53,437.51,66607.2,8,517,0
1005246,2,18770.84,23618.86,95428.25,0,823,0
1005247,4,13810.39,29276.22,52561.71,2,511,1
1005248,5,500.0,24849.8,44111.75,4,765,0
1005249,0,5277.2,26045.42,76234.36,5,637,0
1005250,3,6963.84,11419.03,69721.38,10,699,0
1005251,3,4655.62,10497.29,81882.01,7,614,0
1005252,0,5484.79,36135.28,69360.49,0,713,0
1005253,1,1089.44,28624.97,93677.89,6,800,0
1005254,5,5763.53,16259.79,83001.29,6,656,0
1005255,5,3693.19,27903.28,74488.35,8,430,1
1005256,4,6596.55,11411.95,62164.46,4,732,0
1005257,2,5448.39,8655.06,83268.38,7,427,1
1005258,1,8838.45,24813.24,56582.34,3,656,0
1005259,1,8216.0,19533.59,88198.38,3,475,1
1005260,3,7997.26,24223.4,91944.26,10,772,0
1005261,1,6941.3,49271.55,87969.54,6,676,0
1005262,2,1304.45,25688.87,44649.87,8,693,1
1005263,3,6918.42,22728.92,78145.39,7,754,0
1005264,4,14148.21,45496.58,76782.48,6,516,1
1005265,5,7797.32,11086.43,86571.38,0,620,0
1005266,0,8164.41,18916.16,39212.7,5,495,0
1005267,3,10303.59,14856.13,57866.26,10,679,0
1005268,3,8171.06,19614.06,68066.44,2,588,0
1005269,4,4940.51,48276.44,96787.37,6,692,0
1005270,0,6474.79,0.0,57938.72,2,676,1
1005271,3,3207.97,36035.51,87036.96,10,416,0
1005272,0,2828.95,4609.69,72472.24,10,498,0
1005273,0,7844.75,1387.95,107327.54,9,517,0
1005274,1,5491.18,18770.21,75971.25,0,576,1
1005275,3,2500.87,19481.15,38155.99,0,850,0
1005276,2,8770.43,16910.7,64193.3,8,617,0
1005277,3,10860.51,7138.93,74623.82,0,554,0
1005278,2,7134.91,28724.98,94404.53,10,783,0
1005279,3,5119.75,5004.16,82583.12,9,827,0
1005280,3,17066.67,28211.19,64132.04,0,538,1
1005281,1,8588.9,54923.74,44915.76,2,626,0
1005282,1,5348.38,4806.17,70289.69,1,467,0
1005283,1,12622.51,23916.95,67275.99,10,506,0
1005284,5,15402.13,22180.34,95669.66,1,643,0
1005285,1,1573.39,2070.62,87808.05,10,409,0
1005286,5,2378.32,20889.22,42250.98,8,727,0
1005287,0,6494.27,32642.87,24312.88,8,504,1
1005288,4,11094.1,32185.04,61580.78,0,634,1
1005289,0,2148.25,29109.36,74959.34,6,550,0
1005290,0,14255.43,13775.36,50684.99,2,515,0
1005291,1,9119.5,19387.97,59551.98,4,602,0
1005292,0,16450.13,10088.27,92920.78,9,710,0
1005293,3,8504.26,35066.09,84100.87,9,606,1
1005294,4,10404.93,11854.43,35920.5,5,718,0
1005295,5,12185.7,7734.27,76487.04,6,650,0
1005296,3,5876.36,13744.73,72807.7,6,740,0
1005297,4,2232.55,41481.96,65733.55,1,618,1
1005298,4,6454.33,1361.19,80756.35,5,673,0
1005299,3,500.0,31672.17,81167.74,7,422,1
1005300,5,1457.61,30168.42,118394.85,4,485,1
1005301,4,7483.91,14255.64,74216.47,3,526,0
1005302,0,9845.57,23452.08,55411.8,7,662,0
1005303,2,12329.61,2775.77,59951.45,1,834,0
1005304,4,14692.85,25597.07,83799.7,6,464,0
1005305,0,4465.4,26592.52,107591.12,4,420,1
1005306,0,959.72,11664.98,81637.53,7,693,0
1005307,4,15036.11,23132.34,80273.46,9,733,0
1005308,2,8579.85,21306.76,74999.92,3,798,0
1005309,4,8458.9,27942.97,61032.91,8,619,0
1005310,1,788.45,29507.68,71239.26,5,751,0
1005311,3,2485.49,34083.46,46034.1,4,721,0
1005312,5,11465.57,19705.69,84403.09,7,420,1
1005313,5,4447.92,28166.81,79068.59,9,555,1
1005314,1,14042.98,31872.97,73372.27,10,723,0
1005315,4,2901.73,41318.87,52976.61,6,571,0
1005316,5,14533.16,22376.47,64662.77,1,668,1
1005317,4,1497.06,15387.8,58578.72,3,636,0
1005318,4,500.0,13115.06,75775.08,3,695,1
1005319,0,6484.99,19869.11,64196.6,1,810,0
1005320,4,4557.84,94.22,76911.74,0,790,0
1005321,5,4127.51,8055.18,88071.68,7,553,1
1005322,2,10628.88,29330.94,94684.35,9,607,0
1005323,3,11717.33,45700.12,49775.42,2,446,1
1005324,1,1885.65,37835.88,63286.86,9,763,0
1005325,3,12089.59,13656.29,48403.51,5,424,1
1005326,1,14816.73,36005.58,94312.58,8,606,0
1005327,3,14181.67,25431.22,53208.68,2,798,0
1005328,2,7296.9,14905.0,96290.14,8,819,0
1005329,1,5727.6,37389.13,60029.71,6,546,1
1005330,4,7791.76,32335.43,89996.84,3,832,0
1005331,1,9545.58,32187.65,59254.34,0,460,1
1005332,3,3669.41,28313.51,65492.22,5,726,0
1005333,5,500.0,33209.49,72315.56,3,672,0
1005334,5,8917.63,17721.29,71645.79,9,764,1
1005335,3,9380.83,17662.34,67018.71,6,782,0
1005336,5,8350.86,14106.13,82974.62,6,601,0
1005337,5,1604.06,32264.01,93351.15,9,673,0
1005338,1,500.0,27152.04,86781.89,9,735,0
1005339,1,5973.59,33245.32,60473.73,8,475,0
1005340,1,9832.26,17377.71,33625.25,9,679,0
1005341,3,12634.18,18010.2,72120.06,3,587,0
1005342,0,5354.57,21202.34,15000.0,4,570,1
1005343,3,500.0,21590.73,83111.24,4,526,1
1005344,1,2266.84,18577.68,82092.94,7,614,0
1005345,0,5125.15,38715.63,46111.59,5,415,0
1005346,0,11056.62,23687.81,81336.28,7,678,0
1005347,3,500.0,0.0,56971.31,10,835,0
1005348,2,4851.01,13941.26,94731.63,7,619,0
1005349,2,4136.52,24458.21,54938.77,1,611,0
1005350,2,7455.32,23318.75,53610.34,4,612,0
1005351,2,6260.12,22150.53,57114.25,8,467,0
1005352,3,2978.89,18828.3,74618.24,7,647,0
1005353,1,12088.06,39930.75,49609.27,1,800,0
1005354,5,13897.89,11724.45,114110.27,9,796,0
1005355,3,12405.48,30712.78,62660.53,9,844,0
1005356,1,10440.29,32869.46,104256.32,6,482,0
1005357,4,11860.36,33364.22,64360.58,1,769,0
1005358,2,10329.06,48207.47,63742.71,3,630,0
1005359,5,8626.47,10890.32,56056.32,4,520,0
1005360,5,500.0,13785.52,55063.8,7,745,0
1005361,5,8845.89,26279.74,78533.91,4,492,0
1005362,4,10463.82,28110.49,93419.94,4,612,1
1005363,5,5341.88,28601.74,72057.22,7,640,1
1005364,2,12446.44,13520.61,52478.27,2,653,0
1005365,5,8149.46,17063.15,74121.63,3,666,0
1005366,1,2415.73,40742.24,54475.88,4,450,1
1005367,4,13177.03,29920.46,17473.03,8,797,0
1005368,5,3759.92,29890.21,72408.23,5,492,0
1005369,1,9945.15,32001.6,35758.23,10,836,0
1005370,3,2559.68,43610.93,57563.54,2,832,0
1005371,3,1779.79,20040.67,70996.15,7,811,0
1005372,5,10388.42,25619.08,62096.18,8,539,0
1005373,0,4776.01,2583.13,64813.75,0,559,0
1005374,3,5824.02,17631.29,100261.93,5,752,0
1005375,3,6213.27,25600.71,88679.9,1,667,0
1005376,2,9290.25,29507.16,99645.87,6,843,0
1005377,1,15787.54,13008.97,74129.07,8,462,0
1005378,4,6400.27,5290.27,74395.8,9,670,0
1005379,3,9062.35,11529.46,104551.28,4,637,0
1005380,5,6416.91,0.0,57713.89,0,821,0
1005381,4,16311.91,8714.07,76469.7,5,439,1
1005382,5,8989.71,19903.13,72570.86,7,599,0
1005383,0,3991.7,27272.12,75696.16,9,457,0
1005384,4,5304.91,39292.15,81645.21,3,743,0
1005385,5,16186.82,23529.68,72303.15,7,462,1
1005386,4,8614.54,12229.01,85808.89,9,839,0
1005387,0,17741.75,24019.77,53410.22,5,541,0
1005388,0,3625.42,16979.77,79657.65,9,602,0
1005389,2,11842.62,34182.82,49558.32,3,545,1
1005390,4,6978.51,34380.24,90996.55,5,557,0
1005391,1,8287.54,1352.07,89088.5,0,720,0
1005392,2,9137.47,18122.0,65840.23,9,570,0
1005393,0,12446.07,46508.47,59945.28,1,441,1
1005394,2,7339.14,36103.94,69338.59,8,474,0
1005395,2,10246.41,18939.66,80652.77,0,457,1
1005396,2,5040.28,0.0,40323.93,6,844,0
1005397,1,5748.25,29726.65,50226.91,4,698,0
1005398,4,10983.25,26046.81,88143.47,6,824,0
1005399,0,12286.08,19496.5,65609.67,10,706,0
1005400,4,8630.99,31139.39,44717.92,6,714,1
1005401,4,16798.48,24714.82,26402.53,1,722,1
1005402,0,4343.95,28298.97,61106.79,5,800,0
1005403,1,1813.44,18253.8,35516.26,5,727,0
1005404,3,13614.01,19180.8,72173.18,5,610,0
1005405,5,10403.04,25901.81,68087.47,6,701,0
1005406,5,5045.61,17231.01,105491.11,6,582,1
1005407,3,15894.86,6732.77,45243.81,10,652,0
1005408,0,7592.06,5976.83,82008.76,8,469,0
1005409,2,20614.21,24427.08,46253.91,10,736,0
1005410,3,500.0,10903.06,49456.2,5,421,1
1005411,0,4910.35,10397.51,65506.28,7,444,0
1005412,2,11959.31,12695.35,53051.42,0,517,0
1005413,5,14837.65,29178.38,104990.48,6,501,0
1005414,0,16234.38,0.0,68446.83,2,744,0
1005415,0,5977.91,0.0,54837.97,7,736,0
1005416,4,8552.94,23067.58,114482.52,8,510,0
1005417,4,10898.69,18133.91,53959.02,4,493,1
1005418,5,12853.05,38687.29,62142.51,2,561,0
1005419,3,6342.17,16937.18,65309.32,8,643,0
1005420,1,7916.3,2815.73,54248.24,3,724,0
1005421,2,500.0,23888.55,81103.62,9,523,0
1005422,2,13875.65,24335.14,92541.91,1,716,0
1005423,0,3901.51,24712.99,44233.92,2,599,0
1005424,5,11244.9,24817.55,59830.6,10,442,1
1005425,2,9792.38,46706.2,61919.58,5,777,0
1005426,2,10177.96,16207.85,42030.13,10,552,1
1005427,0,7005.37,25225.62,43588.68,3,700,0
1005428,2,11890.68,19871.31,61959.22,3,533,0
1005429,4,11658.47,0.0,51636.35,1,605,0
1005430,0,3662.28,5756.71,75198.69,4,696,0
1005431,4,8139.04,9285.32,85022.18,4,529,1
1005432,2,9527.33,16412.08,72703.29,2,442,1
1005433,0,3737.93,5550.52,74631.73,6,764,0
1005434,2,10050.93,37267.95,51206.33,3,445,0
1005435,3,14034.38,18991.15,57374.95,5,699,0
1005436,4,14658.4,8378.21,76587.57,1,673,0
1005437,1,7046.24,11254.04,80123.78,4,602,0
1005438,4,500.0,20693.9,67301.08,1,482,0
1005439,4,12264.61,12451.78,79553.2,6,793,0
1005440,3,12297.0,7051.03,64142.25,3,579,0
1005441,1,8118.28,5098.88,46398.13,5,714,0
1005442,1,9057.64,19656.97,74981.37,0,781,0
1005443,1,5772.53,40959.99,60759.66,0,842,0
1005444,4,4187.59,0.0,35996.75,10,759,0
1005445,1,12192.57,15204.96,85224.28,7,702,0
1005446,4,14944.54,20238.15,76368.4,5,839,0
1005447,5,9445.78,9873.77,83032.97,8,806,0
1005448,5,3621.7,46531.91,59816.21,8,422,1
1005449,4,634.09,21798.15,97637.46,5,651,0
1005450,3,11818.77,0.0,78211.89,10,546,0
1005451,2,11770.04,22830.86,87835.51,7,722,0
1005452,1,14940.34,5361.07,56325.05,9,463,0
1005453,4,7065.11,29238.87,62922.05,2,781,1
1005454,3,5756.31,19802.48,93731.54,0,837,0
1005455,2,5485.31,33954.49,68442.25,8,448,0
1005456,2,13657.22,8074.73,69417.22,3,741,0
1005457,1,17765.06,24230.05,97730.96,5,618,0
1005458,0,4301.29,39311.34,91286.14,7,846,0
1005459,5,6360.9,16570.61,73402.12,7,676,1
1005460,5,7006.78,7291.89,105785.05,8,828,0
1005461,0,12076.37,15297.53,40298.02,7,433,0
1005462,0,4809.32,22269.32,67740.32,8,675,1
1005463,4,13097.2,15121.47,58370.95,4,757,0
1005464,2,11170.56,24988.42,97418.27,9,432,0
1005465,5,9717.16,33341.03,99435.75,2,724,0
1005466,5,13319.38,9489.27,59803.01,3,781,0
1005467,0,4092.51,840.62,71861.82,10,822,0
1005468,3,4771.98,8655.91,87144.13,7,648,0
1005469,5,15905.62,137.13,79131.63,9,572,0
1005470,0,8144.13,10145.11,74217.13,3,782,0
1005471,4,5160.53,16279.93,88297.15,4,615,0
1005472,1,7121.93,0.0,106549.07,7,550,0
1005473,0,3564.98,19744.43,71479.73,4,811,0
1005474,3,12806.13,18458.44,47939.0,8,753,0
1005475,2,4755.31,0.0,67097.03,9,590,0
1005476,1,12902.2,13745.69,68465.69,1,426,1
1005477,1,12546.18,0.0,61935.84,8,777,0
1005478,4,8140.78,25849.51,82637.67,9,506,0
1005479,2,18259.76,15106.57,83281.94,3,594,1
1005480,5,9015.75,24109.35,86613.67,4,427,1
1005481,2,10731.71,35173.25,78398.2,9,557,0
1005482,0,13081.14,26331.58,74258.65,10,809,0
1005483,2,5110.07,18218.4,49627.46,3,530,1
1005484,0,2645.43,21871.49,62692.19,5,439,1
1005485,0,10441.59,12590.53,52762.63,9,502,0
1005486,5,4700.63,17753.08,75413.28,1,486,1
1005487,1,2608.11,39076.87,66997.09,1,599,1
1005488,5,3708.96,11199.55,68504.76,9,476,0
1005489,1,12907.03,16808.74,79326.42,10,479,0
1005490,5,18060.3,20863.74,63650.14,8,522,1
1005491,3,8832.23,22369.49,89672.14,4,774,0
1005492,0,8333.75,26886.75,89280.83,3,532,0
1005493,4,10420.05,4264.86,51244.63,10,839,0
1005494,0,12549.63,11982.07,94297.52,6,739,0
1005495,4,8868.04,16918.38,62827.36,2,451,0
1005496,2,6088.46,21400.45,55433.58,10,574,0
1005497,3,12514.54,25463.89,63261.0,4,432,1
1005498,0,6341.48,22884.91,45045.06,0,488,0
1005499,5,4940.89,18798.38,75753.0,2,409,1
1005500,0,4818.39,7073.14,92267.09,9,568,0
1005501,3,5470.55,4326.46,40353.82,6,820,0
1005502,0,7459.67,3879.23,77395.74,7,840,0
1005503,1,8142.21,27770.05,80382.69,2,440,1
1005504,5,11402.54,36523.69,81833.6,9,549,0
1005505,0,6113.64,7879.26,81546.25,7,709,0
1005506,0,8313.84,1402.16,77568.91,6,740,0
1005507,4,6496.91,13510.01,60393.22,7,542,0
1005508,2,8779.72,20457.72,86268.54,1,624,0
1005509,3,14401.16,11371.6,75621.52,8,495,0
1005510,4,6474.28,15038.64,84458.4,10,642,1
1005511,0,500.0,25689.94,75209.28,4,517,1
1005512,3,13071.14,22074.63,64309.96,9,484,0
1005513,3,10821.06,12383.6,68402.85,4,713,0
1005514,2,10914.42,2446.19,80864.71,5,475,1
1005515,5,500.0,15996.24,89073.99,2,415,1
1005516,0,3099.93,30493.86,32884.15,7,615,0
1005517,3,10248.63,0.0,44922.79,5,791,0
1005518,0,7662.64,35899.48,38188.29,3,570,0
1005519,1,7095.84,19846.23,59148.95,5,659,0
1005520,2,13736.24,35657.67,56508.86,3,491,1
1005521,4,3069.03,10002.18,73026.57,3,512,1
1005522,4,5919.19,8387.24,63452.67,8,481,0
1005523,2,9678.27,1906.48,94583.08,6,500,0
1005524,5,4184.0,20546.45,57505.33,10,676,0
1005525,0,4807.61,19328.83,55705.92,1,698,0
1005526,4,7362.13,15338.51,53566.89,9,550,1
1005527,0,5038.13,18852.95,63506.71,4,686,0
1005528,1,7209.67,23109.58,72291.31,6,580,0
1005529,5,13736.11,8438.73,59989.0,3,548,0
1005530,0,2126.13,28812.45,51597.0,5,480,1
1005531,0,5262.6,0.0,43218.81,5,555,0
1005532,0,5199.5,12241.49,72659.66,6,549,0
1005533,4,6792.16,21893.14,58722.79,8,613,0
1005534,2,10607.91,14723.85,50436.14,6,780,0
1005535,0,16513.21,19757.0,64002.2,0,811,0
1005536,2,15143.61,0.0,75453.36,2,513,0
1005537,2,21381.94,14102.84,108096.79,4,646,0
1005538,0,638.42,17145.52,100057.81,7,461,0
1005539,1,4938.78,982.1,52200.22,1,780,0
1005540,2,20864.77,24451.22,60563.39,9,556,0
1005541,2,9486.45,3002.46,31914.89,3,691,0
1005542,3,10022.13,7830.46,31774.04,6,806,0
1005543,0,7789.6,2273.02,33941.97,8,657,0
1005544,2,6535.92,19877.62,86403.58,4,810,0
1005545,2,15837.64,8381.44,66167.03,6,624,0
1005546,5,9317.71,24600.78,41108.66,3,826,0
1005547,4,5799.78,27444.04,56248.35,7,709,0
1005548,4,9210.76,13411.5,59457.48,0,685,0
1005549,3,8706.1,23976.95,56426.66,8,625,0
1005550,4,11775.46,38403.88,96912.07,4,840,0
1005551,0,11523.18,0.0,32282.63,3,729,0
1005552,4,10439.3,0.0,60356.4,5,664,0
1005553,4,8053.34,38464.04,73665.51,4,488,1
1005554,4,10334.1,7162.28,78131.52,3,777,0
1005555,5,8347.31,51599.69,27569.87,2,550,1
1005556,4,3344.96,27904.46,72519.88,7,448,1
1005557,2,9276.92,0.0,45009.3,3,794,0
1005558,5,1479.86,28104.86,57982.24,7,712,0
1005559,2,8991.81,16188.81,38729.89,6,583,0
1005560,1,4986.69,18999.55,83657.75,1,645,0
1005561,0,16806.04,27787.46,128253.7,7,781,0
1005562,0,11674.45,10710.53,88269.01,5,531,0
1005563,0,7169.83,14095.07,63323.91,7,823,0
1005564,0,6986.35,19587.54,35600.4,1,458,0
1005565,2,13464.47,0.0,85601.45,5,664,0
1005566,1,4235.53,14490.83,91827.65,8,725,0
1005567,0,16240.84,20998.14,48070.53,0,453,1
1005568,3,15836.41,18317.75,86969.3,5,534,1
1005569,5,12249.77,19620.15,34886.04,7,743,0
1005570,0,6906.64,17995.18,44724.91,2,678,1
1005571,3,12307.12,0.0,71810.1,9,702,0
1005572,4,7605.64,7554.11,42510.83,5,703,0
1005573,1,500.0,0.0,83461.73,9,536,1
1005574,2,4305.88,21822.96,96281.33,10,420,1
1005575,3,14622.7,29511.32,70300.34,0,790,0
1005576,1,8097.27,19957.46,78511.3,4,461,1
1005577,1,6371.74,0.0,99650.94,4,621,0
1005578,4,15622.57,13678.09,79055.65,7,794,0
1005579,5,11646.98,27626.76,94143.07,5,433,1
1005580,4,12573.34,23861.89,96588.3,8,724,0
1005581,3,10753.36,27255.14,49333.38,6,438,1
1005582,5,2558.96,28021.27,111057.56,1,459,0
1005583,4,8504.88,5596.51,91946.28,8,509,0
1005584,4,1256.52,21199.5,72384.98,1,567,1
1005585,1,14193.16,22018.77,85218.13,0,678,0
1005586,0,4672.29,6370.16,75612.23,1,566,0
1005587,2,19643.03,11504.04,73983.03,9,769,0
1005588,1,2256.61,16964.62,50610.38,8,442,1
1005589,4,3094.56,41468.26,61976.48,4,451,1
1005590,3,13658.13,30912.53,63317.8,3,512,1
1005591,2,500.0,18788.95,90386.33,10,417,1
1005592,3,7693.61,19224.18,78823.21,5,522,0
1005593,0,9474.87,0.0,77482.78,8,683,0
1005594,3,21711.98,19031.71,67569.99,1,706,0
1005595,2,10139.52,30498.12,93786.87,4,589,0
1005596,0,10505.03,13807.29,23150.65,8,548,0
1005597,4,8035.27,24987.44,52449.75,10,603,1
1005598,3,7529.57,35009.43,87880.64,5,656,0
1005599,2,4747.06,15046.03,61917.72,5,771,0
1005600,4,10658.93,459.26,82030.1,8,474,1
1005601,5,6555.56,17476.23,99982.28,1,815,0
1005602,2,7043.39,16895.19,85055.17,3,579,0
1005603,3,500.0,50739.05,41781.1,2,836,0
1005604,4,11486.67,17608.49,65496.71,10,544,0
1005605,5,8614.96,17383.53,47903.99,5,753,0
1005606,2,7048.76,30685.74,78821.82,3,613,0
1005607,0,8948.61,9881.59,89555.04,8,409,1
1005608,4,15224.25,14691.31,65268.51,4,423,0
1005609,3,500.0,16852.8,79573.29,3,474,0
1005610,0,12850.14,16476.48,66019.37,5,671,0
1005611,3,6230.35,23120.66,106403.7,10,668,0
1005612,3,6315.01,20610.55,72365.4,5,480,0
1005613,2,10947.2,0.0,74245.47,2,831,0
1005614,0,12286.87,31906.89,80622.15,3,554,1
1005615,5,1645.11,13251.42,89967.05,10,444,1
1005616,3,14581.54,26910.83,83101.67,5,656,1
1005617,0,4934.21,19697.12,69360.48,7,636,0
1005618,0,15671.0,25860.63,70958.69,5,458,0
1005619,2,7682.04,34386.65,79597.68,8,583,0
1005620,5,23404.9,16443.94,81150.19,4,689,0
1005621,1,2254.6,13464.87,62800.32,4,588,0
1005622,1,9526.83,23320.52,58957.49,3,569,1
1005623,5,16033.74,17596.13,65465.0,5,526,0
1005624,3,4837.93,39952.66,78753.71,9,583,0
1005625,4,10338.97,16159.32,61462.29,3,527,1
1005626,2,500.0,11891.1,49422.88,6,493,0
1005627,1,500.0,42436.86,63613.1,5,513,0
1005628,0,1103.06,10776.78,60639.43,1,460,0
1005629,0,6495.61,28218.86,81498.62,9,453,1
1005630,3,500.0,11830.66,60205.15,3,535,0
1005631,0,9774.51,26829.32,62224.15,8,653,0
1005632,3,6267.03,37850.87,105591.65,6,443,0
1005633,1,500.0,35484.16,78485.57,9,605,0
1005634,4,10964.94,14358.85,52428.36,5,701,0
1005635,5,13793.71,25815.61,92834.12,4,723,0
1005636,4,11744.71,33406.4,63064.93,5,616,1
1005637,5,11870.29,20725.63,54599.97,3,691,0
1005638,5,5670.24,41384.4,82316.95,8,655,0
1005639,4,6026.05,37896.95,43210.44,6,830,0
1005640,2,8349.06,39710.03,68778.04,5,784,0
1005641,2,8902.24,19724.56,80696.13,10,558,0
1005642,2,12077.24,24218.94,84203.74,1,431,0
1005643,2,17667.5,5059.29,60029.55,7,798,0
1005644,1,14099.45,8918.01,60552.89,8,408,0
1005645,3,6609.63,26398.43,68435.26,2,578,1
1005646,0,500.0,10943.89,93045.16,2,514,0
1005647,4,500.0,20003.38,35992.14,8,700,0
1005648,0,9214.05,6782.18,85610.1,7,416,0
1005649,0,1881.56,11167.15,75738.81,9,764,0
1005650,5,17486.37,5038.42,96014.16,5,681,0
1005651,1,5677.15,23169.13,48796.63,8,583,0
1005652,0,6417.15,10805.59,91938.33,4,408,0
1005653,3,9793.99,21180.18,53615.67,7,605,0
1005654,0,4609.43,26578.02,75768.16,8,653,0
1005655,0,6820.16,15297.25,62631.88,7,687,0
1005656,2,14446.5,19793.03,23480.99,10,578,0
1005657,5,13843.46,46966.26,68981.31,6,457,1
1005658,5,17191.05,26162.21,77539.13,10,488,1
1005659,0,15639.46,38581.74,86464.99,4,643,0
1005660,2,14784.93,37517.91,58145.49,1,512,1
1005661,5,500.0,30065.17,47960.96,7,450,1
1005662,0,7433.46,25970.79,83536.11,4,576,0
1005663,1,4105.03,320.93,63337.75,4,507,0
1005664,4,7372.81,25520.05,89969.25,8,582,0
1005665,1,9719.07,7801.77,97166.48,1,684,0
1005666,0,10954.82,3671.21,65715.92,3,481,0
1005667,2,11062.05,18837.52,66900.18,9,838,0
1005668,5,13796.99,33305.42,56438.65,8,465,0
1005669,3,11910.76,26764.57,31658.33,10,850,0
1005670,5,14988.23,28358.4,70031.82,9,569,1
1005671,5,1519.88,29012.44,83965.88,1,523,1
1005672,3,3003.9,28989.3,90307.97,2,721,0
1005673,2,9046.5,7124.1,69775.82,8,472,0
1005674,5,11402.07,6606.44,105304.09,8,684,0
1005675,5,500.0,20720.27,60236.49,6,637,1
1005676,3,500.0,32148.88,69746.39,8,777,0
1005677,5,12483.14,19223.96,59874.16,3,603,1
1005678,2,6454.31,10744.48,61821.75,1,511,0
1005679,5,11231.07,13237.38,64946.9,3,576,0
1005680,2,12327.58,13982.56,57133.57,7,459,0
1005681,2,10232.64,11881.09,62238.11,1,748,0
1005682,2,3903.11,6682.02,75587.12,6,471,0
1005683,2,12434.76,38850.1,72331.14,4,722,0
1005684,0,6095.56,21884.95,50385.84,9,577,1
1005685,0,12145.08,0.0,79876.98,2,656,0
1005686,3,613.17,21880.7,54721.88,6,587,0
1005687,2,10321.72,25979.16,78915.61,7,683,0
1005688,5,7741.23,29790.7,71631.91,10,744,0
1005689,2,6203.88,7449.25,33775.08,10,665,0
1005690,3,11273.77,0.0,50576.78,4,645,0
1005691,0,9710.38,47120.39,88317.59,3,707,0
1005692,0,8539.53,4159.32,58046.52,7,609,0
1005693,4,9740.8,2734.99,57800.05,2,819,0
1005694,3,3640.35,21817.94,62019.31,3,451,1
1005695,1,9599.77,32928.92,72429.9,5,827,0
1005696,5,2633.74,31581.93,81227.0,8,515,0
1005697,0,2259.06,9770.2,64689.52,1,841,0
1005698,4,8329.79,19926.38,102395.96,9,672,0
1005699,0,9346.72,10771.57,59456.47,1,788,0
1005700,0,3858.94,19582.25,61458.19,2,423,0
1005701,0,2682.61,11460.75,66807.95,1,454,0
1005702,3,2111.14,49610.17,73491.74,1,464,0
1005703,4,5331.95,33869.65,98120.96,9,608,0
1005704,1,4542.95,17318.97,114999.76,1,418,0
1005705,3,16186.5,17936.48,63846.78,5,754,0
1005706,4,1491.0,36248.15,67111.32,10,803,0
1005707,3,6755.91,11294.8,82389.08,8,538,0
1005708,0,13144.24,16440.29,68033.44,2,530,0
1005709,2,9083.3,14015.0,86728.63,9,676,0
1005710,4,7900.56,19911.5,50104.52,3,792,0
1005711,5,15207.41,40044.42,86584.88,3,432,1
1005712,4,13876.21,11850.29,28741.54,3,635,1
1005713,2,14030.08,4640.68,80350.71,1,498,1
1005714,0,5704.33,6015.74,83084.79,8,628,0
1005715,2,11657.05,12086.47,117739.33,0,585,1
1005716,1,11356.82,2872.61,52948.4,0,582,1
1005717,4,4799.31,4618.45,83575.26,8,439,1
1005718,1,12495.59,9414.81,82701.34,2,804,1
1005719,5,9317.09,25538.7,52313.56,5,595,1
1005720,0,5408.69,22585.32,75217.79,10,807,0
1005721,5,8863.02,15239.5,54153.34,9,509,1
1005722,1,9526.15,23990.79,48035.1,1,782,0
1005723,5,8467.97,20025.8,41428.04,7,789,0
1005724,5,7361.07,18171.07,66075.62,5,751,0
1005725,1,500.0,8863.78,50126.99,1,549,0
1005726,5,6755.39,29116.19,30550.9,10,705,0
1005727,5,7610.21,19138.39,75704.42,5,576,0
1005728,1,500.0,17002.38,37409.27,1,836,0
1005729,4,11008.18,15128.69,83476.25,4,763,0
1005730,0,7324.83,21283.67,74834.54,2,590,0
1005731,1,11250.73,18412.04,54354.99,1,655,0
1005732,0,9509.5,4739.05,39769.7,1,815,0
1005733,4,6468.7,12283.78,52701.49,1,430,1
1005734,1,500.0,5172.45,44235.52,3,500,1
1005735,5,6033.47,0.0,62829.47,7,504,0
1005736,3,1519.61,3831.46,63050.87,6,417,1
1005737,4,3916.48,50313.72,117577.58,7,678,0
1005738,2,4900.33,0.0,29856.76,6,710,0
1005739,4,5294.42,18135.0,58711.36,4,496,0
1005740,5,10135.06,28523.21,80801.25,3,737,0
1005741,5,10665.58,17349.42,89862.15,1,518,0
1005742,0,8375.68,18121.44,95892.53,3,798,0
1005743,5,2522.41,7155.55,51155.6,2,683,0
1005744,3,4929.38,10705.02,85556.25,9,617,0
1005745,4,10036.43,10818.24,15000.0,4,627,0
1005746,5,16589.91,5320.03,65721.28,0,488,0
1005747,0,4489.44,17619.97,86535.95,8,527,0
1005748,3,4363.32,27037.95,83761.62,2,553,1
1005749,1,4472.48,30373.89,42811.82,4,655,0
1005750,2,7102.66,40119.23,53993.59,2,619,0
1005751,0,11151.49,26667.2,28330.38,8,688,0
1005752,3,4252.19,59000.54,55606.3,10,758,0
1005753,2,5088.71,21781.26,43339.25,4,425,1
1005754,0,5195.31,6374.22,75272.79,4,774,0
1005755,0,15615.45,2299.68,55299.53,6,529,0
1005756,2,7783.79,22868.22,81564.86,9,458,0
1005757,3,13456.0,29997.22,67800.74,8,544,0
1005758,3,13418.17,31122.88,63474.56,3,747,0
1005759,5,7593.22,20283.33,104144.06,4,797,1
1005760,2,9460.79,35967.22,92585.35,3,743,0
1005761,5,6689.78,20642.06,44305.69,5,430,1
1005762,5,6425.32,15262.91,96775.43,10,453,0
1005763,0,1153.25,18048.99,84734.15,0,561,0
1005764,1,3934.6,21078.95,95700.74,5,412,1
1005765,4,4940.99,27468.76,78705.25,1,494,1
1005766,0,11348.96,5213.16,35063.14,5,522,0
1005767,0,5689.86,7251.46,62642.81,7,715,0
1005768,5,3002.31,34134.45,22711.22,3,677,1
1005769,5,9604.91,15618.74,42738.0,1,767,0
1005770,3,4748.81,34240.79,56382.14,5,420,0
1005771,0,5877.13,27888.93,94616.38,2,433,1
1005772,4,3122.85,23788.25,70723.6,7,728,0
1005773,0,11844.89,34649.5,74145.75,5,790,0
1005774,3,5706.34,18257.61,84283.1,6,691,0
1005775,1,9233.62,28068.26,52306.62,10,716,0
1005776,5,2437.69,29990.76,91405.93,3,838,0
1005777,0,5054.92,32858.79,74209.96,10,504,0
1005778,0,500.0,8647.36,51201.54,3,735,0
1005779,3,10769.78,19807.23,58733.4,8,813,0
1005780,0,18509.4,38450.3,65158.58,7,809,0
1005781,1,500.0,28878.25,81714.91,3,537,0
1005782,5,16209.14,36722.27,97611.99,9,423,1
1005783,4,14183.92,38919.08,63883.65,1,757,0
1005784,1,12506.34,13156.24,65531.73,8,467,0
1005785,5,6423.92,20026.77,104966.48,4,441,0
1005786,4,5727.06,37844.23,132154.52,8,669,0
1005787,2,14293.68,26814.66,105034.54,0,610,1
1005788,0,5594.83,9695.98,73636.43,9,730,0
1005789,2,1522.38,25784.41,62878.59,3,632,0
1005790,1,4555.35,25205.7,83199.18,0,490,0
1005791,5,9102.51,13950.23,75809.14,7,805,0
1005792,3,7197.01,15655.57,54423.85,0,602,1
1005793,1,6845.01,31429.28,96395.97,6,778,0
1005794,3,8227.77,28909.18,119403.04,2,691,0
1005795,5,17783.75,7007.08,53436.55,10,650,0
1005796,1,9897.28,9219.04,54468.92,5,528,0
1005797,4,10209.52,16537.68,59964.76,3,430,1
1005798,2,2866.91,20439.33,45188.12,5,436,1
1005799,0,5536.73,19341.47,85762.98,4,598,0
1005800,2,13231.85,10128.73,41758.02,6,617,0
1005801,1,10407.91,24096.24,82908.45,8,574,0
1005802,1,10881.54,0.0,77625.1,2,784,0
1005803,4,6814.3,9878.2,84493.99,2,849,0
1005804,4,735.66,20396.96,40883.14,0,447,1
1005805,0,6608.28,20040.05,72746.2,2,709,0
1005806,4,6093.08,18724.02,75248.71,1,732,0
1005807,5,16653.62,24379.13,87212.12,10,587,1
1005808,3,2653.69,22220.38,77244.88,7,580,0
1005809,5,4776.79,16216.98,58490.32,3,569,1
1005810,2,17255.12,39352.18,92257.0,5,587,0
1005811,4,6625.02,18837.86,97039.22,9,748,0
1005812,0,5201.13,51680.16,96392.7,5,804,0
1005813,4,12241.71,0.0,55291.01,4,450,0
1005814,4,4647.76,30804.71,80246.62,9,468,1
1005815,3,7652.5,4775.98,51987.9,9,769,0
1005816,1,6421.28,0.0,66550.27,6,465,1
1005817,4,11097.28,8171.47,84690.9,9,705,0
1005818,2,6352.96,0.0,41765.17,5,437,1
1005819,2,9183.43,13702.06,124453.62,3,600,0
1005820,4,2518.03,18806.43,93961.01,1,424,1
1005821,2,5726.98,7642.65,54831.51,0,722,0
1005822,0,8244.27,14278.28,58730.46,5,657,0
1005823,4,4431.95,25407.99,68437.46,7,584,0
1005824,1,10901.57,12253.27,67131.58,10,715,0
1005825,2,7596.95,31241.93,46111.58,3,471,0
1005826,3,500.0,11018.95,67272.38,2,689,0
1005827,1,16758.7,42481.44,39509.96,3,592,1
1005828,2,5846.66,19636.66,57750.92,10,593,0
1005829,1,12220.96,3729.04,105138.95,7,430,1
1005830,4,10976.79,28601.75,68645.07,0,781,0
1005831,2,8252.57,22838.56,62274.96,4,446,1
1005832,3,10269.43,1835.78,100839.66,3,545,0
1005833,2,10313.12,43614.98,76173.74,3,602,1
1005834,4,3594.24,14653.2,82224.64,1,727,1
1005835,4,11992.85,26900.52,58660.59,9,773,1
1005836,0,2709.65,52764.49,91509.08,8,452,0
1005837,4,13829.59,11702.84,63416.5,8,498,0
1005838,3,4783.06,11273.3,87166.73,8,574,0
1005839,4,9744.27,25620.26,82574.7,8,629,0
1005840,4,7203.67,0.0,103984.1,2,466,0
1005841,5,11154.12,33301.68,89533.74,3,841,0
1005842,5,6205.86,9452.09,69575.43,0,534,1
1005843,2,6082.96,37439.74,49025.76,10,774,0
1005844,0,6483.57,35034.66,63975.97,8,750,0
1005845,2,9361.32,6451.12,56285.97,5,807,0
1005846,4,13945.54,4059.76,100125.45,2,807,0
1005847,5,2691.84,35394.09,61127.74,3,707,1
1005848,4,500.0,5133.93,24662.63,7,545,0
1005849,1,6991.34,20437.19,77470.44,1,668,0
1005850,0,5426.89,25858.7,85998.35,0,488,0
1005851,4,9077.88,30742.41,51799.84,8,665,0
1005852,4,8109.54,20729.13,84063.32,8,500,1
1005853,3,5597.17,10379.69,43788.38,7,674,0
1005854,0,6727.79,30372.47,74736.39,10,735,0
1005855,3,7215.86,25923.19,66736.32,10,613,0
1005856,3,3500.37,33597.11,76094.0,2,751,0
1005857,4,2407.1,7528.03,78264.39,1,567,0
1005858,0,2539.5,39176.41,56586.49,10,643,0
1005859,4,584.9,26617.86,85862.74,0,513,1
1005860,5,7194.21,16350.36,59996.62,5,568,0
1005861,1,12263.54,27708.95,72254.14,9,436,0
1005862,5,13952.4,19091.19,98012.18,7,823,0
1005863,0,4637.2,0.0,51656.93,2,571,0
1005864,0,9751.37,12180.21,71373.49,5,708,0
1005865,5,2641.98,24354.09,101581.35,3,749,0
1005866,1,7471.44,23598.91,94845.17,7,663,0
1005867,5,6264.65,22915.91,56416.99,1,652,1
1005868,3,16116.6,10795.93,57620.08,3,763,1
1005869,3,5461.09,7421.51,80771.34,5,480,0
1005870,0,4740.91,14774.56,56924.43,10,448,0
1005871,3,2762.27,22300.53,71353.29,2,768,0
1005872,2,2417.2,18712.48,42809.21,4,796,0
1005873,0,11697.91,24173.04,82480.36,0,426,1
1005874,2,15077.73,11713.3,38039.6,5,645,0
1005875,2,4239.8,12845.72,72538.29,10,820,0
1005876,3,1502.15,12555.53,83794.12,3,606,0
1005877,3,4232.23,16437.93,56607.55,1,696,0
1005878,4,500.0,12595.04,38706.65,6,571,0
1005879,4,6501.27,19209.42,44645.36,4,654,0
1005880,5,14827.19,14291.18,31844.49,3,556,1
1005881,1,2798.51,36219.95,105442.95,2,590,0
1005882,5,7467.78,11236.29,31616.31,1,760,0
1005883,0,9424.04,8433.08,44271.03,9,773,0
1005884,0,500.0,25083.86,76391.49,10,503,0
1005885,5,6581.0,40105.44,70865.27,8,411,1
1005886,0,1015.88,18035.59,90324.79,7,831,0
1005887,5,9886.77,5218.06,96047.03,10,415,0
1005888,1,8529.52,29212.37,78820.88,7,640,0
1005889,1,6877.7,7128.82,68597.9,5,638,0
1005890,0,500.0,19175.52,58661.99,7,687,0
1005891,4,3977.98,16596.36,66228.2,8,539,0
1005892,0,8199.07,5504.07,88709.49,2,466,0
1005893,4,4276.28,29779.17,82050.02,8,585,0
1005894,1,10688.89,24019.84,82333.76,6,838,0
1005895,1,9014.2,17983.34,36465.44,9,645,0
1005896,0,10154.55,23263.69,54629.53,0,607,0
1005897,4,7741.56,5516.21,56181.77,1,427,1
1005898,1,11194.11,16153.79,59054.91,6,819,0
1005899,2,5208.87,23803.89,48764.64,5,843,0
1005900,3,5619.47,28382.89,83459.21,7,431,1
1005901,2,10933.96,0.0,91011.63,7,708,0
1005902,0,1926.69,25428.35,106137.18,6,749,0
1005903,0,500.0,6931.69,59412.18,3,451,0
1005904,3,10790.66,0.0,67877.94,8,569,0
1005905,3,12736.12,29636.01,71756.17,8,735,0
1005906,4,10743.79,33167.88,69736.29,3,791,0
1005907,3,18506.33,7195.14,53162.1,6,644,0
1005908,0,8153.05,29659.26,85827.4,2,538,0
1005909,3,500.0,20563.82,29555.13,8,712,0
1005910,1,5061.78,29486.92,60292.17,3,556,0
1005911,0,500.0,42853.05,31885.14,8,734,0
1005912,1,6352.79,34925.78,82433.62,8,414,0
1005913,4,8556.59,21912.62,42100.64,4,847,0
1005914,2,15214.01,5855.95,46807.02,4,525,0
1005915,1,16628.83,11126.65,69622.71,1,460,1
1005916,2,8605.75,15969.2,49081.34,1,459,1
1005917,1,14627.13,12335.01,74879.69,2,849,0
1005918,3,11666.47,24314.65,62147.14,0,822,0
1005919,3,5052.41,27258.58,109080.22,5,619,0
1005920,3,4720.96,42455.74,45533.75,0,747,0
1005921,1,500.0,34079.19,53569.92,10,497,0
1005922,2,6278.33,4278.01,81309.61,2,821,0
1005923,5,6328.22,50291.72,72276.88,2,573,0
1005924,3,3502.56,19851.21,78840.4,8,671,1
1005925,3,7438.36,14857.63,64096.0,8,569,0
1005926,5,4583.09,0.0,88885.06,4,454,0
1005927,4,17229.97,21654.14,76864.68,2,804,0
1005928,5,500.0,48150.0,96354.66,2,749,0
1005929,2,12804.92,19984.69,42813.8,6,640,0
1005930,2,4583.39,26852.76,75003.77,8,850,0
1005931,2,5884.26,25327.68,65468.77,9,437,1
1005932,2,9494.32,32937.24,77935.61,0,598,0
1005933,1,500.0,11234.48,51113.93,4,724,0
1005934,2,4870.61,10280.52,86155.43,4,560,0
1005935,1,10848.99,28146.11,43267.46,2,628,0
1005936,4,500.0,32034.98,87697.38,7,486,1
1005937,2,500.0,12072.05,80908.85,3,768,0
1005938,1,500.0,25180.04,33899.37,4,523,0
1005939,4,4810.13,32536.04,77919.71,8,428,1
1005940,4,500.0,24795.46,31139.69,0,484,0
1005941,3,5582.29,15077.18,81263.11,7,791,0
1005942,0,4179.5,46171.01,37849.78,9,632,0
1005943,4,9119.03,38267.6,68548.36,6,803,0
1005944,4,14014.61,28174.9,64558.1,2,638,0
1005945,0,500.0,18494.5,37408.26,2,411,1
1005946,5,3654.47,4768.98,32821.3,6,763,0
1005947,1,3419.45,14813.18,79989.97,8,619,0
1005948,3,15406.82,20776.25,60302.11,10,457,1
1005949,0,5587.71,8391.53,91750.37,9,461,0
1005950,4,2619.63,32983.17,69024.69,3,441,1
1005951,5,500.0,4973.16,125163.45,5,642,0
1005952,4,9010.69,40428.32,73516.32,5,708,0
1005953,0,887.01,15347.81,105375.48,3,447,1
1005954,1,3277.76,10640.74,77044.81,1,663,0
1005955,3,10958.42,16764.17,71741.49,6,800,0
1005956,0,7963.45,26441.67,80899.65,1,809,0
1005957,4,8282.41,33112.01,54916.65,8,489,0
1005958,5,9694.93,6746.87,57144.63,1,526,1
1005959,1,3430.26,28239.1,103269.04,5,704,0
1005960,0,1569.91,14647.77,66293.48,8,744,0
1005961,5,5107.77,3671.86,47076.41,6,697,1
1005962,5,2572.64,5939.32,80417.65,4,671,0
1005963,5,11913.6,34945.93,53392.55,8,550,1
1005964,2,10072.03,3371.58,71792.41,4,818,0
1005965,1,7471.42,12311.89,93020.63,10,503,0
1005966,4,8977.98,20485.67,96202.86,4,696,0
1005967,0,5523.63,38551.14,106829.98,0,813,0
1005968,1,6301.37,0.0,93839.89,6,691,0
1005969,3,12003.16,21819.79,83535.83,7,425,1
1005970,0,500.0,22018.3,81383.52,7,494,0
1005971,3,8859.75,0.0,76408.8,0,520,0
1005972,0,13252.93,14428.49,69714.39,1,822,0
1005973,3,3182.47,15863.84,116105.67,2,552,1
1005974,0,7081.46,26790.52,69003.88,1,510,1
1005975,3,7737.2,15946.11,104147.55,7,666,0
1005976,5,6300.09,13199.81,68228.34,9,605,0
1005977,5,11571.99,22385.52,94960.68,1,571,1
1005978,2,9235.97,33167.17,15000.0,10,468,1
1005979,4,7957.69,3617.32,73749.76,7,457,0
1005980,5,6086.35,20438.67,58173.18,7,539,0
1005981,1,1996.96,17010.18,102327.98,8,660,0
1005982,2,10779.45,19099.21,100939.67,3,418,0
1005983,4,6488.09,31211.34,58255.06,7,728,1
1005984,2,4245.12,12326.05,69319.51,7,522,0
1005985,2,6175.89,1363.41,89502.26,9,720,0
1005986,0,16619.81,17066.39,77041.38,1,698,0
1005987,5,4071.96,3905.69,72981.34,6,624,0
1005988,3,12224.21,39933.58,90666.88,9,689,0
1005989,2,2287.67,36849.16,44837.22,5,543,1
1005990,2,2508.81,6489.98,103515.66,4,493,0
1005991,0,15559.27,19733.69,80245.58,10,412,1
1005992,5,2084.6,0.0,15000.0,9,652,0
1005993,5,8018.68,17508.63,52987.76,3,644,0
1005994,4,15479.47,13848.78,69763.58,10,460,0
1005995,1,500.0,43193.28,116995.85,1,686,0
1005996,1,6600.36,25769.81,71292.95,1,510,0
1005997,4,8534.06,22647.42,41304.48,5,603,1
1005998,2,4580.96,33635.36,98945.51,10,616,0
1005999,3,10866.09,14858.2,79628.71,6,832,0
1006000,0,9059.21,28229.56,71568.46,8,682,0
1006001,4,6560.9,11344.33,92782.57,3,497,0
1006002,4,9938.51,12467.12,64001.93,0,546,0
1006003,4,6245.01,43769.95,69560.74,10,768,0
1006004,2,500.0,0.0,92006.2,5,463,1
1006005,5,9609.92,27368.69,80806.11,3,726,0
1006006,5,16211.76,10543.98,91494.29,0,587,0
1006007,4,11719.86,31404.02,64654.34,2,806,0
1006008,2,8855.62,10348.85,105854.04,9,589,0
1006009,3,736.03,21865.87,43586.35,5,817,0
1006010,0,4058.67,3121.46,44560.71,7,481,0
1006011,1,11208.79,33405.61,82262.41,2,512,1
1006012,5,8814.12,10627.69,66013.1,1,602,0
1006013,2,13631.07,1880.8,76276.66,6,816,0
1006014,1,5816.04,0.0,73029.65,7,799,0
1006015,1,500.0,0.0,69187.04,3,586,0
1006016,0,500.0,28590.35,51015.96,9,787,0
1006017,2,9303.92,3902.69,78478.35,4,708,0
1006018,5,11219.1,3214.91,98631.81,7,842,0
1006019,2,6974.24,19856.18,55560.96,7,830,0
1006020,5,9481.15,17529.43,110313.81,7,771,0
1006021,2,8855.37,21156.23,103866.57,7,671,0
1006022,0,11608.89,15865.05,55510.62,8,573,1
1006023,1,3429.52,42410.67,88611.18,0,666,0
1006024,0,3089.5,5182.91,50505.56,9,772,0
1006025,1,3529.62,11106.83,69991.29,6,439,1
1006026,1,7992.16,16357.55,50565.91,2,572,1
1006027,1,8297.95,26380.1,61772.84,6,672,0
1006028,0,514.88,38074.08,35321.82,8,744,0
1006029,1,8277.05,20031.75,69369.62,3,514,0
1006030,0,10332.65,29680.66,51519.21,7,533,0
1006031,3,3941.38,24760.16,54601.49,4,579,1
1006032,2,9052.56,56746.28,33007.02,4,743,1
1006033,0,2432.58,11511.05,73296.3,6,575,0
1006034,5,8671.03,36990.4,110614.97,3,449,1
1006035,1,1948.17,19367.94,65207.36,8,839,0
1006036,5,8313.23,22817.22,69465.86,8,573,0
1006037,1,500.0,28300.55,49704.75,8,690,0
1006038,4,500.0,35398.74,63068.85,4,580,0
1006039,4,11808.18,11396.43,55350.98,9,729,0
1006040,3,7657.92,18040.07,41227.01,10,743,0
1006041,1,3972.38,8020.12,54602.11,5,484,0
1006042,2,12513.41,0.0,62095.4,3,466,0
1006043,0,500.0,46146.41,78662.62,2,542,0
1006044,3,11406.0,21696.43,65610.92,10,446,1
1006045,4,9423.35,18979.3,77969.28,8,796,0
1006046,1,5338.16,9505.17,98249.59,9,830,0
1006047,2,8384.83,16692.1,90829.44,1,461,0
1006048,3,13396.57,24295.43,63899.69,9,537,1
1006049,4,10646.55,34939.46,36865.29,0,830,0
1006050,3,7971.68,23339.11,68464.37,7,672,0
1006051,1,9468.46,21433.25,73858.87,1,597,0
1006052,3,13910.03,6235.91,92137.64,3,478,1
1006053,2,3808.73,11967.94,74979.17,0,580,0
1006054,3,11083.12,19821.05,127915.87,7,560,1
1006055,3,926.7,0.0,65661.21,4,635,0
1006056,4,15258.73,13253.3,85321.58,3,696,0
1006057,0,10725.98,20082.57,53806.9,4,604,0
1006058,0,4732.17,39620.85,51974.68,10,501,0
1006059,5,10453.09,0.0,66091.34,10,616,0
1006060,2,5548.57,2705.88,76100.38,6,673,0
1006061,0,9124.58,29520.83,85811.62,9,595,0
1006062,0,2447.51,0.0,15000.0,10,790,0
1006063,5,11207.27,47451.58,94487.68,9,718,1
1006064,4,9269.65,22267.01,101925.35,0,804,0
1006065,3,8396.98,30945.07,99027.65,8,530,0
1006066,4,9905.33,27049.65,88943.13,5,619,0
1006067,4,5650.98,0.0,69427.43,1,481,1
1006068,4,8897.64,27090.5,83068.47,5,821,0
1006069,1,10264.41,7727.79,97689.64,1,600,0
1006070,5,4193.94,16986.81,52402.03,7,772,0
1006071,5,4931.72,19747.99,85266.07,9,447,1
1006072,1,16641.82,22371.63,81948.95,7,724,0
1006073,3,4914.9,29496.59,69037.37,8,606,1
1006074,0,8424.12,20169.95,107700.18,3,801,0
1006075,2,2967.64,33733.69,57851.74,0,626,1
1006076,3,968.45,23532.26,52138.61,3,466,1
1006077,1,13704.64,12820.12,70821.74,4,755,0
1006078,3,13139.11,25268.19,59143.54,1,720,0
1006079,1,2202.4,14312.14,98512.32,2,456,1
1006080,2,500.0,29769.07,38422.31,10,470,1
1006081,5,3530.73,15001.95,45430.28,6,583,1
1006082,4,18991.88,15463.42,77875.22,9,720,0
1006083,5,10417.05,31853.6,86562.13,4,753,0
1006084,0,8119.22,0.0,47868.01,2,421,0
1006085,2,6383.66,25443.58,97609.31,5,557,0
1006086,5,8024.02,13474.06,33173.34,10,821,0
1006087,4,7183.52,28381.31,92142.78,6,778,0
1006088,4,12947.16,27447.26,53716.87,3,431,1
1006089,4,9287.25,7943.84,62003.08,8,726,0
1006090,1,13717.59,25447.85,107457.75,7,777,0
1006091,2,6199.36,39739.86,70186.44,9,426,1
1006092,0,15744.59,14853.74,58508.61,9,577,0
1006093,2,8947.28,29172.57,76194.71,5,578,0
1006094,3,5775.38,49641.9,109141.38,8,754,0
1006095,3,2820.42,0.0,72702.38,4,747,0
1006096,0,4245.22,16958.2,55903.48,4,658,0
1006097,2,10034.43,42696.78,75468.18,9,641,0
1006098,0,12184.06,17737.05,46506.13,9,460,0
1006099,4,4679.12,17969.89,57527.57,0,706,1
1006100,0,4656.6,6793.87,59890.52,10,620,0
1006101,2,17313.3,0.0,84162.83,8,846,0
1006102,0,8351.29,29067.98,61462.56,10,440,1
1006103,3,11769.68,27673.18,80820.05,0,707,0
1006104,0,7547.16,35621.83,94203.02,10,636,0
1006105,1,2583.14,26823.04,102725.06,3,649,0
1006106,0,5546.25,7118.0,37392.55,8,848,0
1006107,5,500.0,0.0,70074.06,10,782,0
1006108,5,4783.16,22760.48,48117.41,1,582,0
1006109,0,3645.24,37742.78,83936.69,3,598,0
1006110,4,4622.86,24732.67,76121.73,8,560,0
1006111,4,2991.36,26320.76,70908.95,0,412,1
1006112,2,500.0,41322.9,60496.47,5,540,1
1006113,3,8080.29,13384.77,51800.4,1,528,0
1006114,2,9633.44,17459.37,37281.77,2,643,0
1006115,2,8393.08,31427.55,90381.07,10,671,0
1006116,4,14376.01,14392.23,67085.33,8,842,0
1006117,5,13439.1,10444.97,71702.74,4,828,0
1006118,2,6903.82,14371.47,77461.25,3,721,1
1006119,0,9676.6,27847.43,86864.72,4,676,0
1006120,3,9769.17,10083.56,108718.17,8,538,0
1006121,1,12502.28,15322.08,67490.53,9,533,0
1006122,4,5418.35,23259.29,84108.13,5,627,0
1006123,2,17101.76,8830.73,38406.57,9,847,0
1006124,4,8306.75,12694.08,63200.08,7,740,0
1006125,3,14277.99,22055.4,56893.72,2,585,1
1006126,4,3796.95,22579.59,58515.89,2,663,0
1006127,3,6421.66,9930.44,94142.99,1,508,1
1006128,0,2087.41,12628.71,73197.51,6,449,0
1006129,4,7854.14,30888.97,72347.66,9,652,0
1006130,2,5684.35,13760.5,72599.26,9,543,0
1006131,5,4936.93,19203.02,66574.1,4,560,1
1006132,2,11889.23,17877.63,66646.48,2,781,0
1006133,0,5635.59,11360.61,58151.15,5,457,0
1006134,2,9333.86,28278.92,60345.15,6,679,0
1006135,3,2571.63,15993.84,62487.82,1,723,0
1006136,0,584.01,0.0,67397.61,3,605,0
1006137,2,18195.91,39687.05,33704.67,4,714,0
1006138,4,11063.83,16419.86,72355.99,7,450,0
1006139,4,10130.0,21228.88,70275.85,9,838,0
1006140,2,3268.7,23265.38,79297.0,4,814,0
1006141,3,10154.21,14109.64,48790.25,9,468,0
1006142,5,8217.33,5948.2,52413.42,0,666,0
1006143,2,8070.22,7818.5,86915.82,2,811,0
1006144,3,13648.85,12006.67,56657.05,1,459,1
1006145,0,15706.18,27750.13,80503.69,7,761,0
1006146,0,11518.14,15375.03,57562.16,1,611,1
1006147,1,3921.55,25228.48,47115.57,1,520,0
1006148,3,4301.31,0.0,41994.07,3,844,0
1006149,2,8713.55,7006.53,58838.6,5,620,0
1006150,0,1926.16,20617.33,61583.32,4,502,0
1006151,2,5059.14,5433.73,46611.04,8,687,0
1006152,3,3378.18,28345.54,99146.41,9,668,0
1006153,2,10541.56,16635.97,71374.66,2,547,1
1006154,0,13439.6,15617.63,53329.09,1,730,0
1006155,3,8953.64,6835.9,100603.46,6,455,1
1006156,1,12832.53,16946.34,87335.89,7,676,0
1006157,2,6933.19,928.63,55915.5,2,778,0
1006158,0,8564.58,30495.74,50610.21,0,744,0
1006159,5,9970.61,23006.46,67281.53,3,480,1
1006160,0,5598.22,15396.46,85398.16,7,760,0
1006161,2,10883.74,5823.89,43152.15,7,625,0
1006162,2,5039.14,24517.36,93804.69,1,451,0
1006163,2,2344.07,8758.07,63364.56,3,601,0
1006164,1,9792.37,31763.4,87550.31,6,531,0
1006165,2,12133.88,27534.26,68232.13,2,808,0
1006166,2,15501.12,10394.72,80661.74,2,570,0
1006167,5,500.0,16620.87,83736.26,3,655,0
1006168,3,10758.34,40940.95,96630.33,3,690,0
1006169,3,15494.84,26891.45,56943.53,8,596,1
1006170,5,11427.57,31211.02,108573.13,10,464,0
1006171,5,6299.17,12728.0,45841.65,4,840,0
1006172,5,500.0,28610.16,77279.56,8,522,0
1006173,0,11469.2,3276.46,84510.24,6,564,0
1006174,1,500.0,27183.75,71616.67,8,561,0
1006175,5,12646.98,30941.4,88675.72,2,729,0
1006176,1,2135.65,16443.47,39137.14,10,441,0
1006177,1,7288.38,24645.62,70253.79,6,511,0
1006178,3,500.0,14616.21,90895.02,0,810,0
1006179,5,8109.2,15812.69,71399.42,0,743,0
1006180,0,15041.77,22210.68,49320.29,10,661,0
1006181,0,9002.34,24575.0,74320.23,0,740,1
1006182,0,7789.43,21106.8,74938.09,4,559,0
1006183,5,7000.63,24950.69,51637.32,2,774,0
1006184,1,4194.89,6805.29,97378.43,8,763,0
1006185,3,12450.33,1303.13,60608.19,8,622,0
1006186,4,500.0,24665.7,50910.37,10,723,0
1006187,4,3189.99,0.0,73352.43,1,506,1
1006188,3,7134.13,0.0,58344.96,7,529,0
1006189,2,507.57,2728.35,67454.72,4,687,0
1006190,0,500.0,28313.48,75885.72,7,426,1
1006191,2,6815.77,27210.61,63037.19,10,811,0
1006192,3,500.0,56685.41,82936.65,2,746,1
1006193,0,15953.96,15524.38,77084.67,2,545,0
1006194,1,12176.75,15055.96,95249.82,3,525,0
1006195,0,15206.61,17650.06,51571.52,1,416,1
1006196,1,14967.75,2279.49,72586.15,4,564,0
1006197,3,12786.33,31372.49,76364.84,3,489,1
1006198,5,3579.71,8023.67,76946.09,0,800,0
1006199,2,11398.4,9455.8,29832.3,5,821,0
1006200,1,11211.89,21463.44,50284.35,6,500,1
1006201,0,9335.58,12886.51,77753.23,9,410,1
1006202,2,4653.65,25250.82,82620.74,8,508,0
1006203,1,500.0,28151.25,71962.41,0,431,1
1006204,4,10811.48,28674.44,74947.59,9,722,0
1006205,1,7120.87,18877.31,95487.96,5,451,1
1006206,0,12038.16,8645.93,64394.26,2,501,0
1006207,1,541.8,18968.32,56292.8,0,803,0
1006208,3,2807.19,5709.58,100857.35,10,736,0
1006209,2,1050.98,560.52,83440.85,10,577,0
1006210,3,7517.7,0.0,68125.42,5,469,1
1006211,5,10777.18,31338.36,57288.16,5,714,1
1006212,1,7455.27,2007.55,103048.18,8,542,0
1006213,3,15623.55,33149.18,65956.29,7,720,0
1006214,2,13735.32,18253.1,55383.86,2,772,0
1006215,4,11121.68,14792.92,96425.6,2,600,0
1006216,3,13606.16,19797.05,42387.55,4,469,0
1006217,0,4968.55,38691.69,68438.3,5,732,0
1006218,0,9220.66,1678.4,83767.42,0,789,0
1006219,4,15045.48,24610.86,65795.7,9,612,0
1006220,0,4548.15,13289.17,61224.62,2,589,0
1006221,5,12702.7,6170.61,80012.69,1,648,0
1006222,2,16641.63,0.0,47461.18,9,798,0
1006223,5,12666.34,7221.16,67167.54,2,543,0
1006224,1,20376.85,7224.31,85595.84,3,549,0
1006225,4,6079.05,19315.62,49817.26,3,408,0
1006226,3,8100.66,29630.7,98715.47,1,421,1
1006227,3,3959.96,24049.63,67272.13,9,670,0
1006228,1,14280.11,15914.93,69914.19,5,835,0
1006229,5,9450.99,40068.04,62037.99,9,525,1
1006230,0,8453.9,11590.11,82769.76,10,527,0
1006231,0,15258.85,19704.28,62050.32,8,529,0
1006232,2,4545.44,15081.23,75873.78,8,545,0
1006233,4,10022.43,27349.84,96184.36,2,797,1
1006234,3,13717.5,25084.04,96062.78,3,820,0
1006235,4,500.0,19058.47,41490.83,3,568,0
1006236,0,10793.85,26806.83,97941.6,10,614,0
1006237,4,12209.93,22806.68,61713.72,8,453,1
1006238,3,1007.67,11269.89,77356.6,3,499,0
1006239,2,15843.27,30957.05,73435.65,4,687,0
1006240,0,10233.2,13287.54,76904.66,10,424,0
1006241,0,5809.26,11645.31,59557.77,3,646,0
1006242,0,8400.8,28230.6,82903.91,7,642,0
1006243,0,6231.71,13487.68,91336.84,10,433,0
1006244,1,12167.21,19864.45,60014.85,10,621,0
1006245,4,14714.18,50829.57,71057.67,2,562,1
1006246,4,9470.2,30128.18,87388.13,7,466,1
1006247,1,5463.53,13201.65,92539.54,8,678,0
1006248,2,5894.7,13047.12,77947.98,6,790,0
1006249,5,8356.63,31582.9,76674.96,1,531,0
1006250,3,8528.63,23949.07,80892.92,2,656,0
1006251,0,5202.21,8446.24,64727.97,10,844,0
1006252,2,15511.83,27648.18,77960.11,6,787,0
1006253,4,500.0,91.97,65917.46,3,761,0
1006254,4,10637.91,35446.38,64590.57,1,572,1
1006255,2,16146.28,35092.52,25080.97,10,631,0
1006256,0,5019.08,39717.61,35989.82,1,431,1
1006257,1,17706.75,3920.21,78602.27,7,813,0
1006258,1,6291.44,27249.7,85926.29,1,415,0
1006259,1,11883.56,43868.74,80090.84,9,423,1
1006260,1,10316.29,25072.7,73310.68,5,427,1
1006261,2,3320.72,17686.25,65321.49,7,507,0
1006262,3,10016.08,35978.09,82358.7,1,804,0
1006263,2,9035.75,2535.87,63358.38,1,813,0
1006264,0,13738.48,18747.08,71131.67,0,648,0
1006265,1,10704.82,25149.3,100705.6,4,633,0
1006266,4,6965.9,14285.92,43909.62,4,555,0
1006267,1,12275.94,20588.98,59414.95,10,483,1
1006268,3,19282.06,31029.26,66374.97,5,695,0
1006269,5,11952.65,29904.2,33440.9,1,660,1
1006270,5,7704.24,19193.68,47770.59,2,628,0
1006271,2,9265.93,5289.66,92011.68,5,731,0
1006272,3,8940.05,1339.48,81246.81,7,526,0
1006273,3,5897.38,8740.86,68388.04,5,675,0
1006274,1,567.87,13424.53,96814.31,6,772,0
1006275,4,4730.17,10582.4,51690.63,4,428,0
1006276,4,16522.46,54035.53,108734.65,8,592,0
1006277,1,14556.77,17385.71,69781.77,3,424,1
1006278,1,10868.87,18154.09,59200.69,0,470,1
1006279,5,10659.82,27511.36,92440.86,3,588,0
1006280,1,17226.42,3997.08,81341.59,9,605,0
1006281,1,15283.83,12735.64,74987.42,2,415,0
1006282,4,7537.97,27013.69,68682.25,3,443,1
1006283,1,8842.6,11155.23,35359.59,2,445,0
1006284,0,11921.63,31997.34,30054.54,7,814,0
1006285,0,5411.78,12085.22,70945.7,0,692,0
1006286,3,10548.5,22605.65,89870.82,7,551,0
1006287,1,10595.8,37433.68,55304.8,8,602,0
1006288,0,9936.61,33143.92,72688.63,5,613,0
1006289,0,10056.23,21548.31,40091.28,9,445,0
1006290,1,10411.8,21576.82,41438.21,6,520,0
1006291,3,9548.8,28748.29,69728.75,2,796,0
1006292,2,9168.45,14927.23,84569.86,5,488,0
1006293,3,9015.15,6720.68,85427.32,0,571,0
1006294,2,7407.55,31911.89,94480.63,9,613,0
1006295,0,9871.22,33649.43,55139.26,4,799,0
1006296,3,6338.67,23319.29,67515.3,10,827,0
1006297,5,8277.42,17153.65,86222.08,1,677,0
1006298,1,7505.82,6281.76,50625.89,10,720,0
1006299,4,9751.91,12424.28,64720.94,4,683,0
1006300,0,8980.43,15740.91,70697.28,9,636,0
1006301,3,4241.66,23127.51,70354.4,2,595,1
1006302,0,14563.48,30106.18,88007.87,5,565,0
1006303,5,1472.44,20623.91,79073.88,6,705,0
1006304,0,7290.34,24729.22,62016.86,5,511,0
1006305,3,9308.32,4413.42,24939.27,8,515,0
1006306,1,7784.95,21407.36,86278.73,1,686,0
1006307,1,12460.2,33982.3,90278.47,9,522,1
1006308,1,10251.58,11789.42,80712.38,0,612,0
1006309,4,15465.71,0.0,77671.64,7,795,0
1006310,3,500.0,28117.96,79399.35,3,472,1
1006311,5,10079.0,37888.21,94492.34,9,498,1
1006312,1,12087.16,28691.61,60579.28,7,838,0
1006313,0,9366.82,14028.75,69313.2,10,579,0
1006314,1,500.0,27133.69,51006.84,3,620,1
1006315,3,12913.38,0.0,66290.38,4,737,0
1006316,0,11830.07,20775.77,54406.74,7,844,0
1006317,1,1988.87,10930.29,54430.34,1,554,0
1006318,4,11206.46,33460.23,31465.44,2,628,1
1006319,5,500.0,7970.73,68639.94,1,570,0
1006320,2,11360.54,44488.57,90445.74,2,794,0
1006321,0,8496.84,48884.4,15000.0,5,810,1
1006322,0,7739.95,43338.31,95538.12,7,436,1
1006323,4,7935.86,31831.53,69714.32,7,499,1
1006324,5,5080.28,11087.96,57015.32,1,686,0
1006325,1,5278.17,16414.58,76413.66,9,514,0
1006326,4,11320.38,31692.35,65464.22,2,473,1
1006327,3,500.0,24569.4,68830.75,1,800,0
1006328,1,11171.15,12319.4,98314.13,5,816,0
1006329,4,8867.91,17159.6,73660.98,5,529,0
1006330,5,14811.33,10075.44,77502.76,10,680,0
1006331,4,10884.35,24645.34,65054.55,0,554,1
1006332,4,18802.2,19092.66,66851.46,0,476,1
1006333,0,17419.75,35374.29,52361.32,6,798,0
1006334,3,6975.64,28599.3,67866.74,8,410,1
1006335,2,11955.27,15613.35,54922.42,9,550,0
1006336,5,4725.71,36568.8,92744.85,2,430,1
1006337,0,10916.86,0.0,65689.18,3,849,0
1006338,2,10173.15,2637.62,84731.62,9,642,0
1006339,0,6901.06,12725.18,95662.83,7,771,0
1006340,2,13905.65,26325.71,90285.78,1,590,0
1006341,0,5992.8,42706.91,56774.1,6,783,0
1006342,2,10118.83,29516.82,103117.59,3,662,0
1006343,0,12896.71,23460.64,32870.1,7,507,1
1006344,2,6865.74,19805.82,98263.12,0,413,1
1006345,5,4839.11,0.0,20486.17,2,504,0
1006346,3,7927.73,12747.91,52352.47,2,846,0
1006347,3,4575.4,32892.49,68689.86,5,741,0
1006348,5,15328.85,23832.39,56124.2,4,800,0
1006349,1,10546.79,12810.05,28548.92,0,774,0
1006350,1,12448.15,19539.24,40682.64,3,683,1
1006351,2,6793.04,12005.09,75083.19,4,507,0
1006352,1,3520.49,0.0,36393.36,7,585,0
1006353,0,10700.61,17192.01,82577.8,0,499,0
1006354,1,4796.01,12169.01,92704.0,0,804,0
1006355,1,9284.73,4920.48,96626.43,10,515,0
1006356,3,3872.69,17465.56,75016.83,3,762,0
1006357,3,2674.46,16014.47,69156.63,3,468,0
1006358,1,12019.61,21731.89,62192.86,4,582,1
1006359,4,7220.29,20044.15,124215.62,2,594,1
1006360,1,6386.35,21937.46,93801.9,2,731,0
1006361,3,13235.31,16983.96,82547.49,9,630,0
1006362,0,500.0,10839.13,76695.92,0,776,0
1006363,5,13374.42,18489.08,91568.71,4,686,0
1006364,1,7996.53,19615.34,32367.21,0,408,1
1006365,5,1419.64,31271.08,87017.64,5,432,0
1006366,4,1362.33,20277.93,58773.79,7,594,0
1006367,5,4732.67,11430.14,24525.0,9,493,0
1006368,0,9585.7,29477.02,91802.59,1,509,1
1006369,2,500.0,19329.92,55032.91,5,459,0
1006370,5,11897.65,29581.37,78681.96,6,838,0
1006371,4,7499.23,45573.27,55516.12,4,527,0
1006372,1,8978.8,29385.16,62184.26,1,710,1
1006373,1,5188.63,4425.03,101800.39,8,490,1
1006374,2,6455.73,8580.61,76616.12,1,465,0
1006375,5,11020.6,25870.08,77824.02,3,822,0
1006376,0,11021.48,0.0,39146.53,9,622,0
1006377,1,3191.54,13997.9,87881.14,1,573,0
1006378,3,3519.89,22244.59,57364.55,6,495,1
1006379,5,5439.96,13657.6,79333.86,7,469,1
1006380,2,16306.79,9289.27,50028.22,9,432,0
1006381,0,5450.51,18975.28,77316.37,5,703,0
1006382,3,14359.24,14991.35,80905.4,5,452,1
1006383,4,7791.1,13302.53,41288.87,10,838,0
1006384,1,16728.04,25776.17,76352.96,3,536,0
1006385,3,12450.09,11650.29,52531.57,6,759,0
1006386,0,9896.5,16722.47,94688.87,4,545,0
1006387,4,7961.42,34511.32,77372.61,9,695,0
1006388,3,12495.72,30016.49,71154.24,4,687,1
1006389,3,14553.09,19913.61,130136.56,0,575,0
1006390,0,5685.77,17264.02,86593.64,2,499,0
1006391,5,10192.66,22751.84,62638.8,0,586,0
1006392,4,1566.67,22370.04,87393.0,3,554,1
1006393,4,2474.81,4142.2,75765.57,3,541,0
1006394,2,5525.0,10340.64,96822.96,7,509,0
1006395,3,15288.76,32920.32,50450.81,9,765,0
1006396,5,10043.34,8126.14,108888.3,8,565,0
1006397,5,6439.98,39456.82,60177.05,5,763,0
1006398,1,17294.56,27968.26,62746.4,10,689,0
1006399,0,3465.65,19364.56,55749.27,6,624,0
1006400,3,5391.28,14043.99,64273.21,4,727,0
1006401,5,6501.93,21197.71,107979.47,3,789,0
1006402,3,6970.7,29367.34,73834.79,6,473,1
1006403,3,8405.88,25359.87,49098.51,3,696,0
1006404,3,6150.81,35870.79,67224.23,3,525,1
1006405,4,11109.42,25578.75,75123.73,3,711,0
1006406,5,7551.57,12132.26,89143.15,2,628,0
1006407,4,7852.73,26662.04,63891.23,3,527,1
1006408,3,4786.82,28999.55,74061.9,7,570,0
1006409,2,4916.76,18796.62,128289.25,0,515,0
1006410,5,10940.9,9121.49,67621.02,9,711,0
1006411,3,7112.61,10698.81,72547.88,7,508,0
1006412,1,8248.48,26759.47,46665.55,7,796,0
1006413,5,5580.05,9376.17,89082.96,3,812,0
1006414,4,500.0,41286.39,61102.3,2,500,1
1006415,2,5862.79,29029.02,106736.92,10,762,0
1006416,5,500.0,0.0,94158.1,2,623,1
1006417,5,8532.6,7025.6,86234.01,6,806,0
1006418,5,12936.63,20833.41,60342.66,0,652,0
1006419,0,2931.1,4905.94,63591.05,1,772,0
1006420,2,1197.04,18178.05,62734.26,1,808,0
1006421,3,3239.06,30728.04,71977.23,3,764,1
1006422,5,9044.99,27628.75,63387.97,0,585,0
1006423,4,7229.9,6894.76,59649.25,1,601,0
1006424,3,7287.02,29010.21,72254.77,5,543,0
1006425,2,500.0,31932.3,69796.11,8,747,0
1006426,5,8513.8,11402.01,62825.51,4,440,1
1006427,0,6473.38,27531.32,88301.64,2,481,1
1006428,1,8217.24,12533.48,90915.22,1,481,1
1006429,4,10687.29,4017.56,59290.39,6,698,0
1006430,0,11583.11,34215.88,112662.99,8,608,0
1006431,4,8123.93,33655.52,77824.35,4,426,1
1006432,4,2375.21,8726.97,94531.47,6,586,0
1006433,2,11042.79,0.0,107427.16,4,835,0
1006434,0,10143.22,32100.56,42277.78,6,556,0
1006435,0,8394.26,12570.22,80275.45,9,797,0
1006436,4,13350.26,24319.67,88433.8,0,568,1
1006437,5,2086.16,4011.6,94081.61,5,481,0
1006438,3,8036.66,25864.76,85971.58,5,429,0
1006439,4,11888.67,32868.67,90286.86,3,748,0
1006440,0,4965.32,21572.12,40583.72,3,621,0
1006441,5,8410.86,29536.49,51461.94,1,772,0
1006442,4,7362.72,23645.62,81688.61,2,703,0
1006443,4,9878.96,31519.44,30040.7,3,426,1
1006444,1,3868.17,13363.38,59499.44,1,668,0
1006445,1,17052.55,13006.75,66652.99,2,658,0
1006446,3,1034.14,0.0,77756.58,10,472,0
1006447,3,8335.62,14465.03,88186.56,7,594,0
1006448,2,4684.72,16152.85,75119.23,10,577,0
1006449,2,12797.6,6005.13,53922.95,8,682,0
1006450,5,611.96,31984.22,51379.11,1,702,0
1006451,2,2325.85,16515.52,78471.33,6,800,0
1006452,3,9786.67,55672.16,81903.92,9,433,0
1006453,2,1674.34,26963.82,77807.77,7,728,0
1006454,1,4096.98,9968.14,73136.74,2,510,0
1006455,4,5134.91,19695.46,72533.62,8,501,0
1006456,0,9462.61,28606.58,42801.88,3,562,0
1006457,5,10583.91,32756.73,69821.16,6,653,1
1006458,3,500.0,37853.03,85411.94,3,416,1
1006459,2,8397.32,14367.22,48042.82,2,656,0
1006460,3,15981.7,31825.51,78843.37,6,770,0
1006461,2,14391.59,19279.12,84123.61,7,413,0
1006462,5,10534.74,31253.93,116566.63,0,795,0
1006463,3,1316.44,18381.62,69100.77,0,466,1
1006464,0,12542.92,19342.57,65449.41,9,776,0
1006465,3,4317.23,23920.55,46464.14,5,567,0
1006466,4,8862.46,12120.39,48755.37,7,568,0
1006467,2,10220.05,19855.46,38306.24,1,486,0
1006468,5,7258.37,24524.69,34946.12,2,655,0
1006469,3,12094.89,0.0,84238.5,7,513,0
1006470,1,8566.32,13606.05,70197.16,5,495,1
1006471,3,6651.29,14158.33,76422.64,7,707,0
1006472,5,4897.84,31996.5,38878.28,2,730,1
1006473,4,6303.63,21601.83,30263.99,3,833,0
1006474,0,4322.36,19677.49,35266.38,4,649,0
1006475,1,2278.11,11057.12,102387.64,6,610,1
1006476,0,12938.84,25135.41,92679.97,1,717,0
1006477,3,15044.13,16234.82,43808.82,7,694,0
1006478,5,8429.12,31551.23,72377.34,9,814,0
1006479,2,1878.83,16576.6,73734.54,5,745,0
1006480,2,5110.81,19345.85,50946.85,8,802,1
1006481,5,7571.74,27113.29,57654.82,2,706,1
1006482,1,2709.44,25427.36,89256.12,5,819,0
1006483,3,7395.97,1243.18,84550.73,1,699,0
1006484,5,9466.39,22284.78,88259.18,10,648,0
1006485,4,1550.96,19241.92,76912.6,9,408,1
1006486,5,500.0,0.0,72839.08,5,534,0
1006487,4,11612.31,5194.75,80427.87,0,793,0
1006488,4,9536.08,31252.48,67451.11,1,702,1
1006489,1,11675.28,23998.7,104046.63,2,479,1
1006490,5,5359.7,14233.9,75035.18,7,430,0
1006491,0,5674.72,31132.25,81268.45,8,487,0
1006492,5,16935.98,0.0,68918.74,8,494,0
1006493,4,11780.87,36415.78,57392.83,0,633,1
1006494,5,13366.3,13018.39,69647.98,8,525,0
1006495,0,12638.38,37834.26,64146.41,1,667,0
1006496,4,4569.01,15058.97,54803.86,4,732,0
1006497,5,8957.2,13748.44,86746.7,4,742,0
1006498,5,500.0,23425.36,110190.37,7,752,0
1006499,4,14204.06,16802.47,76377.27,1,537,1
1006500,5,500.0,32220.46,68642.4,6,821,0
1006501,2,10219.83,29560.45,56515.49,0,826,0
1006502,0,5908.22,15797.46,41683.98,5,443,0
1006503,4,13027.33,17682.91,82810.87,8,686,0
1006504,4,11181.16,19951.08,82102.21,2,593,0
1006505,0,8430.51,40694.62,55023.81,1,781,0
1006506,2,7668.31,19566.7,72392.37,8,707,0
1006507,3,9013.46,32347.73,53934.44,10,619,0
1006508,0,9831.34,19555.09,98856.1,0,564,0
1006509,5,9174.56,9942.95,73110.87,0,439,1
1006510,0,12120.77,271.63,79575.31,7,563,0
1006511,0,14246.41,22732.65,104590.79,3,413,1
1006512,0,4068.66,25744.96,26809.1,9,833,0
1006513,5,15142.74,22880.95,78984.25,6,691,0
1006514,3,2359.52,35327.77,76172.93,0,648,0
1006515,1,11789.76,28676.83,65172.07,1,596,1
1006516,5,3874.67,41957.04,71345.43,8,694,0
1006517,2,17644.46,27479.26,95589.01,5,603,0
1006518,0,9774.94,9056.41,57972.2,8,811,0
1006519,5,12320.01,33519.01,58198.84,5,552,1
1006520,2,18315.14,7221.02,105178.85,7,604,0
1006521,4,13974.07,18276.67,91228.4,6,486,1
1006522,0,16364.92,4420.19,80712.17,2,723,0
1006523,2,1817.4,31021.28,87106.69,10,617,0
1006524,1,5178.24,37031.3,72947.93,4,531,0
1006525,5,9388.75,3479.02,65388.01,4,520,1
1006526,4,6561.86,9116.13,68339.61,9,785,0
1006527,0,6005.33,11297.6,77461.48,9,803,0
1006528,1,6022.47,0.0,62134.37,3,499,0
1006529,3,3226.85,18155.94,39827.3,2,487,0
1006530,3,15785.92,16289.76,68080.3,0,665,0
1006531,3,14130.55,2736.17,76875.97,7,836,0
1006532,0,8712.7,0.0,68692.35,6,671,0
1006533,5,14521.22,1386.14,84598.32,4,789,0
1006534,2,3304.71,22251.61,77127.72,5,747,0
1006535,0,24435.16,727.25,90393.05,8,577,0
1006536,2,6444.3,19097.88,73875.46,3,533,0
1006537,1,14845.56,21829.95,68009.67,5,750,0
1006538,0,5616.84,27461.78,82740.73,8,661,0
1006539,2,10694.75,18141.69,88829.35,9,665,0
1006540,2,13545.76,21709.94,62726.87,8,429,0
1006541,0,14813.95,36793.69,54534.77,1,614,1
1006542,5,5268.66,11922.71,97764.15,3,750,0
1006543,3,7683.7,19299.45,61108.66,2,767,0
1006544,4,7182.38,34356.64,78771.95,6,647,0
1006545,5,16912.47,5015.63,62216.97,5,776,0
1006546,3,7344.48,26676.68,75762.44,8,764,0
1006547,5,4259.97,0.0,98829.89,6,497,1
1006548,0,500.0,0.0,104566.25,6,725,0
1006549,0,500.0,0.0,45711.11,4,809,0
1006550,1,500.0,16710.34,43027.18,5,619,0
1006551,3,11054.73,18908.64,15000.0,8,422,1
1006552,1,2354.06,0.0,83057.78,0,842,0
1006553,5,5674.46,41434.99,102074.99,4,410,1
1006554,4,4514.57,44579.59,76531.92,7,446,1
1006555,0,2369.46,34495.47,65657.45,10,622,0
1006556,4,3868.16,16914.61,87628.59,0,553,1
1006557,4,10423.54,25130.34,53006.2,10,541,1
1006558,3,6102.82,10950.12,84337.5,4,822,0
1006559,1,11664.34,12640.91,97898.54,0,595,0
1006560,1,8687.03,10234.72,95707.49,1,442,0
1006561,5,685.86,23099.76,85307.63,7,620,0
1006562,4,6175.96,13182.22,61463.87,6,527,1
1006563,3,12617.19,13921.3,64936.51,9,615,0
1006564,1,16329.41,40951.47,53429.08,10,778,0
1006565,5,1403.54,15495.35,107901.09,0,810,0
1006566,2,10558.25,26887.92,95839.36,7,723,0
1006567,0,13915.28,24339.43,70180.0,8,814,0
1006568,1,19811.78,14175.35,69993.22,6,506,0
1006569,3,6991.1,14559.58,76025.52,6,561,0
1006570,4,13049.88,33364.55,58387.89,6,758,0
1006571,2,3310.73,13348.29,81513.65,5,535,0
1006572,2,13789.73,27762.33,81109.7,0,662,0
1006573,0,12070.81,14546.78,79820.93,3,697,0
1006574,4,605.99,15200.89,72312.25,8,545,0
1006575,2,5048.43,37565.04,22046.97,8,495,1
1006576,0,6861.75,0.0,67478.03,7,408,0
1006577,4,9841.34,11164.0,43639.69,2,585,0
1006578,2,8832.78,12413.01,38236.7,1,589,0
1006579,3,9921.41,24690.22,115264.83,2,726,1
1006580,1,10471.9,11376.93,61477.11,4,730,0
1006581,3,2794.32,20941.88,67439.0,3,410,1
1006582,3,1713.79,27701.79,65198.37,8,621,0
1006583,1,9963.14,43231.88,54414.69,10,749,0
1006584,0,2542.94,31217.05,102865.79,10,836,0
1006585,3,5574.81,2808.45,34851.91,4,733,0
1006586,5,7543.92,40379.82,80474.28,7,536,1
1006587,2,16514.67,19585.05,59501.36,1,579,0
1006588,4,8971.92,7857.98,95974.1,5,572,0
1006589,5,15566.67,22309.95,87636.18,4,517,1
1006590,4,12234.54,7695.14,72570.34,2,410,1
1006591,5,3564.0,14819.75,41565.38,8,647,0
1006592,2,16798.65,8623.19,86393.66,0,527,0
1006593,2,6162.8,13615.29,90129.16,6,538,0
1006594,2,14247.2,0.0,83897.77,8,570,0
1006595,3,10078.86,34766.16,65198.76,7,771,0
1006596,1,5704.33,20118.41,83345.52,7,729,0
1006597,1,500.0,29457.71,55698.63,9,669,0
1006598,2,10830.47,24101.87,75764.25,1,731,0
1006599,3,7661.48,18269.43,78132.07,3,543,0
1006600,0,20026.19,35610.13,66322.87,7,577,0
1006601,0,5549.61,35118.13,51422.83,3,765,0
1006602,4,8403.43,15036.88,66462.48,8,684,0
1006603,5,5586.94,29156.1,53580.31,9,677,0
1006604,4,4846.13,15134.02,47342.88,8,497,1
1006605,2,14729.33,13466.73,91458.39,4,466,1
1006606,4,14537.39,24669.68,67787.07,5,507,1
1006607,0,2470.19,20303.46,60645.96,5,591,0
1006608,5,5510.4,17937.59,60611.82,6,526,1
1006609,1,6442.42,0.0,79286.47,9,624,0
1006610,2,3935.56,9085.21,64407.52,10,527,0
1006611,5,12832.78,20507.49,56851.98,6,826,0
1006612,3,8423.75,27689.08,76069.68,3,837,0
1006613,1,6181.45,27183.7,73536.38,10,550,0
1006614,3,9203.88,12633.65,52984.82,0,737,0
1006615,2,10106.72,24981.85,49598.3,0,606,0
1006616,5,6996.88,4284.71,96317.75,5,761,0
1006617,5,7423.3,24619.05,65225.91,6,840,0
1006618,5,11100.88,41676.18,94422.42,6,774,0
1006619,4,11349.35,16525.06,82463.81,5,596,0
1006620,5,4787.64,6982.36,69292.93,6,627,0
1006621,2,11390.93,31943.37,65970.33,4,774,0
1006622,5,500.0,17800.55,102757.89,8,572,0
1006623,0,7140.24,19364.71,58023.99,3,450,1
1006624,5,13577.44,25841.95,63004.93,0,576,0
1006625,2,19018.59,15334.83,54436.44,4,582,0
1006626,3,11756.15,27907.46,67611.34,9,444,0
1006627,2,10469.31,10733.84,52195.14,8,489,1
1006628,4,20618.13,10175.46,72956.28,8,583,0
1006629,5,16056.98,22767.06,45927.63,5,799,0
1006630,1,9467.13,24575.04,80908.63,1,587,0
1006631,3,8012.52,21972.64,77299.44,2,652,0
1006632,3,500.0,27305.53,74822.12,6,541,0
1006633,5,12470.29,18656.65,58777.74,7,504,0
1006634,1,4537.94,11512.74,95883.43,4,484,0
1006635,5,10047.75,24955.86,110152.99,9,448,1
1006636,1,1557.05,427.25,68043.67,6,439,0
1006637,5,4488.52,19296.44,55430.28,4,594,0
1006638,2,13179.86,30844.01,83274.78,2,659,0
1006639,2,11605.77,26058.62,66452.22,1,450,1
1006640,4,22999.29,33040.54,73429.81,2,807,0
1006641,2,12894.18,16432.23,83323.04,8,622,0
1006642,2,17590.16,16464.0,43834.86,10,796,0
1006643,3,10643.64,13631.04,84880.19,7,730,0
1006644,5,7792.75,13416.14,49983.63,4,593,0
1006645,4,7200.39,21899.52,45988.51,7,545,1
1006646,5,8703.3,31188.96,62947.44,4,528,1
1006647,5,11899.35,18980.15,99323.43,0,482,1
1006648,0,19877.45,38257.05,58114.93,1,630,0
1006649,4,8985.05,25114.47,79715.71,1,568,1
1006650,2,3490.15,0.0,52208.03,5,627,0
1006651,1,8916.86,27404.72,82862.46,10,481,1
1006652,4,500.0,13867.46,76839.8,4,709,0
1006653,4,10582.55,20670.02,93299.03,6,781,0
1006654,1,500.0,10816.8,74067.33,5,655,0
1006655,2,500.0,13158.0,70661.29,2,450,1
1006656,0,10540.24,44304.41,33665.12,10,477,1
1006657,4,11369.54,32116.84,76747.0,0,736,1
1006658,1,4526.83,15382.84,86100.02,0,545,1
1006659,0,7894.39,10626.39,74446.79,5,555,0
1006660,1,10460.41,15145.88,74104.24,8,834,0
1006661,5,10952.85,12199.65,81596.67,3,730,1
1006662,3,2951.15,27148.76,87640.96,5,601,1
1006663,4,7875.96,33431.41,52834.03,1,749,0
1006664,5,500.0,1161.9,69065.84,4,531,0
1006665,0,2419.38,25168.66,78980.44,7,467,0
1006666,2,4561.53,18954.11,75531.22,8,615,0
1006667,1,8032.13,16573.54,51634.23,1,743,0
1006668,4,12095.7,29262.33,31407.54,1,532,1
1006669,1,7160.35,10758.38,76790.86,10,826,0
1006670,3,6399.26,9671.96,84662.36,7,543,0
1006671,3,8718.76,18699.48,103488.7,2,659,0
1006672,5,7056.57,11130.48,78793.11,8,490,0
1006673,5,5972.8,13593.71,53333.28,9,693,0
1006674,2,13914.12,29621.39,79221.1,0,490,1
1006675,5,9373.66,4374.95,68203.18,3,550,0
1006676,1,12371.42,34897.18,57078.8,3,435,1
1006677,3,634.95,36295.62,42145.35,3,485,1
1006678,2,3547.96,16070.85,34532.8,5,460,1
1006679,0,5838.73,27905.35,56680.12,8,737,1
1006680,3,4347.36,7411.86,62187.03,6,728,0
1006681,5,8087.59,16889.49,71640.46,5,771,0
1006682,0,7265.35,14798.52,70770.32,5,546,0
1006683,5,10903.77,10301.1,74917.47,1,499,0
1006684,2,16252.17,31749.56,108081.93,1,495,1
1006685,0,5391.02,24718.24,69149.11,9,458,0
1006686,3,9031.74,31874.54,97441.31,6,446,1
1006687,3,10836.82,1756.53,55043.48,6,564,0
1006688,3,15064.09,19013.11,56117.86,6,468,1
1006689,3,2677.85,15266.24,60041.72,6,685,0
1006690,2,9016.48,2101.42,34952.52,3,667,0
1006691,3,7204.43,33409.84,103048.94,4,569,0
1006692,1,11308.06,21574.29,75376.92,9,460,0
1006693,4,14865.97,24998.2,84609.47,9,835,0
1006694,2,4614.4,38725.13,104467.17,8,505,0
1006695,0,6495.2,14215.7,79277.76,6,758,0
1006696,5,10297.46,39682.81,102521.38,10,809,0
1006697,1,11072.12,0.0,23768.55,0,813,0
1006698,1,500.0,37433.41,95488.03,4,673,0
1006699,2,22841.79,30387.83,76325.53,9,673,0
1006700,5,6394.59,6668.71,59443.79,3,771,0
1006701,3,6098.73,5453.39,91771.84,6,742,0
1006702,1,8584.92,51555.63,70930.23,10,703,1
1006703,0,11140.49,13639.82,56522.5,2,829,0
1006704,0,8206.51,35302.74,31946.41,9,512,0
1006705,1,13931.07,25771.57,105548.48,0,423,0
1006706,3,8558.82,22453.66,18693.41,9,654,0
1006707,1,7906.01,19150.73,71753.04,0,662,0
1006708,2,5822.39,5968.3,101910.84,6,785,0
1006709,0,10015.05,6905.13,83270.16,1,490,0
1006710,2,16018.2,11066.94,57943.86,0,450,1
1006711,2,9062.75,31998.49,65029.37,2,760,0
1006712,4,13884.55,0.0,58192.39,9,823,0
1006713,1,8362.71,7891.48,75252.86,5,511,1
1006714,3,15929.46,25831.91,68811.47,10,518,0
1006715,2,7093.61,19407.59,44771.18,2,736,1
1006716,0,500.0,14787.68,41155.15,0,685,0
1006717,1,4873.67,8665.05,92898.86,8,555,0
1006718,4,7135.11,0.0,44993.1,9,681,0
1006719,4,7687.79,11181.21,47773.3,5,696,0
1006720,1,11033.64,6410.67,116347.3,9,446,0
1006721,0,6352.99,14172.13,53583.86,4,708,0
1006722,3,2730.39,8767.1,43970.6,6,684,0
1006723,4,10766.73,1823.24,50837.55,4,810,0
1006724,3,6698.5,36411.95,85321.83,10,494,0
1006725,3,15524.59,0.0,55248.87,2,794,0
1006726,5,9259.9,29616.59,67284.43,0,722,0
1006727,0,10726.41,14866.16,24133.28,5,601,0
1006728,5,7333.52,12946.82,57720.9,0,414,1
1006729,2,5456.76,5150.02,70660.85,2,713,0
1006730,3,12875.93,8410.41,70910.74,8,847,0
1006731,2,7494.57,14498.33,99110.36,3,488,1
1006732,0,2693.87,0.0,79974.06,6,469,0
1006733,2,10876.25,31983.64,15000.0,5,451,1
1006734,4,7541.72,21604.84,37463.02,0,505,1
1006735,4,6705.84,19335.43,52112.07,6,724,0
1006736,3,11986.8,19042.7,63892.11,1,504,1
1006737,0,1508.65,32923.85,70762.4,3,809,0
1006738,5,10791.75,19405.28,82228.5,1,796,0
1006739,0,8943.68,28810.15,36115.65,7,738,0
1006740,0,8362.41,11723.68,25273.56,7,415,1
1006741,4,8259.7,40576.82,85430.02,3,636,0
1006742,4,4866.28,11604.39,49645.86,10,497,1
1006743,0,4722.36,6811.99,22621.33,10,686,0
1006744,3,9103.4,11521.41,50526.93,10,702,1
1006745,5,8514.08,30641.65,60657.38,1,731,0
1006746,3,13135.99,38660.05,45334.49,10,707,0
1006747,2,4602.12,24034.36,46024.5,6,660,0
1006748,0,12728.31,45313.5,89673.96,8,765,0
1006749,0,17106.69,7214.16,47385.71,3,568,0
1006750,5,1196.32,10631.47,75508.37,10,796,0
1006751,4,15031.57,13785.5,73718.72,5,784,0
1006752,2,10269.44,35420.68,62267.9,6,443,0
1006753,1,7648.06,8269.28,116542.32,1,571,1
1006754,5,8177.13,19513.07,42421.82,4,672,1
1006755,5,13110.15,5352.76,120989.87,3,808,0
1006756,4,500.0,21875.95,50295.33,5,843,0
1006757,5,13053.27,9177.3,64043.02,2,762,0
1006758,4,10223.39,55900.02,75488.67,7,447,1
1006759,5,13136.85,29060.63,91585.06,7,759,0
1006760,5,500.0,13286.54,83422.48,5,433,1
1006761,5,500.0,29702.48,62457.14,8,777,0
1006762,3,10762.21,18836.36,62485.21,10,732,0
1006763,0,1290.84,11980.38,92985.45,8,845,0
1006764,4,10249.82,25728.82,100161.34,2,780,0
1006765,0,7030.68,1619.87,58838.77,10,846,0
1006766,4,1890.25,37556.66,94009.21,7,703,0
1006767,2,500.0,34644.25,80871.9,4,630,0
1006768,1,12909.95,6009.15,74672.54,8,517,0
1006769,2,7986.61,17834.16,47562.94,7,575,0
1006770,5,1548.28,0.0,44402.21,0,426,1
1006771,2,10586.62,26218.65,78249.04,10,732,0
1006772,3,1824.23,23232.63,15000.0,10,628,1
1006773,3,10455.87,22303.28,59678.47,5,836,1
1006774,3,2030.79,13030.11,78163.21,9,837,0
1006775,4,8020.54,18817.16,36296.04,5,687,0
1006776,3,11973.74,11218.66,102255.5,3,819,0
1006777,4,3394.65,16710.62,102900.94,7,419,1
1006778,3,10148.91,11275.89,48451.45,2,605,0
1006779,5,2539.46,11617.24,67462.72,0,425,1
1006780,4,12235.72,11146.48,67181.39,0,471,0
1006781,4,4080.55,0.0,58834.31,9,613,0
1006782,1,8072.25,9713.89,59946.8,8,758,0
1006783,5,2851.18,30011.75,79398.43,4,756,0
1006784,3,12852.88,36929.49,103054.62,3,725,0
1006785,0,24166.15,12459.63,71461.73,8,801,0
1006786,0,5713.69,20063.53,71908.0,6,843,0
1006787,0,6492.07,35023.91,72472.54,1,574,1
1006788,4,6160.69,0.0,56020.66,1,469,1
1006789,2,3183.98,24089.52,82320.71,5,637,0
1006790,4,1346.4,0.0,59935.72,0,824,0
1006791,5,12570.53,24221.3,50157.23,6,635,1
1006792,5,500.0,16717.11,82888.04,10,838,0
1006793,2,15424.59,18004.72,32555.87,8,449,0
1006794,3,3852.16,16488.2,59748.97,2,617,0
1006795,0,4220.08,42839.98,61975.3,6,408,0
1006796,0,5063.62,0.0,67176.49,4,716,0
1006797,0,3118.37,2011.63,39083.73,6,639,0
1006798,0,7505.12,22089.22,50920.61,6,522,1
1006799,1,5934.16,22385.53,66958.41,10,631,0
1006800,4,731.94,10370.26,81912.98,9,691,0
1006801,5,8129.79,23587.17,67596.28,2,790,0
1006802,2,5633.96,19304.99,65738.07,10,847,0
1006803,2,14317.43,20658.41,53177.61,4,488,1
1006804,5,13883.51,33353.66,70299.54,2,430,1
1006805,5,630.28,8752.37,15000.0,9,785,0
1006806,2,8443.52,21983.79,82779.18,3,658,0
1006807,5,9764.99,30626.65,89176.95,5,528,1
1006808,4,5264.42,12691.35,69544.72,10,694,0
1006809,4,4867.48,34530.91,50518.78,6,646,0
1006810,4,8595.69,8913.84,96515.7,3,712,0
1006811,5,7752.7,0.0,56383.97,5,721,0
1006812,4,1579.89,5989.13,96735.89,4,795,0
1006813,1,7770.72,20396.81,64526.03,10,472,1
1006814,3,7312.02,31771.35,54739.54,3,788,0
1006815,1,10681.4,14657.69,65654.44,7,827,0
1006816,4,6123.39,18615.11,56292.87,7,606,0
1006817,1,505.31,18892.84,66594.61,8,832,0
1006818,1,7042.11,26895.73,79840.22,4,685,0
1006819,0,9766.32,7179.24,64789.42,0,837,0
1006820,1,1908.46,17714.18,60829.7,4,645,0
1006821,5,8030.72,7961.19,69548.21,4,408,0
1006822,4,9855.07,24820.79,77736.07,8,482,0
1006823,1,4755.02,29504.63,70004.79,8,693,0
1006824,5,1121.15,0.0,80762.05,4,824,0
1006825,3,10581.52,21850.23,81531.11,1,705,0
1006826,2,18220.54,16843.95,75713.45,7,707,0
1006827,1,17227.04,28076.67,84208.68,8,797,0
1006828,4,5276.38,10203.81,70260.53,3,541,0
1006829,3,4354.29,19542.32,92612.53,10,497,0
1006830,5,1788.87,4310.54,78034.96,3,799,0
1006831,2,8752.63,28850.9,86624.39,8,462,1
1006832,4,6245.41,47225.12,66162.61,5,546,0
1006833,4,5812.9,22342.49,41862.95,7,766,1
1006834,1,12437.66,38164.71,61156.9,1,519,1
1006835,1,6971.14,38269.15,70794.55,3,523,0
1006836,3,17382.47,16140.36,77307.95,0,801,0
1006837,1,7006.79,20413.48,69319.34,1,437,1
1006838,4,7076.16,21353.21,99135.66,9,712,0
1006839,0,4548.37,32144.83,44303.82,10,448,0
1006840,4,15253.42,11107.65,35034.16,8,460,1
1006841,1,9020.41,28383.32,66420.13,4,693,0
1006842,1,13566.52,8958.8,56553.91,6,651,0
1006843,5,4401.74,27349.23,70623.12,9,645,0
1006844,0,8059.69,19042.36,83024.32,9,522,0
1006845,5,11608.63,0.0,123561.85,7,739,0
1006846,3,500.0,14531.89,44062.93,6,474,0
1006847,0,10022.2,25312.39,48851.69,10,765,0
1006848,2,10877.7,17379.45,68894.69,6,658,0
1006849,5,2165.28,22376.3,40912.16,0,409,1
1006850,0,10731.47,46829.25,55033.42,5,627,0
1006851,4,3952.08,3576.22,95341.77,8,821,0
1006852,3,5484.97,10505.75,68842.0,9,625,0
1006853,0,5552.26,9981.05,69472.02,8,797,0
1006854,3,12567.81,19485.46,91823.6,10,423,1
1006855,0,4468.0,13523.23,36318.44,6,821,0
1006856,2,6150.44,16690.65,72417.99,7,518,0
1006857,5,9426.77,9250.13,69059.51,1,748,0
1006858,4,4978.11,10096.23,75295.93,6,434,0
1006859,1,12099.31,42754.53,50417.57,2,578,0
1006860,3,4608.86,50187.33,61538.93,1,725,0
1006861,5,6630.44,17380.91,68008.75,10,517,0
1006862,1,8164.46,20502.03,84464.86,4,830,0
1006863,3,9048.25,0.0,55735.47,4,812,0
1006864,2,9081.12,14485.78,82093.28,2,564,1
1006865,5,16204.05,28578.22,28267.73,8,594,0
1006866,4,3800.36,24509.76,78356.69,10,847,0
1006867,3,12707.14,16836.31,85234.16,10,624,0
1006868,5,20258.07,41742.77,52167.19,5,816,0
1006869,0,10544.05,55712.75,64268.82,2,717,0
1006870,5,9078.69,17163.09,69951.08,10,619,0
1006871,3,7382.64,6803.93,75684.73,0,712,0
1006872,1,8980.98,26993.51,93544.87,9,646,0
1006873,2,11598.32,30173.35,73736.38,0,715,0
1006874,0,11415.03,8967.79,65583.35,7,574,0
1006875,0,4682.75,18782.63,66166.28,4,684,0
1006876,1,12686.37,32878.59,75334.7,1,679,1
1006877,4,8231.34,24409.52,85270.79,9,633,0
1006878,5,1212.96,9012.76,75017.07,0,643,0
1006879,5,500.0,30480.07,59283.04,8,747,0
1006880,3,11506.75,9417.86,63422.14,10,499,0
1006881,5,7593.5,38406.72,54571.8,6,583,1
1006882,1,10960.48,19509.8,53004.73,4,681,0
1006883,3,1315.82,0.0,60491.94,0,524,0
1006884,1,13885.79,8944.04,58790.83,0,759,0
1006885,3,5940.11,29303.96,84976.2,2,810,0
1006886,0,500.0,41829.34,46756.78,0,631,1
1006887,1,3579.33,24064.07,71396.86,1,782,0
1006888,4,13348.14,16023.77,47135.8,1,427,1
1006889,5,16313.0,47800.61,85461.75,1,726,0
1006890,0,8964.86,3440.5,75914.0,0,606,0
1006891,4,5375.25,32280.19,94604.19,1,482,1
1006892,5,15319.3,780.87,80641.15,5,789,0
1006893,4,14331.37,0.0,50074.78,0,428,1
1006894,2,500.0,6277.71,70746.75,1,850,0
1006895,4,8475.41,29616.54,57787.22,5,816,0
1006896,0,10814.61,22681.37,59862.06,7,741,0
1006897,5,7362.01,17163.78,50134.53,3,825,0
1006898,5,17740.06,24757.02,64031.39,1,721,0
1006899,2,5204.24,10831.84,71800.91,3,528,0
1006900,2,12501.23,38222.59,74134.38,2,791,0
1006901,0,6848.9,20846.36,118223.03,3,686,0
1006902,4,8933.65,26169.4,66863.0,1,691,1
1006903,5,10308.7,3555.11,71703.99,8,416,1
1006904,1,12377.59,18704.96,68254.88,1,580,0
1006905,0,4051.11,4677.42,65095.41,3,582,0
1006906,0,14179.09,27938.44,64176.72,8,545,0
1006907,1,10720.76,0.0,71099.41,1,719,0
1006908,4,16590.31,28606.28,66202.35,1,846,1
1006909,2,1324.21,32419.34,84234.78,3,567,0
1006910,0,4723.28,26529.88,78307.3,8,529,0
1006911,0,10492.87,35155.93,52980.31,2,765,1
1006912,1,7393.75,38452.4,70081.23,7,574,0
1006913,1,500.0,15983.92,75991.37,3,812,0
1006914,0,785.69,13650.26,64742.3,5,748,0
1006915,5,500.0,13812.35,65588.31,4,468,1
1006916,2,7211.78,19469.48,68213.66,1,564,0
1006917,3,9762.37,16981.59,81838.95,2,712,0
1006918,5,500.0,16743.61,73456.89,7,415,1
1006919,3,8247.03,40657.18,59634.49,6,574,1
1006920,0,12339.84,20432.16,69127.55,2,467,0
1006921,0,4814.05,14224.61,93856.37,1,485,1
1006922,0,4860.09,37779.35,51650.69,10,784,0
1006923,2,13540.94,5737.52,82680.89,10,562,0
1006924,1,500.0,18663.33,65303.63,1,760,0
1006925,0,9636.72,26288.12,141516.97,9,621,1
1006926,1,12293.0,27551.53,82163.87,3,792,0
1006927,2,8142.55,4061.22,71084.23,5,804,0
1006928,2,11599.36,2733.35,67972.67,1,736,0
1006929,2,15186.74,4604.36,40840.76,8,747,0
1006930,0,6603.19,9291.84,60214.64,8,466,0
1006931,2,11301.26,33809.66,108642.54,2,410,1
1006932,1,9092.95,18345.7,76981.9,7,795,0
1006933,1,8758.3,23601.47,64541.6,3,433,0
1006934,5,12715.43,9058.68,69900.22,8,424,1
1006935,4,17897.63,12945.42,70934.14,9,848,0
1006936,5,4925.88,27261.63,51837.41,7,479,1
1006937,2,13995.98,23684.93,72125.11,5,654,0
1006938,3,1861.37,15888.46,79849.2,7,424,0
1006939,5,11944.03,31256.37,41754.78,8,678,0
1006940,5,14141.67,12208.95,65498.12,2,523,1
1006941,2,4878.72,12631.36,17677.96,8,564,0
1006942,2,500.0,14061.44,37785.8,1,423,1
1006943,0,8887.06,12071.41,86066.9,7,776,0
1006944,0,3980.67,29237.75,93610.6,3,844,0
1006945,2,14087.54,1385.06,105681.4,4,654,0
1006946,2,16533.95,24598.05,45352.99,6,498,1
1006947,5,12496.45,0.0,68465.95,4,670,0
1006948,5,11423.26,0.0,63667.45,10,486,0
1006949,2,3504.21,19268.86,90480.35,0,518,0
1006950,5,5714.52,22840.6,76276.56,9,748,0
1006951,4,10294.81,17549.48,71670.46,9,752,0
1006952,3,3244.51,0.0,81616.61,1,472,0
1006953,4,13348.07,33614.71,61421.51,7,502,1
1006954,2,2691.84,32603.2,88710.91,10,814,0
1006955,1,9432.81,9002.12,63637.19,0,468,0
1006956,0,6937.2,35251.55,91159.74,7,599,0
1006957,1,9869.07,11962.43,73655.99,9,672,0
1006958,2,500.0,19828.94,74549.11,10,423,0
1006959,0,9171.01,9835.98,48417.46,3,776,0
1006960,0,4442.98,6926.87,40710.2,10,725,0
1006961,2,1473.9,747.48,40178.45,9,537,0
1006962,3,5760.56,15807.84,79483.32,0,850,0
1006963,4,2333.47,27387.32,29134.92,1,541,1
1006964,2,11210.6,14835.26,96173.13,8,750,0
1006965,1,500.0,26834.37,63925.05,0,474,0
1006966,0,11176.75,29729.81,44488.49,3,746,0
1006967,5,15606.14,37612.63,76717.12,9,675,0
1006968,4,6482.04,31827.15,46463.29,1,767,0
1006969,0,7250.11,19931.54,70857.0,9,749,0
1006970,5,6612.79,22617.73,65018.29,9,693,0
1006971,4,9950.71,17849.52,92943.15,5,463,1
1006972,2,8690.88,9239.3,87243.39,5,610,0
1006973,1,3475.35,4874.43,87975.38,10,645,0
1006974,5,10429.27,40121.12,61307.65,1,823,0
1006975,5,8037.8,8696.56,93881.56,0,647,0
1006976,2,3486.57,26293.03,68753.35,2,813,0
1006977,0,9335.59,37375.64,72324.22,1,455,1
1006978,2,10046.54,22113.3,78521.36,6,557,1
1006979,5,5586.64,12826.06,75299.92,10,642,0
1006980,5,14348.3,24270.46,44660.64,6,777,0
1006981,2,2992.51,38426.72,82381.59,10,528,1
1006982,1,1224.6,8130.64,39887.16,4,604,0
1006983,1,18352.31,8781.99,79022.1,7,496,0
1006984,5,500.0,13482.17,68758.52,9,790,0
1006985,0,500.0,28957.8,71520.0,3,844,0
1006986,3,10064.08,29357.09,49285.9,8,782,0
1006987,1,6315.77,12750.88,89054.59,7,448,1
1006988,2,7513.45,20549.82,67243.82,2,716,0
1006989,2,500.0,30468.82,86209.21,0,560,1
1006990,3,1066.66,5287.98,56167.98,0,646,0
1006991,5,500.0,18010.71,56446.95,3,682,0
1006992,3,4662.98,24799.84,71387.64,10,671,0
1006993,5,4260.14,27989.75,89623.28,9,587,1
1006994,3,11604.74,27890.31,44988.03,10,652,0
1006995,0,7339.24,2544.0,59062.65,2,415,1
1006996,5,11631.39,18763.72,60502.25,7,668,0
1006997,3,7594.1,12652.72,64930.21,1,791,0
1006998,5,500.0,22437.38,61381.54,9,805,0
1006999,0,9726.34,24868.28,90533.76,5,513,1
1007000,5,500.0,18398.03,83549.01,10,456,0
1007001,0,10846.45,22497.88,70516.09,7,590,1
1007002,0,12537.74,45996.46,86118.0,6,548,1
1007003,3,3735.78,41953.47,89665.0,3,810,0
1007004,0,14951.12,31160.82,58350.32,9,723,0
1007005,3,11333.55,20360.87,56252.6,8,837,0
1007006,5,7466.44,44387.1,83254.85,10,631,1
1007007,5,8213.55,11993.29,110466.15,9,813,0
1007008,4,6619.74,0.0,25000.33,5,720,0
1007009,5,14335.03,17330.0,58254.87,2,590,1
1007010,5,8049.72,8346.58,84966.11,4,420,0
1007011,0,13767.52,0.0,54767.63,4,737,0
1007012,0,12614.22,6466.34,86609.38,7,444,0
1007013,3,4966.39,14653.23,74374.32,9,783,0
1007014,4,9841.38,14081.34,46245.01,1,536,0
1007015,4,7573.06,23981.79,61267.56,5,495,1
1007016,0,16755.72,26970.31,77179.86,1,688,0
1007017,4,5480.38,26882.02,53047.61,8,837,0
1007018,1,7231.63,5624.58,81276.97,5,718,0
1007019,3,7961.16,28342.39,76011.0,3,452,1
1007020,5,819.51,38925.07,64291.82,7,542,1
1007021,3,5780.74,16560.35,77526.58,8,699,0
1007022,4,8527.24,16762.7,63230.68,9,490,0
1007023,3,500.0,25204.26,74258.17,9,513,0
1007024,5,12709.38,26844.31,51108.99,9,626,0
1007025,2,2420.14,19799.64,96999.75,8,503,0
1007026,0,16571.24,24451.87,65044.3,3,643,0
1007027,3,11939.6,8057.0,92188.43,9,468,0
1007028,1,7968.63,0.0,110891.92,5,538,0
1007029,5,9084.0,12211.48,100157.07,4,825,0
1007030,5,500.0,14505.5,69759.19,2,744,0
1007031,2,500.0,18416.89,73080.49,5,464,1
1007032,5,15068.4,12807.48,69271.03,5,546,0
1007033,2,10132.09,7972.67,76022.81,8,812,0
1007034,5,5316.43,21757.77,54357.18,4,841,0
1007035,2,6332.17,25221.7,35589.77,7,481,1
1007036,4,14205.31,16060.03,76221.26,8,815,0
1007037,5,12047.25,14605.44,70998.78,5,553,0
1007038,2,5639.24,20085.82,99352.22,8,469,0
1007039,1,3709.23,12629.88,104597.25,0,501,0
1007040,2,11200.57,25112.97,44024.16,3,641,1
1007041,2,8054.93,12797.13,52390.68,2,845,0
1007042,2,9367.84,0.0,84871.72,1,833,0
1007043,4,7652.65,41210.85,92578.44,4,449,1
1007044,2,6333.64,24063.46,72516.49,10,570,0
1007045,2,16471.14,30204.19,71243.31,8,789,0
1007046,3,11742.92,17110.95,34902.15,5,828,0
1007047,5,5702.4,17642.64,113765.94,9,541,1
1007048,1,11829.51,20342.99,56778.05,2,517,0
1007049,3,10615.84,21050.66,80875.66,10,829,0
1007050,0,500.0,17853.0,76655.52,4,576,0
1007051,0,6853.06,9234.46,53007.84,4,740,0
1007052,5,10120.96,26778.15,86445.78,0,559,0
1007053,2,12188.84,20216.49,97988.98,10,524,1
1007054,1,7322.81,42980.86,69202.26,6,802,0
1007055,0,11399.65,9898.56,72882.21,4,633,0
1007056,3,1579.43,15069.73,82701.47,5,640,0
1007057,2,13518.25,18910.05,88865.02,1,479,1
1007058,2,16586.29,0.0,86635.1,9,522,0
1007059,2,4896.76,9193.38,53149.72,10,588,0
1007060,4,7524.3,0.0,52288.78,9,630,0
1007061,2,19578.94,11697.58,59573.86,1,419,1
1007062,0,5233.79,21261.72,18635.34,6,543,1
1007063,4,6283.15,21061.81,44862.24,5,709,0
1007064,2,13357.51,32131.14,66399.85,3,663,0
1007065,5,500.0,22284.21,57378.82,8,670,0
1007066,4,500.0,31717.61,54036.24,9,799,1
1007067,4,1467.24,25997.34,86987.8,6,528,1
1007068,1,20386.6,0.0,76523.6,6,429,0
1007069,4,500.0,21412.13,85811.72,9,413,1
1007070,5,4747.87,1149.17,66887.55,7,805,0
1007071,5,9730.42,27424.36,62149.07,5,823,1
1007072,5,500.0,34933.24,53578.86,6,642,0
1007073,5,3362.74,36033.79,74793.25,4,463,1
1007074,1,6781.12,23733.55,35568.74,8,438,1
1007075,1,15121.16,19891.64,53444.79,3,553,0
1007076,1,4672.79,3174.95,81307.81,8,456,0
1007077,5,14060.76,28612.85,86332.12,6,419,1
1007078,0,5394.87,22407.67,68868.66,8,528,0
1007079,0,9655.65,16372.02,48091.81,6,577,0
1007080,5,11780.05,3858.52,80980.54,9,775,0
1007081,1,2390.63,3199.78,56032.62,5,585,0
1007082,4,10232.66,13754.24,67710.89,8,725,0
1007083,4,11981.93,29505.58,51595.5,7,644,1
1007084,0,16133.84,19301.48,104843.15,8,777,0
1007085,0,8886.53,9057.59,98576.13,5,551,0
1007086,4,14658.2,29056.03,53941.52,3,838,0
1007087,5,12845.51,32525.27,47793.05,7,518,1
1007088,0,6308.35,22517.78,69075.48,1,459,0
1007089,5,11688.22,16753.97,82035.32,5,756,0
1007090,5,7752.42,22856.3,93992.68,9,651,0
1007091,0,15883.95,17979.47,68957.49,8,531,1
1007092,5,1654.25,26321.34,46388.86,9,481,0
1007093,3,14520.92,6480.03,75696.28,2,555,1
1007094,4,6769.97,34419.18,75126.62,3,689,1
1007095,5,11297.75,20203.34,39683.75,3,625,1
1007096,1,10883.49,47442.87,65073.14,3,458,1
1007097,3,500.0,0.0,64367.71,3,529,0
1007098,1,3940.85,9184.76,51344.63,1,635,1
1007099,3,4837.61,1503.58,74303.32,9,729,0
1007100,2,16446.81,20029.84,90163.41,2,663,0
1007101,3,4146.78,24387.09,89355.23,6,445,1
1007102,3,11480.88,12510.39,53017.64,7,468,1
1007103,3,14341.84,21768.82,58835.25,10,551,0
1007104,0,10452.83,22003.93,83249.98,8,719,0
1007105,3,500.0,10075.23,63695.19,6,594,0
1007106,2,3047.45,19109.13,63359.95,9,461,0
1007107,4,9084.81,5587.51,112117.44,10,522,0
1007108,2,7528.98,14154.02,21079.34,7,668,1
1007109,5,4188.94,12507.07,57551.78,8,780,0
1007110,0,10630.94,11006.03,54031.98,10,511,0
1007111,0,7882.1,6453.14,69033.79,9,564,0
1007112,5,9894.52,23446.69,102647.5,10,510,0
1007113,1,15417.3,19010.46,67273.31,3,594,0
1007114,3,5401.07,41012.96,64595.48,4,611,1
1007115,0,8831.03,0.0,73050.87,10,615,0
1007116,5,610.26,18090.77,64209.97,3,476,0
1007117,0,5651.76,20372.49,77265.12,3,775,0
1007118,1,9712.37,25989.68,118571.86,7,657,0
1007119,1,20264.38,22413.01,56875.68,8,504,1
1007120,5,8138.76,47390.79,66102.87,3,592,1
1007121,5,10310.85,10366.05,68628.43,6,775,0
1007122,0,4662.11,0.0,29857.18,1,731,0
1007123,1,5871.51,26181.35,81564.95,3,828,0
1007124,4,7364.25,9294.1,68824.92,9,657,0
1007125,3,8221.21,21221.83,32547.59,1,525,1
1007126,5,6376.91,15817.17,64864.43,5,471,0
1007127,1,13454.74,44346.82,73158.52,0,482,1
1007128,4,7721.72,7524.62,52935.64,1,645,0
1007129,5,4351.67,38663.73,90785.38,0,757,0
1007130,2,17397.51,24795.64,58651.94,5,705,1
1007131,1,747.11,21726.72,41498.98,6,546,0
1007132,3,12689.46,20869.65,85331.48,6,533,0
1007133,2,10319.05,7108.13,67398.24,6,508,0
1007134,5,7597.71,19939.27,72665.09,8,532,1
1007135,2,5994.01,21116.16,39219.82,1,442,0
1007136,0,4573.63,15156.74,43608.2,1,482,0
1007137,1,1038.36,4509.81,50683.66,0,679,0
1007138,0,12068.82,12959.7,67048.71,9,510,0
1007139,0,17085.86,16586.66,67392.97,0,823,0
1007140,0,1292.15,17342.89,96339.39,0,466,0
1007141,2,3400.59,2296.45,99376.9,6,798,0
1007142,3,7378.24,21255.39,72511.52,0,781,0
1007143,1,8221.45,33162.51,68167.78,8,668,0
1007144,3,12035.82,17567.2,106243.71,7,530,1
1007145,0,4513.41,36796.88,71111.61,9,602,0
1007146,4,500.0,22829.13,89307.65,7,686,0
1007147,5,8167.13,14107.65,60702.76,5,840,0
1007148,5,5213.19,7326.94,68042.9,8,533,0
1007149,2,7763.3,4842.62,64705.06,8,700,0
1007150,4,2097.82,10823.58,56758.68,1,778,0
1007151,0,8066.24,17205.37,77139.62,2,831,0
1007152,2,13886.5,6560.07,54219.66,6,563,0
1007153,3,7850.95,16192.59,67901.99,0,712,0
1007154,3,12926.59,40458.17,77864.83,8,638,1
1007155,2,1042.37,0.0,110269.87,6,716,0
1007156,0,12907.23,22625.55,33630.29,8,559,0
1007157,4,5121.54,21259.27,71425.76,3,718,0
1007158,5,8967.86,23947.64,82524.67,1,800,0
1007159,2,500.0,23392.72,63391.85,4,463,0
1007160,2,12059.08,19338.05,86614.7,5,799,0
1007161,0,6531.34,15338.8,80121.64,1,519,0
1007162,3,12103.21,16814.86,79313.13,5,422,1
1007163,3,8966.77,8710.38,61988.7,7,437,0
1007164,5,2957.06,11044.14,65888.57,6,634,0
1007165,2,13351.58,20596.66,65661.37,9,821,0
1007166,4,14311.39,20434.14,51117.08,2,482,1
1007167,5,8564.49,21589.36,73444.81,8,848,0
1007168,4,6071.01,10879.64,49818.69,9,443,0
1007169,1,10990.23,5113.02,52215.39,1,676,0
1007170,2,9395.62,44908.51,43516.28,2,674,0
1007171,1,3825.06,25573.79,91008.39,2,477,0
1007172,5,1621.98,30272.7,59224.19,8,789,0
1007173,1,11758.7,22523.29,53077.18,2,463,1
1007174,3,4129.1,28532.05,85128.96,6,475,0
1007175,1,3336.07,31788.71,62005.36,10,605,1
1007176,0,8435.57,36198.16,76373.74,8,568,0
1007177,1,8106.68,19037.41,66575.82,4,581,0
1007178,2,3096.89,26161.09,76866.14,1,571,1
1007179,3,4682.63,30013.33,73603.84,1,494,1
1007180,1,8079.02,1209.01,28706.58,10,676,0
1007181,2,500.0,19883.27,98002.6,8,447,0
1007182,2,4497.06,24241.21,89118.12,8,663,0
1007183,5,1263.89,8947.69,42175.56,2,694,1
1007184,3,11400.67,12625.28,86970.01,9,592,0
1007185,1,6424.78,33411.91,65656.16,0,758,0
1007186,0,10364.49,25037.1,72182.45,4,687,0
1007187,5,10489.75,19149.68,94454.16,4,435,1
1007188,0,2950.69,13452.04,88946.63,5,584,0
1007189,2,13099.58,21945.9,88600.58,0,545,1
1007190,0,7236.98,60069.59,108259.16,6,547,0
1007191,2,8525.19,21454.88,90750.02,5,541,0
1007192,3,500.0,7939.79,58517.75,6,755,0
1007193,5,6340.22,120.64,45600.98,4,648,0
1007194,2,10330.09,32777.95,85935.41,10,505,0
1007195,4,5360.41,25937.81,37382.1,3,675,0
1007196,2,13184.24,8698.92,63299.01,10,586,0
1007197,5,3144.96,36663.71,63122.8,6,589,0
1007198,1,3682.62,35300.15,56582.65,9,460,0
1007199,3,2085.47,10807.77,95792.34,8,791,0
1007200,0,1781.83,11231.4,76103.6,0,798,0
1007201,1,500.0,24861.66,65706.24,3,581,0
1007202,3,2126.31,19601.8,87050.49,1,544,0
1007203,4,15901.2,25915.77,62185.9,2,542,1
1007204,0,10191.28,32960.14,92862.54,5,624,0
1007205,4,5586.54,12842.33,108929.14,7,747,0
1007206,5,14769.33,23333.63,67512.48,10,796,0
1007207,0,4860.82,4304.85,66856.86,4,780,0
1007208,0,4020.24,27561.66,91933.23,8,693,0
1007209,0,3688.23,32789.21,32658.33,2,796,0
1007210,5,12550.67,0.0,46104.04,6,436,1
1007211,5,10181.99,5424.7,50433.62,10,482,0
1007212,1,6277.95,23978.11,39201.79,0,547,0
1007213,4,6314.09,539.1,69899.45,2,495,0
1007214,4,5293.92,20240.33,75613.65,9,727,0
1007215,4,10220.76,26841.44,69436.79,4,612,0
1007216,2,11125.96,21312.34,69433.4,6,503,1
1007217,1,11170.98,28211.86,87391.58,3,836,0
1007218,1,11026.39,18783.81,90397.48,3,523,1
1007219,5,10087.36,32771.27,93628.88,8,682,1
1007220,5,4637.9,16230.29,67251.79,1,670,0
1007221,1,2515.46,14055.13,70302.62,7,684,0
1007222,0,3458.87,8587.4,97998.54,2,784,0
1007223,0,4375.27,0.0,77780.66,10,552,0
1007224,5,17996.4,18184.98,95072.81,0,605,0
1007225,2,9646.62,20105.95,60924.74,2,846,0
1007226,5,13116.53,17311.91,69101.38,2,634,0
1007227,2,5241.3,7948.57,57751.84,9,488,0
1007228,4,12404.33,14613.7,69549.98,7,432,1
1007229,0,8162.39,31433.22,78064.45,7,655,0
1007230,1,13386.45,22065.91,61428.26,4,477,0
1007231,5,724.64,34296.06,107285.9,1,706,0
1007232,2,15243.22,24952.97,41688.26,2,627,0
1007233,5,9801.12,14529.91,86422.33,2,766,0
1007234,0,4228.52,46345.29,49252.49,10,436,1
1007235,1,10014.55,8782.58,75594.82,9,768,0
1007236,3,3211.59,0.0,55288.09,7,783,0
1007237,3,12164.28,12193.12,71323.05,4,579,0
1007238,4,13279.37,22604.87,71317.48,4,672,0
1007239,5,5741.07,29188.1,54727.06,1,528,1
1007240,0,5748.91,22924.16,46730.89,1,657,0
1007241,2,8510.78,13073.17,56377.45,1,842,0
1007242,1,7401.82,36775.35,70325.6,7,426,1
1007243,3,13732.99,24331.46,85371.24,3,652,0
1007244,1,4361.3,22273.83,100508.76,2,687,0
1007245,1,5540.22,14141.99,37178.74,7,532,0
1007246,1,6414.46,40447.11,78606.79,2,482,0
1007247,2,13751.02,35248.0,60986.97,1,469,1
1007248,4,14637.02,9794.74,70136.64,9,455,0
1007249,1,14978.51,34625.33,75988.62,1,763,0
1007250,5,679.54,23316.74,84992.39,0,647,0
1007251,4,18413.41,17003.72,77625.12,9,783,1
1007252,4,500.0,34127.93,69461.15,8,603,1
1007253,0,8673.51,12597.47,99603.29,2,660,0
1007254,1,8182.0,21392.31,75246.5,9,825,0
1007255,0,8381.38,35240.27,69811.56,7,578,0
1007256,3,19696.35,22652.95,91541.8,9,631,0
1007257,5,13996.64,3757.43,48182.06,9,700,0
1007258,5,13845.63,12349.8,52033.93,6,692,0
1007259,1,4473.56,23107.09,97524.15,8,842,0
1007260,2,19428.25,11682.06,66111.61,8,772,0
1007261,3,3074.48,20487.2,35973.34,6,664,1
1007262,5,11525.82,28631.22,85044.42,3,656,1
1007263,4,15761.31,13475.15,92757.1,4,756,0
1007264,1,11818.32,5228.14,55135.82,8,742,0
1007265,1,10059.58,24348.35,45030.48,7,798,0
1007266,4,11852.26,40248.1,68848.23,0,848,0
1007267,5,3337.77,18744.07,76618.87,4,743,0
1007268,3,11919.98,25588.63,58474.78,4,478,1
1007269,2,8262.58,26974.52,52442.28,8,623,0
1007270,1,13229.8,24483.49,79745.97,7,431,0
1007271,1,7135.73,5592.33,79877.47,7,486,1
1007272,1,13026.72,26040.81,39673.88,9,493,1
1007273,0,3182.32,27165.98,48588.23,1,716,0
1007274,5,13086.44,11122.14,63610.81,7,571,1
1007275,5,14122.8,25581.58,57826.21,0,776,0
1007276,2,2841.32,10930.42,73789.5,1,685,0
1007277,1,4295.63,7573.08,79451.09,7,834,0
1007278,3,1775.8,10103.88,104888.88,4,419,1
1007279,5,7169.1,33710.89,76540.26,5,475,1
1007280,3,500.0,31314.98,87184.6,10,769,0
1007281,2,7168.92,22410.94,40177.81,6,458,1
1007282,5,4370.48,40311.67,56593.34,8,533,1
1007283,5,9458.41,11524.44,89721.55,7,689,0
1007284,5,7486.32,31205.71,42129.18,5,597,0
1007285,0,18743.04,15017.89,95047.39,5,774,0
1007286,2,11223.17,0.0,80060.71,3,460,1
1007287,5,9273.92,30306.04,72207.63,1,441,1
1007288,1,10487.42,23882.66,67397.25,1,799,0
1007289,5,13063.76,3195.84,47609.43,6,680,0
1007290,4,9692.14,15768.36,49193.27,4,472,0
1007291,4,5467.83,26139.81,59630.14,3,526,0
1007292,4,13402.31,16000.72,61487.7,10,488,0
1007293,0,11589.05,29609.78,92918.9,5,850,0
1007294,3,500.0,1830.33,50317.46,3,545,0
1007295,5,4202.69,46477.9,57772.84,0,568,1
1007296,2,9543.34,18617.69,36659.33,7,850,0
1007297,4,15824.17,11376.72,72698.45,10,444,0
1007298,3,13436.39,13855.15,69546.0,2,785,1
1007299,1,8945.99,12150.79,90305.92,2,754,0
1007300,1,9468.4,795.88,105914.72,1,453,0
1007301,5,11921.89,6551.43,79746.9,10,541,0
1007302,0,8000.44,22281.35,53399.46,6,805,0
1007303,0,13180.36,29799.94,73854.76,8,593,0
1007304,0,3446.52,5675.51,74958.95,4,734,0
1007305,0,11425.55,24731.53,68470.0,4,465,1
1007306,3,2807.79,15098.25,49124.9,3,752,0
1007307,0,5315.43,46821.52,76101.44,6,554,0
1007308,5,8188.73,27677.2,46666.7,1,518,1
1007309,3,13941.24,29308.58,67974.04,2,467,1
1007310,4,500.0,24335.54,63843.28,3,756,0
1007311,2,13587.43,25957.49,20666.96,0,522,1
1007312,2,3571.41,17541.78,81088.23,4,671,0
1007313,0,8287.44,10752.68,109844.87,5,664,0
1007314,2,16773.98,39978.52,62652.82,2,575,0
1007315,2,4931.8,37197.18,57857.0,0,540,0
1007316,0,500.0,33268.51,87154.39,7,414,0
1007317,5,16106.21,7659.58,44769.35,1,703,0
1007318,2,7324.73,20106.04,69946.0,8,627,0
1007319,0,7087.95,28621.84,74134.5,0,807,0
1007320,1,11113.16,21381.97,58943.95,1,497,0
1007321,3,2730.5,0.0,68180.47,6,663,0
1007322,4,2895.88,19831.12,53541.21,8,427,0
1007323,1,772.15,4053.31,58609.77,7,420,0
1007324,2,7839.51,6688.46,82129.97,5,611,0
1007325,3,4246.65,26657.77,53048.44,10,833,0
1007326,4,7355.31,0.0,58743.83,4,703,0
1007327,2,10367.14,33798.68,56374.56,2,495,0
1007328,4,3926.97,7508.36,79189.07,8,797,0
1007329,1,5781.16,14134.05,62482.67,9,561,1
1007330,3,9360.87,17878.91,53450.5,5,572,1
1007331,0,500.0,15126.54,75828.12,6,641,0
1007332,3,16228.35,16895.39,31559.49,9,804,0
1007333,3,16881.17,10748.42,33589.72,0,682,0
1007334,4,7553.55,21540.91,75025.82,1,569,0
1007335,2,11533.32,6882.63,104766.6,4,559,0
1007336,0,10964.61,18838.09,60286.17,1,476,1
1007337,4,708.22,20015.34,75956.99,10,603,1
1007338,4,4809.15,16822.43,43297.13,10,840,0
1007339,1,8702.86,34396.34,71882.66,8,685,0
1007340,5,5263.35,17929.23,73276.09,10,583,0
1007341,5,15869.38,13266.43,80422.14,7,610,0
1007342,2,9563.35,45873.51,55513.58,0,492,1
1007343,0,9418.76,37398.25,106151.9,7,533,1
1007344,4,1307.82,27033.7,51437.29,1,665,0
1007345,1,961.8,16729.56,98305.88,10,589,0
1007346,0,4977.45,38501.09,49240.36,6,418,1
1007347,3,14188.1,24129.02,84542.15,5,578,0
1007348,4,1233.12,18369.79,94970.92,0,643,0
1007349,0,6797.99,18470.28,110683.45,1,537,1
1007350,0,10006.24,31336.5,67421.59,5,632,0
1007351,1,4492.03,23725.9,38425.59,0,674,0
1007352,1,3615.25,12905.0,85614.52,6,535,0
1007353,3,5335.59,0.0,56206.44,6,634,1
1007354,0,2067.36,29224.72,49304.05,5,550,0
1007355,4,500.0,20976.88,58526.46,1,590,1
1007356,4,500.0,30201.49,52441.84,5,634,0
1007357,5,13271.28,22983.42,84124.11,10,722,0
1007358,4,500.0,31997.88,73245.47,6,439,1
1007359,1,12411.17,26334.43,82640.59,10,767,0
1007360,3,500.0,19771.19,85983.5,5,742,1
1007361,3,6037.07,18022.6,62369.67,6,695,0
1007362,3,1095.11,0.0,83054.95,3,492,0
1007363,0,2589.26,1614.67,92709.46,6,559,0
1007364,4,10596.16,44902.87,104914.15,2,736,0
1007365,5,4180.77,9585.92,72943.33,1,822,0
1007366,1,8020.81,11840.52,64794.35,10,841,0
1007367,4,500.0,44723.88,52122.36,8,454,1
1007368,1,500.0,23373.98,62299.29,7,710,0
1007369,5,13705.98,0.0,69948.12,4,764,0
1007370,0,10898.4,0.0,74540.45,1,739,0
1007371,1,5102.46,0.0,44297.68,8,594,0
1007372,1,7193.46,14795.46,62129.35,5,723,0
1007373,2,8531.54,29869.74,65979.64,4,583,1
1007374,2,7781.45,25115.03,58562.92,6,469,0
1007375,4,7527.0,13441.13,58216.32,8,781,0
1007376,4,8134.92,29847.73,76379.3,4,471,1
1007377,0,9115.88,2744.86,51341.86,1,698,0
1007378,2,15203.1,15448.77,78726.07,10,575,0
1007379,5,5638.86,33235.95,49405.17,10,839,0
1007380,1,500.0,53084.95,73882.92,1,567,0
1007381,4,10450.53,11641.66,48747.87,7,796,0
1007382,2,16603.12,7245.17,92146.14,2,539,0
1007383,4,17458.38,22492.69,83830.91,3,459,1
1007384,3,8797.54,22937.9,95216.16,10,581,1
1007385,0,10311.77,29232.21,53920.63,4,630,0
1007386,2,21050.35,26864.29,44838.81,3,850,0
1007387,4,500.0,39765.42,44816.63,2,748,0
1007388,0,10063.62,43242.81,65550.68,5,593,1
1007389,3,9698.69,28438.98,89944.97,5,444,0
1007390,5,3324.07,8359.35,83217.5,4,574,1
1007391,0,10256.35,17123.54,82566.03,9,648,0
1007392,2,8243.77,22429.2,46465.48,9,615,0
1007393,0,3109.32,17672.94,90349.9,5,847,0
1007394,3,7057.9,34902.7,83686.03,8,537,1
1007395,5,19125.94,28554.82,59457.09,3,513,0
1007396,3,8059.07,23752.4,21510.71,2,535,1
1007397,2,6215.2,20818.49,54723.45,5,459,1
1007398,0,14618.18,31915.97,67291.75,5,463,0
1007399,1,9337.33,11313.48,99700.9,4,536,0
1007400,5,11229.08,5846.77,73904.06,6,504,0
1007401,2,11065.08,15033.75,68577.15,4,560,0
1007402,0,7137.15,8049.83,99953.22,3,741,0
1007403,4,11659.24,14035.38,99322.25,5,534,1
1007404,1,3594.76,0.0,76993.6,9,763,0
1007405,0,10368.02,19406.93,81610.15,7,599,0
1007406,0,4978.76,11997.53,93592.42,6,473,1
1007407,0,17466.97,29170.42,56147.73,7,777,0
1007408,5,13457.52,32052.62,77514.77,5,512,1
1007409,3,16011.84,27412.01,61764.81,0,637,0
1007410,5,11705.57,1140.97,51466.8,3,409,1
1007411,5,14377.4,22611.99,79294.64,10,669,0
1007412,5,4912.77,23751.71,90847.65,1,724,0
1007413,4,500.0,6877.56,105412.59,3,456,0
1007414,0,15954.76,25989.08,84602.39,4,604,0
1007415,5,9281.46,10151.41,91520.31,4,436,1
1007416,2,8693.17,1872.07,66492.85,9,693,0
1007417,1,500.0,25310.81,41287.56,5,829,0
1007418,4,20814.03,14056.57,57806.44,1,710,0
1007419,2,8687.19,45699.54,77519.2,9,561,1
1007420,2,9348.53,22756.25,58652.72,4,714,0
1007421,2,5634.34,13874.93,106425.25,0,827,0
1007422,1,12347.39,21975.26,93143.48,10,648,0
1007423,2,8999.64,20348.24,66198.87,9,556,1
1007424,2,500.0,18418.39,102996.12,7,475,0
1007425,1,3370.52,9236.08,82339.13,7,691,0
1007426,4,10823.69,10649.49,101293.36,5,831,0
1007427,4,10204.01,38887.18,66585.91,5,701,1
1007428,3,500.0,10581.13,84969.9,10,813,0
1007429,1,10015.76,40038.82,65627.39,4,447,1
1007430,2,6559.65,10588.63,70280.69,0,460,0
1007431,2,500.0,30036.97,91935.66,5,439,1
1007432,2,11487.44,20216.31,106516.41,1,808,0
1007433,2,3138.83,36979.07,72449.64,7,603,0
1007434,1,2992.27,21652.75,75741.16,10,689,0
1007435,5,9028.72,20843.2,53252.73,4,464,1
1007436,4,500.0,14042.06,66039.82,6,422,1
1007437,1,10898.9,23158.06,79544.1,10,539,0
1007438,2,13058.93,27639.71,46214.95,2,767,0
1007439,4,5209.74,31087.92,61820.27,6,494,1
1007440,4,13950.37,18008.43,48778.53,4,775,0
1007441,1,14302.47,19865.17,73886.61,5,546,0
1007442,1,500.0,18517.98,87115.92,3,731,0
1007443,4,3645.26,0.0,76580.44,9,609,0
1007444,0,7843.03,22879.7,64762.96,3,549,0
1007445,2,9146.97,5615.75,50834.66,0,545,0
1007446,4,1687.13,20555.74,39281.56,7,538,1
1007447,0,3347.09,13314.9,70451.53,9,556,0
1007448,5,7399.96,14134.17,99124.43,5,632,0
1007449,3,10776.75,19307.12,65007.47,5,623,0
1007450,1,8650.08,5065.46,68839.4,7,703,0
1007451,2,13592.49,20245.63,61628.02,1,710,0
1007452,2,11631.61,39121.54,48589.28,2,578,1
1007453,1,10538.88,39381.86,90462.82,7,426,1
1007454,4,6814.43,41931.02,83656.73,5,645,0
1007455,1,2210.51,34408.66,41938.15,2,849,0
1007456,3,18495.96,25701.15,46426.33,5,812,0
1007457,0,3054.09,43814.67,95780.28,5,598,0
1007458,0,5340.06,20175.12,53316.73,3,818,0
1007459,4,9672.11,31518.97,69249.24,5,816,0
1007460,2,3241.04,27538.39,50465.08,5,570,1
1007461,3,10100.81,22868.29,76269.25,10,411,1
1007462,2,5082.4,10404.52,55129.22,3,656,0
1007463,3,8476.84,24331.23,58605.21,7,433,0
1007464,5,17408.04,43195.91,48881.48,8,744,0
1007465,3,8573.61,24865.08,106411.88,4,451,1
1007466,2,8486.11,16872.97,119797.93,4,483,1
1007467,2,13897.08,23294.58,74395.96,7,812,0
1007468,4,10242.76,16356.03,82945.26,1,660,1
1007469,2,11375.92,19889.16,81054.12,7,590,0
1007470,0,1474.85,10898.59,70271.57,4,466,0
1007471,2,4681.3,29693.17,68459.99,1,782,0
1007472,5,13345.55,16511.55,63267.7,4,629,0
1007473,5,6020.1,18738.48,85204.14,4,715,0
1007474,2,6226.9,19884.67,46708.01,8,428,1
1007475,2,17940.25,1398.92,54176.93,1,446,1
1007476,5,6466.42,38113.69,83664.78,1,714,0
1007477,0,13945.47,41319.11,43295.21,1,568,1
1007478,2,9351.37,12734.33,101139.75,9,749,0
1007479,0,8036.25,51539.98,64931.19,3,554,0
1007480,3,9645.62,21584.89,73761.42,1,529,0
1007481,2,7199.52,15402.86,95611.47,0,608,0
1007482,3,2686.39,24228.07,69276.19,7,456,1
1007483,3,13049.76,25944.67,72695.2,2,741,0
1007484,1,7834.04,14097.36,58912.32,7,683,0
1007485,3,15471.64,25608.99,80044.44,2,445,1
1007486,3,9379.49,5124.46,83461.63,5,820,0
1007487,4,6207.63,29719.93,53310.24,5,818,0
1007488,3,500.0,12943.24,82771.91,9,716,0
1007489,3,7349.14,2720.55,88821.09,4,619,0
1007490,2,11956.65,19995.83,79211.5,3,611,0
1007491,0,6518.81,5215.62,55795.55,1,570,0
1007492,4,8868.49,31673.78,88072.98,1,674,0
1007493,2,500.0,38967.9,96401.35,10,717,0
1007494,0,10529.23,6666.37,60813.33,7,790,0
1007495,2,6913.23,14299.61,35137.26,8,530,0
1007496,4,1082.28,6119.37,56667.13,6,761,0
1007497,0,15054.67,5969.66,70544.16,7,723,0
1007498,1,10671.14,9447.35,95137.76,2,697,0
1007499,3,7993.73,19031.3,93129.26,7,592,0
1007500,0,7086.05,2857.19,83355.53,6,829,0
1007501,4,6170.46,29649.57,57869.48,8,619,0
1007502,3,6984.72,47210.4,84807.51,0,584,1
1007503,0,10561.8,8223.2,70046.95,2,491,1
1007504,2,7040.36,20476.75,50542.61,4,593,0
1007505,3,9774.41,13584.87,35840.25,8,498,0
1007506,0,15576.94,0.0,89404.02,1,536,0
1007507,0,9567.23,0.0,38940.94,4,789,0
1007508,2,11352.49,41633.62,94206.26,2,739,0
1007509,4,13587.27,19488.99,113496.18,2,663,0
1007510,2,7977.57,39516.45,70856.04,9,830,0
1007511,3,10820.13,21184.07,54000.91,3,595,0
1007512,2,9602.94,30804.49,57923.47,7,582,1
1007513,0,5596.73,33694.2,57156.82,9,751,0
1007514,1,4912.24,14313.17,77532.03,3,503,0
1007515,3,22812.32,37211.39,89432.95,4,812,0
1007516,4,7408.25,36374.11,55662.7,4,424,1
1007517,1,11778.0,17203.11,63799.0,9,478,0
1007518,0,5938.7,21300.45,57706.72,4,659,0
1007519,1,4107.22,6503.53,92218.03,10,850,0
1007520,5,500.0,39838.5,88996.14,3,708,0
1007521,4,7823.77,9150.5,53863.08,10,414,0
1007522,2,17349.64,21228.67,64285.52,3,790,0
1007523,2,9199.98,13797.42,73371.01,5,679,0
1007524,2,3327.94,15334.18,35760.12,1,575,0
1007525,5,11770.1,31824.76,59830.9,6,524,1
1007526,0,10450.55,22748.01,72845.24,0,497,0
1007527,5,8896.89,34411.33,43255.75,6,519,1
1007528,1,1329.41,20571.91,74256.51,0,408,0
1007529,5,7398.37,34212.73,71072.76,1,627,1
1007530,3,14104.93,7705.33,59489.09,6,570,0
1007531,2,7780.42,11648.42,90071.69,8,675,0
1007532,4,16804.32,0.0,52153.05,3,738,0
1007533,5,10049.48,35086.77,78313.97,8,601,0
1007534,3,6842.92,32870.76,65273.73,6,610,1
1007535,0,8454.6,4171.32,91237.7,2,724,0
1007536,5,15404.53,8745.37,55110.09,1,725,0
1007537,4,500.0,19207.46,81696.71,3,828,0
1007538,2,4819.02,7782.29,82014.94,3,637,0
1007539,2,2117.28,36184.23,92000.01,6,482,0
1007540,0,8991.51,41611.06,101139.55,10,642,0
1007541,5,11412.49,23502.07,40957.73,10,513,1
1007542,2,8574.62,24104.15,68734.79,3,625,0
1007543,0,3863.77,17573.79,49383.38,3,678,0
1007544,0,9908.7,4306.49,88917.96,6,496,0
1007545,3,500.0,1743.25,96389.84,9,589,0
1007546,4,13149.29,11372.53,64397.79,0,415,1
1007547,0,5473.98,18848.82,74806.54,0,547,1
1007548,5,16136.41,34601.23,95364.98,2,830,0
1007549,1,5235.35,11802.18,74076.32,6,631,0
1007550,0,16008.6,25203.42,67635.84,9,643,0
1007551,3,13957.75,43830.52,38527.87,3,716,1
1007552,1,9743.67,43074.74,56488.59,5,801,0
1007553,0,500.0,32690.5,89364.22,9,810,0
1007554,0,7139.67,31893.21,42046.26,2,412,1
1007555,4,11152.35,0.0,75701.99,2,824,0
1007556,2,4170.87,14795.92,74348.96,2,526,0
1007557,3,13672.32,23668.59,69910.41,1,771,0
1007558,1,4172.16,20470.66,85475.95,7,450,0
1007559,1,5144.22,29850.06,55735.56,4,561,0
1007560,2,20242.0,32721.35,96846.5,9,550,0
1007561,3,7926.59,26980.32,61727.31,8,799,0
1007562,1,4104.28,7815.04,89704.07,6,568,0
1007563,2,6989.18,14667.59,58936.56,8,722,0
1007564,0,13319.28,9027.1,75184.95,9,582,0
1007565,0,2116.13,33568.31,63760.72,3,485,1
1007566,4,7387.36,25097.58,102523.73,10,738,0
1007567,4,9824.55,35872.18,50101.37,8,830,0
1007568,5,7518.28,22326.4,57955.56,3,782,0
1007569,4,10580.48,7599.87,98294.48,1,517,0
1007570,4,2245.65,18780.37,85741.38,2,774,0
1007571,5,14872.04,8295.96,69427.0,4,710,1
1007572,3,11912.59,2773.95,65164.51,0,627,0
1007573,5,15640.01,574.07,45382.64,9,715,0
1007574,5,13668.32,31587.09,64904.05,10,668,1
1007575,2,13788.89,16442.2,77009.48,1,810,0
1007576,3,6494.19,7109.62,93364.19,9,527,0
1007577,3,11319.49,12621.72,88157.71,2,703,0
1007578,4,4054.91,19680.19,98130.29,3,478,1
1007579,3,10723.99,17986.37,77561.83,3,843,0
1007580,5,2962.82,16345.13,56450.23,7,549,1
1007581,0,13469.62,13105.36,63449.24,2,434,0
1007582,0,14182.97,29426.29,99710.77,0,754,0
1007583,4,4171.73,15362.13,72248.51,5,424,1
1007584,1,6298.08,41817.32,97395.98,8,480,0
1007585,1,5435.19,9331.16,39587.92,4,494,1
1007586,3,500.0,0.0,60727.39,5,565,0
1007587,2,7453.65,9322.49,54743.34,6,662,0
1007588,4,500.0,26626.26,75188.27,6,664,0
1007589,3,2736.84,23732.43,54971.41,0,595,0
1007590,5,2798.4,28190.69,44555.37,6,798,0
1007591,3,9212.8,29466.09,68676.01,8,444,0
1007592,1,11840.97,41382.39,25933.95,5,486,1
1007593,1,10951.81,13733.71,58734.86,4,497,1
1007594,1,4522.2,33875.24,78378.83,2,479,0
1007595,5,11349.93,22755.97,47955.96,0,664,0
1007596,1,15776.51,17841.36,69134.24,10,737,0
1007597,0,731.37,39612.53,53108.25,6,586,0
1007598,3,17497.8,38257.56,63477.91,8,629,0
1007599,3,11916.49,1546.08,74802.3,1,746,0
1007600,4,7362.29,31968.87,79196.67,7,756,0
1007601,1,7727.31,30749.94,78554.99,2,614,0
1007602,5,5103.49,5462.71,55574.22,8,732,0
1007603,5,9298.27,11570.04,99710.28,8,796,0
1007604,4,22201.81,17682.53,76509.66,2,612,1
1007605,5,500.0,18131.34,57620.09,0,744,0
1007606,2,8199.68,32778.01,96147.08,4,708,0
1007607,4,7059.35,34849.16,62501.69,10,627,0
1007608,1,506.15,4386.02,108206.52,9,627,0
1007609,5,8050.87,0.0,86657.91,2,566,0
1007610,0,6756.73,10257.36,68186.94,6,790,0
1007611,4,16598.47,24917.05,60941.71,6,502,0
1007612,2,7323.05,24477.56,54094.01,2,535,1
1007613,3,12874.32,37200.14,55075.29,1,537,1
1007614,4,6582.61,36259.57,64918.89,4,491,1
1007615,4,5060.91,34819.68,96571.07,10,565,0
1007616,2,11499.45,7351.34,73854.43,7,719,0
1007617,5,3989.22,37359.95,68781.78,10,568,0
1007618,4,7943.28,9667.1,78632.94,1,473,1
1007619,1,8574.03,40903.65,64279.96,7,487,0
1007620,2,5763.95,32709.47,45955.45,8,609,0
1007621,4,8410.4,27748.43,41493.23,2,617,0
1007622,4,19143.47,30057.18,98135.25,7,576,1
1007623,1,4396.18,28092.39,64992.56,3,457,0
1007624,2,2736.34,19093.28,101715.26,7,623,0
1007625,2,15151.62,4604.17,107504.84,6,792,0
1007626,1,2625.53,31673.51,75963.23,1,605,0
1007627,2,652.96,27919.58,85536.76,3,651,0
1007628,0,3666.77,28241.16,63487.84,10,719,0
1007629,3,10046.32,17565.55,67998.71,6,450,0
1007630,4,11973.99,32638.17,72148.23,2,660,0
1007631,3,5639.65,13494.91,70419.87,9,553,0
1007632,0,9874.54,4965.64,99972.26,3,598,0
1007633,5,1425.96,34129.76,68682.93,1,521,1
1007634,4,12512.77,17823.4,88163.37,2,462,1
1007635,5,10073.36,13128.7,72953.9,3,477,1
1007636,2,6911.3,15428.83,82833.58,0,684,0
1007637,0,7222.61,39564.97,106562.35,10,620,0
1007638,1,14446.48,25051.11,40217.63,8,448,0
1007639,1,8182.13,15322.49,93472.65,9,489,0
1007640,0,5198.14,8566.91,58362.62,3,731,0
1007641,0,13285.84,10398.95,74503.95,0,475,0
1007642,1,1684.15,19145.04,63878.5,5,786,0
1007643,4,3170.57,2752.52,61267.57,1,719,0
1007644,2,12360.09,16470.79,43930.71,6,703,0
1007645,2,4065.52,16743.31,18142.18,7,598,0
1007646,0,533.87,5862.9,112655.31,1,483,0
1007647,5,500.0,15661.09,87684.0,9,705,0
1007648,5,7955.23,9539.56,65901.23,1,609,1
1007649,1,7133.91,21507.0,33991.8,10,616,0
1007650,1,2672.64,39259.94,83858.75,1,718,1
1007651,5,9305.16,42360.09,101716.02,1,631,0
1007652,5,1033.74,8065.7,79189.79,4,432,1
1007653,4,500.0,18830.16,36825.51,5,545,1
1007654,4,8027.14,27255.02,60320.23,4,685,0
1007655,4,500.0,16152.04,75834.88,5,596,0
1007656,4,5673.33,2298.84,69175.35,8,491,0
1007657,3,10553.77,11731.14,92547.94,9,621,0
1007658,5,500.0,8791.0,51458.55,10,564,0
1007659,5,500.0,6751.03,57910.18,5,559,0
1007660,3,9266.25,22250.29,21361.3,9,513,0
1007661,1,10227.4,19503.29,92965.47,0,774,0
1007662,3,17688.54,9740.86,83185.26,4,664,1
1007663,5,6122.78,39166.92,61908.28,0,517,1
1007664,0,7027.56,17291.03,34887.55,7,740,0
1007665,5,2157.45,40575.64,87712.77,5,505,1
1007666,2,12683.41,16051.47,42367.69,10,525,0
1007667,3,14438.86,22881.74,45110.19,1,560,1
1007668,0,5960.76,15550.25,32091.62,3,831,0
1007669,3,9221.23,17097.0,42078.13,5,755,0
1007670,4,14623.3,7920.59,51545.5,4,690,0
1007671,1,7924.86,4411.55,48627.74,6,783,0
1007672,1,15948.47,8279.2,92161.08,1,787,0
1007673,2,14647.27,28544.84,84480.06,5,658,0
1007674,0,7231.01,29775.25,71767.22,1,795,0
1007675,3,5357.74,30085.36,58863.62,6,567,0
1007676,5,4698.24,4147.97,69307.94,3,578,0
1007677,1,2730.17,37492.11,43777.69,0,695,1
1007678,4,17301.31,25084.08,78120.05,1,836,0
1007679,0,6075.28,8224.49,51469.37,7,774,0
1007680,1,4000.0,16629.64,59949.3,7,835,0
1007681,5,1880.63,18448.39,76893.96,0,515,1
1007682,3,4757.49,22455.62,52608.78,0,602,0
1007683,4,11598.0,0.0,42303.86,5,703,0
1007684,2,9769.69,1529.67,90542.94,1,821,0
1007685,2,500.0,27258.98,35536.48,1,722,0
1007686,4,9198.7,26151.2,44435.06,9,812,0
1007687,3,10653.47,8356.2,46618.6,4,580,0
1007688,3,11354.66,18821.07,55529.36,3,684,0
1007689,3,14371.39,30715.52,67229.78,8,472,0
1007690,3,10295.7,20340.32,15000.0,4,519,1
1007691,5,20210.87,16109.46,59976.4,9,677,0
1007692,5,4381.45,0.0,98191.34,5,514,0
1007693,3,13801.09,6328.97,93922.66,9,501,1
1007694,2,3990.72,25155.63,87711.41,6,455,0
1007695,4,5322.83,20173.09,68347.78,7,571,1
1007696,3,16787.27,24580.41,74377.82,6,531,1
1007697,4,12780.52,6735.45,58849.61,5,649,0
1007698,4,4550.23,0.0,36409.24,5,664,0
1007699,0,10551.36,12057.93,77197.63,8,834,0
1007700,4,500.0,14174.22,91655.41,8,679,0
1007701,3,4100.86,15962.6,76006.95,0,472,1
1007702,0,4066.74,36418.09,69434.55,0,592,1
1007703,5,500.0,35640.47,87437.11,0,440,1
1007704,1,10820.19,23636.54,76397.73,8,649,0
1007705,4,1234.96,20522.45,92590.05,9,646,0
1007706,2,7198.48,23414.07,61467.84,9,786,0
1007707,5,14757.82,17554.46,33829.86,7,825,0
1007708,4,10877.78,32849.24,79840.87,6,822,0
1007709,0,4191.5,323.73,87877.37,4,428,0
1007710,3,5655.56,29350.48,54316.83,5,426,1
1007711,4,9845.65,23859.81,74753.18,2,692,0
1007712,5,999.23,16281.77,84566.12,4,830,0
1007713,1,10492.36,901.24,15000.0,10,420,1
1007714,2,10402.89,23424.76,119467.85,2,762,0
1007715,5,14979.54,6377.95,85701.97,2,652,0
1007716,5,8558.49,5212.7,65969.6,0,657,1
1007717,4,8607.4,17906.24,46582.25,2,460,1
1007718,2,500.0,16904.94,38078.96,5,622,0
1007719,2,9240.14,19188.94,137489.53,10,699,0
1007720,4,12901.95,10472.86,63380.11,5,720,0
1007721,3,8615.68,18680.64,84117.84,8,567,1
1007722,1,7221.79,39974.47,56624.76,8,713,0
1007723,2,5509.39,19346.24,63410.44,9,697,0
1007724,3,4579.54,8317.3,83265.31,5,728,1
1007725,5,8434.53,9573.45,50910.8,10,522,0
1007726,0,809.92,11893.86,68385.96,7,821,0
1007727,3,11362.22,37078.59,65864.79,10,441,0
1007728,5,6457.48,25570.44,79697.23,9,421,0
1007729,0,10388.25,36877.3,87370.25,4,488,0
1007730,4,6593.03,24405.82,66340.73,7,437,1
1007731,3,7675.92,39653.48,98331.92,2,529,1
1007732,1,1775.0,0.0,60299.55,1,638,0
1007733,0,18093.14,432.03,62111.51,6,480,0
1007734,5,13293.48,22000.9,71695.15,10,542,0
1007735,0,8900.25,25606.91,64758.49,4,495,1
1007736,4,2728.4,5612.92,85774.34,6,792,0
1007737,2,17758.31,14838.76,15000.0,3,649,0
1007738,1,10460.56,13756.22,34032.49,7,679,0
1007739,2,6999.34,27432.03,25821.17,6,601,1
1007740,1,4559.48,9263.36,98534.76,5,654,0
1007741,0,7423.79,6471.64,86695.35,9,773,0
1007742,5,14595.28,12317.43,55854.72,5,845,0
1007743,2,3658.48,9289.5,77878.0,6,628,0
1007744,4,7385.54,20769.79,34087.48,5,615,0
1007745,1,7693.26,18530.08,63735.53,3,647,0
1007746,1,10910.36,29303.61,100075.02,10,638,0
1007747,1,13576.02,12447.34,83178.28,2,722,0
1007748,1,8404.63,14695.97,113448.51,3,504,0
1007749,2,9856.47,9022.7,59991.56,9,786,0
1007750,1,9766.26,44702.66,93462.2,8,435,0
1007751,0,4207.32,10027.05,72215.86,7,667,0
1007752,3,7700.29,26851.63,76532.97,7,838,0
1007753,0,1830.2,26010.12,75297.65,2,424,1
1007754,2,8997.59,7324.08,85754.25,7,801,0
1007755,1,7963.84,28894.54,97083.21,8,611,1
1007756,5,8794.33,24712.5,71394.48,2,782,0
1007757,4,4669.84,10476.68,77841.44,0,422,1
1007758,1,19876.82,1074.54,68087.05,6,794,0
1007759,5,13508.4,14732.72,76002.77,0,675,1
1007760,1,6616.88,13295.98,53721.04,1,711,0
1007761,4,3533.61,7186.68,90561.75,3,436,1
1007762,2,7833.99,8702.91,84529.06,7,583,1
1007763,0,6697.23,24969.88,76854.05,8,647,0
1007764,5,7913.89,9989.52,69962.44,6,504,0
1007765,4,9776.87,6425.11,56724.49,5,474,1
1007766,3,2253.85,20888.75,51015.07,6,701,0
1007767,4,4088.66,35571.1,47615.47,7,786,0
1007768,1,8224.97,6738.36,54175.23,7,491,0
1007769,5,500.0,5336.97,88967.38,9,449,0
1007770,3,19664.37,35571.04,78999.24,2,524,0
1007771,4,12400.15,0.0,41274.41,10,700,0
1007772,5,9455.57,15588.36,50591.58,0,627,1
1007773,1,12768.28,34899.28,97564.79,9,719,0
1007774,4,8927.81,17874.82,104332.94,1,823,0
1007775,2,7733.33,11985.76,87599.18,4,529,0
1007776,4,10171.87,19671.35,113444.19,0,703,1
1007777,2,8578.09,27398.82,56475.6,5,670,0
1007778,5,13460.28,10728.36,79452.23,5,787,0
1007779,0,8016.97,18941.25,57593.7,0,554,0
1007780,2,13843.49,13330.18,115800.0,8,457,0
1007781,3,16782.62,24744.54,79496.47,0,522,1
1007782,1,11399.68,22779.06,79336.91,3,412,1
1007783,1,8693.59,11248.71,78356.69,4,523,0
1007784,5,1853.68,18204.28,56898.74,9,784,0
1007785,5,5106.67,21670.6,69717.49,3,415,1
1007786,3,2519.9,34362.39,24495.06,9,487,1
1007787,3,7428.61,19074.81,61895.05,5,706,1
1007788,5,12891.61,9805.94,50549.43,5,514,1
1007789,4,500.0,20653.82,87047.81,0,439,0
1007790,1,9874.13,43871.15,98283.85,9,640,0
1007791,0,500.0,35181.77,76640.78,10,495,0
1007792,4,5675.98,36331.05,50272.61,4,707,0
1007793,4,11515.79,3263.72,48849.66,5,446,1
1007794,0,5174.09,43390.69,86287.14,4,425,0
1007795,4,14568.44,25799.36,65787.63,1,764,0
1007796,0,8871.29,23517.25,65931.28,6,681,0
1007797,2,6832.13,20747.74,49325.21,7,642,0
1007798,2,7944.41,26254.88,76274.63,9,669,0
1007799,1,7385.13,0.0,75442.49,6,615,0
1007800,3,9594.36,31763.63,87677.84,4,658,0
1007801,2,1461.02,3240.13,52332.64,7,666,0
1007802,5,7308.92,40146.0,70732.79,0,457,1
1007803,3,4212.79,23450.29,42584.24,10,766,0
1007804,4,8518.28,11850.44,76018.86,1,701,0
1007805,2,4075.51,7720.47,71569.31,4,684,0
1007806,1,8394.49,16727.74,63917.08,0,846,0
1007807,1,17455.62,38172.96,89729.82,0,635,0
1007808,2,18134.15,19593.99,45585.76,4,806,0
1007809,4,6252.71,21085.3,103152.88,2,546,0
1007810,2,8490.89,9976.34,79836.48,10,443,1
1007811,5,11706.14,38476.2,83268.58,4,636,0
1007812,5,5542.84,16373.14,77194.15,4,784,0
1007813,1,8288.24,11726.32,57294.15,2,845,0
1007814,2,4961.44,23931.27,60169.76,7,698,0
1007815,5,11778.44,12297.84,91001.54,5,660,0
1007816,2,3301.13,16849.15,71278.56,5,796,0
1007817,0,18611.62,0.0,78079.59,6,619,0
1007818,2,3059.65,172.21,64563.87,7,784,0
1007819,4,8027.9,26061.03,88801.25,5,801,0
1007820,1,15535.58,9867.88,84916.83,7,771,0
1007821,2,10273.39,25844.6,45326.87,0,432,1
1007822,3,500.0,24833.32,111456.65,0,519,1
1007823,3,11897.37,27921.21,92881.43,0,436,0
1007824,2,8379.55,27485.25,88585.3,0,612,1
1007825,2,10828.9,32597.28,78373.87,0,757,0
1007826,0,500.0,17791.81,70602.01,7,815,0
1007827,0,19971.2,15418.64,89154.0,7,825,0
1007828,2,500.0,32372.97,124242.36,9,435,1
1007829,0,14718.0,5972.66,69903.04,4,430,1
1007830,5,2039.86,8381.73,49444.34,1,645,0
1007831,5,1954.23,4313.56,71102.66,6,418,0
1007832,0,12457.26,9999.97,73214.2,5,764,0
1007833,2,4710.12,34462.19,91170.74,4,412,1
1007834,1,18669.75,35882.83,46772.8,7,637,0
1007835,5,15576.5,14197.32,62758.19,7,663,0
1007836,0,10515.54,2108.15,65246.26,6,596,1
1007837,3,5605.14,10389.3,91478.9,10,469,0
1007838,5,5960.43,21916.6,94184.47,4,764,0
1007839,5,10361.13,38438.78,75714.27,6,656,0
1007840,2,9958.22,17017.23,93339.99,0,739,0
1007841,2,5839.59,30970.51,73795.38,2,702,0
1007842,2,8403.39,29188.0,73652.5,4,640,0
1007843,5,9222.51,2281.7,25226.3,7,414,0
1007844,3,13322.59,33530.36,53315.79,3,606,1
1007845,2,4573.82,35366.36,48663.39,2,793,0
1007846,0,7874.04,26589.58,80575.3,10,503,0
1007847,1,12586.57,18720.76,72917.61,7,519,0
1007848,0,10968.15,34371.46,49433.59,0,805,0
1007849,1,500.0,26676.09,72115.21,6,653,0
1007850,3,11618.41,21976.34,68641.9,4,680,0
1007851,0,5491.81,25302.58,79025.07,0,564,0
1007852,4,13576.53,37507.97,59908.96,1,527,1
1007853,0,6091.86,8300.23,56557.29,2,560,0
1007854,4,2729.69,17456.5,95730.43,4,836,0
1007855,4,23362.29,14159.72,65676.03,2,586,1
1007856,1,3093.37,23035.4,91563.53,9,657,0
1007857,2,860.64,21818.7,53094.58,4,409,1
1007858,2,8432.45,15411.5,66364.47,4,787,0
1007859,5,12390.45,23003.04,64369.13,9,597,1
1007860,0,10720.28,18474.03,51263.17,3,741,0
1007861,1,9011.63,35286.53,85330.37,7,525,1
1007862,2,2618.79,33231.18,43665.87,6,690,1
1007863,5,18729.5,19442.57,75617.18,5,566,0
1007864,3,500.0,21098.66,27678.99,2,548,0
1007865,1,9526.8,16170.8,84752.62,4,480,0
1007866,4,500.0,9787.81,71608.42,0,719,0
1007867,1,9342.8,25196.05,93539.59,0,556,1
1007868,2,8094.7,31762.56,111452.33,5,460,0
1007869,2,10515.57,0.0,56966.32,2,717,0
1007870,3,2769.25,7980.59,70961.33,10,715,0
1007871,1,3676.32,32999.07,44758.28,9,843,0
1007872,5,500.0,36734.45,61465.28,8,799,0
1007873,2,3724.28,8819.57,71920.68,4,495,0
1007874,1,2302.05,6402.88,71422.73,2,430,0
1007875,4,5992.09,2643.1,86515.88,3,791,0
1007876,5,2637.37,32446.16,80697.64,6,837,0
1007877,0,9441.56,21766.97,90353.89,10,680,0
1007878,4,8158.22,18381.5,56918.14,4,679,1
1007879,1,12078.28,9853.27,73551.45,2,452,0
1007880,5,12828.07,28604.61,49692.11,2,651,0
1007881,0,5726.31,14335.67,67152.52,8,414,0
1007882,1,12837.17,36270.91,15588.94,10,749,1
1007883,4,11314.66,17311.94,68435.05,4,799,0
1007884,2,500.0,29750.07,71554.88,0,417,1
1007885,0,15204.79,26132.88,61213.75,4,511,1
1007886,3,3229.42,21435.36,62364.57,8,844,0
1007887,3,7614.59,16142.64,36191.3,3,455,1
1007888,4,15150.77,40484.61,57387.45,1,759,1
1007889,5,5605.51,35140.74,58441.82,2,698,1
1007890,0,13198.11,8076.14,74851.44,3,694,0
1007891,1,4905.68,40013.17,79580.36,2,721,0
1007892,1,5248.19,4366.46,61520.29,6,532,0
1007893,0,13994.6,26690.24,67546.68,3,804,0
1007894,4,6612.55,28272.83,77512.55,0,622,1
1007895,1,13570.05,20006.32,52479.92,5,629,0
1007896,5,15793.98,7912.9,90715.16,10,738,1
1007897,5,11561.43,8852.69,111250.63,4,546,0
1007898,2,11143.03,30579.49,77992.55,9,432,1
1007899,0,4982.08,10754.78,60713.97,0,548,0
1007900,4,4871.03,20041.47,74763.02,4,690,0
1007901,5,8946.35,22479.87,93759.45,4,498,1
1007902,4,10739.38,12136.4,95820.66,5,750,0
1007903,0,943.91,7069.81,43461.37,9,689,0
1007904,3,5791.94,4763.44,76865.59,9,705,0
1007905,0,8290.79,15023.99,55794.06,8,825,0
1007906,3,12654.16,32269.66,61519.26,1,513,1
1007907,4,7467.1,18490.5,75790.95,1,445,1
1007908,2,2947.96,16556.33,81064.69,9,560,0
1007909,3,8610.73,40523.73,64749.48,2,579,1
1007910,0,3847.35,36563.31,53350.74,7,413,1
1007911,1,4784.11,30190.27,66350.97,6,563,0
1007912,3,10063.32,25132.28,49715.55,9,848,0
1007913,4,20167.81,26820.19,105176.9,6,443,0
1007914,5,18990.73,31915.45,39165.16,1,820,0
1007915,0,1355.51,23462.42,82285.98,0,671,1
1007916,2,20354.63,31555.3,72524.13,4,822,0
1007917,5,500.0,22870.43,70476.06,3,843,0
1007918,0,5776.51,32041.31,49405.89,2,666,0
1007919,3,4882.43,3714.26,60482.77,5,530,0
1007920,1,14794.88,7212.67,63510.28,2,757,0
1007921,5,5707.34,37792.07,59486.01,7,730,0
1007922,4,13071.87,35709.34,65378.35,4,657,0
1007923,3,5716.74,10042.24,72412.17,6,806,0
1007924,2,7182.17,7247.2,61325.69,3,808,0
1007925,3,4774.39,32582.93,78969.46,7,527,0
1007926,4,7105.09,17133.45,84734.85,2,470,1
1007927,5,4761.79,20969.95,59429.72,9,815,0
1007928,0,19240.8,36250.56,84796.26,5,419,1
1007929,3,16166.93,26807.57,71282.8,9,739,0
1007930,1,13798.32,21108.78,58953.56,3,731,0
1007931,0,20733.4,35625.84,79459.53,2,694,0
1007932,4,7348.6,15.66,92302.05,1,621,1
1007933,3,4172.3,12569.95,63716.91,9,494,0
1007934,1,3899.85,56298.34,33668.53,8,652,1
1007935,1,500.0,29016.7,85549.8,2,530,1
1007936,2,6514.18,39070.01,89932.29,7,789,0
1007937,3,9488.75,10005.07,47873.67,0,452,1
1007938,3,2773.44,43877.58,67355.66,1,571,1
1007939,5,9210.07,4734.93,79219.97,8,804,0
1007940,5,8765.05,27105.9,22764.39,7,688,0
1007941,3,4686.77,24040.27,85518.54,9,766,0
1007942,4,1943.57,9115.4,84370.82,7,470,1
1007943,5,8925.84,27052.31,86134.0,1,446,1
1007944,0,7320.79,0.0,99692.69,1,628,0
1007945,2,3681.23,29494.86,48929.68,8,643,0
1007946,4,500.0,19706.06,88770.12,6,772,0
1007947,0,16439.23,12126.72,115214.8,0,502,0
1007948,4,12405.56,2417.58,24855.16,10,658,0
1007949,0,5843.37,3979.97,62392.0,10,747,0
1007950,3,4173.23,6062.63,83811.96,10,612,0
1007951,0,11714.1,7188.13,55393.99,5,661,0
1007952,5,5218.32,19508.44,33233.27,10,825,0
1007953,1,9459.4,1703.32,75990.36,5,826,0
1007954,5,500.0,10963.97,73091.79,4,826,0
1007955,1,9258.98,0.0,55195.67,10,730,0
1007956,3,12490.95,44125.83,74535.77,7,673,0
1007957,1,13896.82,25421.54,87934.99,3,452,0
1007958,3,10589.73,0.0,89700.25,8,561,0
1007959,3,12237.27,27530.09,78023.18,5,573,0
1007960,2,9800.03,51755.55,44880.23,2,752,1
1007961,4,8561.67,23054.84,63418.76,1,663,1
1007962,2,6570.61,25575.74,24020.14,5,512,1
1007963,4,500.0,26097.49,48254.31,1,811,0
1007964,2,2848.82,42660.93,72781.62,4,442,1
1007965,4,9754.43,46051.86,80436.75,5,572,0
1007966,1,500.0,23280.24,68972.42,3,668,0
1007967,5,14098.52,0.0,69182.89,9,491,1
1007968,2,12386.0,18655.66,30283.32,5,460,1
1007969,4,1631.61,0.0,43754.32,4,533,1
1007970,2,12435.67,2379.41,46353.85,7,508,0
1007971,2,6308.0,31931.96,57502.69,0,517,0
1007972,0,16178.57,17397.08,57399.57,6,547,0
1007973,2,4671.77,15200.92,112972.64,2,476,1
1007974,3,14026.73,25959.25,89449.51,4,627,0
1007975,0,1304.6,29704.51,48771.09,5,560,0
1007976,1,2150.26,9610.04,55886.37,4,596,0
1007977,0,500.0,37996.97,58276.93,0,518,0
1007978,4,8983.15,9423.02,57493.62,10,725,0
1007979,5,1821.23,28053.21,58750.87,1,634,1
1007980,4,15331.14,16474.84,28307.34,2,655,0
1007981,0,500.0,17993.86,92578.51,2,804,0
1007982,4,11593.4,15997.44,82753.66,5,736,0
1007983,5,11380.66,32277.38,81963.69,9,830,0
1007984,0,4196.09,30384.87,71241.94,8,430,0
1007985,2,7625.08,20129.37,78412.0,4,478,0
1007986,4,19473.56,34148.85,61893.96,5,769,0
1007987,0,5652.55,3474.07,29533.36,1,660,0
1007988,4,13278.01,25231.61,71555.05,7,845,0
1007989,4,12550.25,3571.97,69610.33,5,706,0
1007990,0,9742.16,0.0,42668.55,3,777,0
1007991,4,500.0,179.08,24109.54,6,475,0
1007992,4,5221.32,29801.6,91844.46,9,441,1
1007993,5,9543.39,18311.29,48573.84,6,643,0
1007994,0,13354.57,21173.72,64902.35,0,645,0
1007995,3,4038.3,9163.66,55055.77,8,496,0
1007996,2,500.0,10952.95,102746.89,10,796,0
1007997,5,500.0,5395.11,39112.61,6,569,0
1007998,2,7946.16,18159.96,90108.11,3,598,1
1007999,3,3414.94,21914.95,18234.22,0,551,1
1008000,0,11294.8,19564.3,87443.96,6,631,1
1008001,1,10374.97,18946.01,59015.12,6,769,0
1008002,4,6032.96,17146.22,23755.07,5,608,1
1008003,2,500.0,20878.81,70090.42,6,511,0
1008004,4,7937.45,27936.26,67449.99,9,703,0
1008005,3,9761.29,9600.06,36536.44,5,647,0
1008006,2,7918.23,25878.49,76020.83,5,492,1
1008007,5,11407.75,33064.16,68288.1,1,667,0
1008008,4,4521.24,3364.64,78517.79,1,510,1
1008009,4,11452.74,10479.46,40779.95,2,554,1
1008010,0,11456.19,15414.79,53778.7,4,469,1
1008011,5,7411.24,7039.89,49426.07,6,819,0
1008012,2,7467.1,13933.38,71292.74,1,724,0
1008013,3,4456.14,12342.5,58212.06,8,555,0
1008014,4,5671.35,39319.55,48696.22,10,667,0
1008015,2,3657.77,23374.71,96540.11,0,552,1
1008016,1,13975.73,38389.27,58166.36,9,829,1
1008017,3,8634.63,17884.13,90838.01,8,714,0
1008018,5,1471.69,19848.87,85605.49,9,427,0
1008019,5,6853.29,18116.88,54395.94,4,624,0
1008020,1,14759.13,17188.67,31902.37,10,585,0
1008021,2,16003.47,52061.35,72899.88,6,729,0
1008022,2,14330.11,34947.97,82481.68,8,839,0
1008023,0,1342.07,21848.47,92426.92,8,475,1
1008024,0,11685.81,0.0,76705.24,4,478,0
1008025,2,1109.66,14525.0,77615.4,0,473,0
1008026,3,17421.34,31457.05,56177.85,4,825,0
1008027,3,18211.71,23785.65,54326.13,8,734,0
1008028,3,1406.33,16482.27,133546.02,6,615,0
1008029,4,9307.62,29906.53,91865.92,8,580,0
1008030,2,1082.63,23424.16,42162.79,0,667,0
1008031,5,8947.02,10898.71,75014.51,5,787,0
1008032,0,4526.71,22316.49,78151.28,9,434,0
1008033,4,2458.74,28985.12,32934.51,2,511,1
1008034,5,12964.58,29129.08,63172.63,5,696,0
1008035,4,8725.4,17950.84,80320.66,6,514,1
1008036,2,12991.16,13004.03,102416.18,4,837,0
1008037,4,10504.05,19104.68,101593.07,6,790,0
1008038,4,2311.47,27208.33,61884.52,0,769,0
1008039,4,4348.98,23591.87,62592.57,4,568,1
1008040,5,13349.38,33755.51,59687.75,4,441,1
1008041,3,13686.58,15716.86,73610.72,5,456,1
1008042,1,5745.47,19411.34,86340.42,3,652,0
1008043,5,19012.33,17768.2,48111.71,8,505,1
1008044,1,11154.64,24783.79,65496.23,8,743,0
1008045,5,16769.03,6818.5,57227.05,8,748,0
1008046,1,11025.89,35503.5,53491.46,6,511,1
1008047,0,15101.82,16699.31,58744.03,10,525,0
1008048,4,5229.25,37001.69,105966.35,4,820,0
1008049,0,7759.14,37587.32,104240.1,10,654,0
1008050,0,500.0,3568.14,98690.86,0,439,1
1008051,5,9144.75,23076.48,35623.59,0,777,0
1008052,5,1425.39,26956.4,75318.09,10,771,0
1008053,3,9646.05,19627.48,117517.48,9,678,0
1008054,4,5428.33,27100.47,77538.44,9,507,1
1008055,0,2674.81,9698.41,54795.8,9,741,0
1008056,3,5905.07,31776.87,81177.87,3,587,0
1008057,5,5061.62,23249.36,63943.16,10,840,0
1008058,2,1938.53,17420.06,61044.32,7,788,0
1008059,0,16111.52,0.0,74323.96,8,540,0
1008060,4,2793.25,29708.39,78780.21,3,801,0
1008061,3,14025.8,2796.61,65695.67,10,796,0
1008062,3,15007.96,37241.65,68773.54,8,516,0
1008063,2,12643.41,32774.56,48518.46,10,652,0
1008064,2,5529.82,4042.44,68259.84,10,728,0
1008065,1,3797.9,2071.63,83578.62,1,497,0
1008066,3,1087.56,25156.44,71054.59,9,785,0
1008067,1,1340.53,35572.25,65649.64,1,466,0
1008068,1,1163.34,22917.71,40036.06,8,727,0
1008069,0,4868.58,23489.7,91955.49,6,553,0
1008070,0,8717.85,22010.49,45714.4,8,830,0
1008071,2,12414.61,40453.19,82893.64,10,468,0
1008072,2,1259.59,26528.21,61885.92,2,560,0
1008073,0,12453.69,5240.61,85421.7,5,749,0
1008074,3,2898.26,36788.67,90263.66,2,577,1
1008075,3,20664.29,32527.32,62845.27,5,654,1
1008076,2,14614.83,19931.2,15000.0,7,529,1
1008077,1,18401.03,18161.89,27896.72,9,427,1
1008078,1,9803.09,37851.92,49494.84,4,415,1
1008079,4,3282.31,27669.71,50560.12,6,797,0
1008080,3,500.0,17569.17,75112.41,9,764,0
1008081,5,8656.32,35116.15,109234.92,9,672,0
1008082,4,500.0,16109.84,82665.38,2,708,0
1008083,5,11310.67,17830.35,66482.3,6,604,1
1008084,2,11372.67,0.0,96546.85,6,642,0
1008085,4,3458.11,15748.01,65422.99,5,470,1
1008086,4,13718.23,52769.61,86612.39,0,450,0
1008087,4,8472.44,651.54,76784.75,5,616,0
1008088,5,9574.36,4150.47,30234.28,1,846,1
1008089,0,11156.85,31993.99,88859.73,8,814,0
1008090,0,3568.37,10810.21,104882.28,0,645,0
1008091,5,7528.2,31348.35,62357.98,1,666,0
1008092,3,2533.82,40639.26,84834.7,10,773,0
1008093,3,10506.13,16065.13,79762.38,3,611,0
1008094,0,3662.59,13229.53,63955.47,10,575,0
1008095,3,14721.92,33349.56,61791.45,1,677,0
1008096,1,13239.34,27209.07,89513.69,8,635,0
1008097,4,4381.22,38564.2,56426.71,7,651,1
1008098,0,7368.1,17959.27,58497.99,10,422,1
1008099,1,7341.62,25938.61,86493.64,4,684,0
1008100,4,14921.25,12558.83,88142.68,9,581,0
1008101,2,10460.59,6632.17,100945.09,9,496,0
1008102,0,9112.44,7776.49,57637.39,5,755,0
1008103,0,19665.53,8395.39,42486.33,3,473,1
1008104,1,8605.05,39675.85,91418.98,8,489,0
1008105,5,9122.56,31236.43,38436.78,10,413,1
1008106,2,7931.0,21552.62,61141.59,8,730,0
1008107,2,10079.25,18789.41,65043.7,3,776,0
1008108,2,2186.08,18322.58,104149.31,1,580,0
1008109,0,15381.58,35298.23,70051.09,10,409,0
1008110,1,2712.47,19998.79,45095.27,10,610,1
1008111,5,500.0,0.0,68941.66,9,521,0
1008112,0,12896.67,18421.13,96320.25,10,510,1
1008113,3,14475.16,0.0,33063.01,3,667,0
1008114,1,8422.15,14138.54,42937.82,4,724,0
1008115,4,4272.9,9986.82,90189.23,5,629,0
1008116,1,500.0,0.0,71953.2,3,555,0
1008117,4,12323.45,0.0,49016.57,0,807,0
1008118,0,3191.43,19733.94,65334.51,4,647,0
1008119,4,9793.64,26038.33,70943.56,6,502,0
1008120,3,5172.81,25519.99,46305.52,1,767,0
1008121,2,12428.98,9078.98,57973.81,7,458,1
1008122,3,4325.78,8554.78,98787.41,4,792,0
1008123,1,9811.63,21522.48,75944.6,5,479,0
1008124,3,5580.51,31454.08,92059.2,9,659,0
1008125,0,6321.77,31556.89,68797.9,4,628,0
1008126,3,3192.28,20708.81,58204.27,1,834,0
1008127,3,14093.56,8217.53,75697.43,5,537,0
1008128,4,500.0,27899.64,51060.91,2,454,1
1008129,0,11599.17,23643.33,76890.27,8,609,0
1008130,3,2720.96,13151.14,63329.94,4,547,0
1008131,2,5742.62,6876.98,63588.13,2,712,0
1008132,2,13102.75,13378.99,64078.66,3,435,1
1008133,5,809.5,33817.31,50370.42,9,550,1
1008134,4,13051.57,35650.22,97058.21,6,803,0
1008135,5,5369.59,15870.86,39126.54,7,702,0
1008136,5,12337.0,22233.33,73970.63,6,462,0
1008137,4,12253.18,39040.49,44027.88,4,416,1
1008138,3,13311.03,3160.06,87724.18,1,642,0
1008139,1,6017.66,13772.37,65045.36,10,649,0
1008140,2,9589.49,17085.43,73237.25,1,492,0
1008141,5,4517.71,24082.37,78995.45,6,809,0
1008142,1,8559.78,0.0,76747.41,2,419,1
1008143,0,5932.5,24980.75,73257.14,5,821,0
1008144,4,12151.94,1804.82,76897.71,10,410,1
1008145,5,22707.79,30593.59,76509.6,5,661,1
1008146,0,12885.95,18717.47,60280.55,8,840,0
1008147,4,2570.1,13772.06,63581.73,3,843,0
1008148,4,7735.4,30113.8,64679.65,2,831,0
1008149,5,7097.18,20130.54,55126.33,5,512,1
1008150,5,500.0,8341.04,58652.47,5,724,0
1008151,5,2314.15,30718.65,96064.0,1,539,1
1008152,0,10491.85,16366.6,40651.37,2,545,0
1008153,3,692.54,23283.17,103482.85,6,606,0
1008154,4,19164.32,35603.42,58972.56,6,597,1
1008155,1,500.0,2374.6,82036.92,3,633,0
1008156,4,7052.95,28305.94,69603.95,2,455,1
1008157,5,16621.49,30421.58,65909.96,7,771,0
1008158,5,10276.8,46407.4,80758.23,2,562,1
1008159,1,12623.24,0.0,103686.66,6,606,0
1008160,4,500.0,29486.7,67206.58,1,750,0
1008161,1,5709.71,46511.93,68899.85,10,429,1
1008162,5,500.0,24334.11,58749.89,9,678,0
1008163,3,4125.92,20309.95,110268.87,8,718,0
1008164,4,8752.7,15543.48,93094.6,8,782,0
1008165,0,3027.06,0.0,92078.35,0,506,0
1008166,0,12529.56,35834.3,70236.86,10,474,0
1008167,2,2415.67,4435.36,31621.64,1,798,0
1008168,3,8282.62,0.0,79208.32,5,635,1
1008169,0,5148.62,29221.65,33828.81,5,501,0
1008170,1,2488.26,32202.52,57016.71,7,778,0
1008171,2,1530.14,30177.41,88973.9,5,539,0
1008172,4,4631.36,29846.36,57920.0,3,529,0
1008173,5,14886.6,8082.23,55864.65,5,468,1
1008174,4,1074.46,18786.65,26948.63,4,707,0
1008175,5,9873.94,15327.83,83934.06,8,542,1
1008176,5,500.0,9098.97,77889.23,8,721,0
1008177,5,10948.25,24047.47,59805.62,10,674,0
1008178,5,3363.54,6846.4,76843.72,6,686,0
1008179,4,5488.5,17555.05,37287.82,0,526,0
1008180,3,9665.36,37161.95,50882.05,10,583,1
1008181,4,7141.36,18377.23,73447.51,6,429,1
1008182,5,9640.5,17632.4,87190.26,8,559,1
1008183,2,6830.24,29180.51,68923.84,3,667,0
1008184,2,8580.24,4526.37,44891.03,7,836,0
1008185,5,500.0,23588.46,59710.57,4,733,0
1008186,4,5203.63,33732.33,91845.98,8,470,0
1008187,0,5665.71,26805.63,57573.03,10,456,1
1008188,1,500.0,10407.17,74586.65,10,835,0
1008189,0,9340.52,29910.04,78190.15,0,595,0
1008190,5,8764.84,14431.08,58527.89,0,573,0
1008191,0,1698.67,29221.25,70001.99,2,438,1
1008192,0,6874.39,7508.89,33621.57,7,436,0
1008193,2,9486.37,6098.47,57936.06,5,415,1
1008194,2,4706.2,38347.55,70183.8,5,585,0
1008195,0,10067.02,17157.14,82186.72,8,573,0
1008196,2,10718.22,17240.45,95526.95,5,626,0
1008197,4,1393.15,3859.22,59933.51,10,534,0
1008198,4,11783.4,13256.46,78926.96,8,615,0
1008199,1,14708.31,37249.14,66950.32,10,795,0
1008200,4,3426.81,25608.18,53751.33,1,767,0
1008201,4,10752.84,19143.02,53887.79,10,413,1
1008202,5,500.0,0.0,68278.4,6,429,0
1008203,3,500.0,29355.32,69592.8,8,694,0
1008204,0,7219.25,24617.4,54447.4,3,589,0
1008205,4,1692.79,33514.01,124322.08,4,733,0
1008206,4,11703.3,14161.87,68893.57,7,432,1
1008207,4,16407.25,25973.17,82681.79,3,592,1
1008208,3,5726.45,12205.58,64093.31,9,794,0
1008209,4,3954.5,1674.51,125204.32,9,629,0
1008210,5,10505.08,0.0,24797.69,1,756,0
1008211,2,10762.28,28094.93,62333.04,8,517,1
1008212,2,10406.26,14996.98,73129.66,6,445,0
1008213,3,2604.3,18137.43,93217.06,7,519,1
1008214,4,10072.49,0.0,68324.91,9,718,0
1008215,1,8166.4,39578.53,49580.18,8,431,1
1008216,0,500.0,12158.07,100756.71,1,502,0
1008217,3,4506.54,0.0,82606.96,10,809,0
1008218,3,12072.89,2824.29,64202.54,5,635,1
1008219,0,4421.9,11706.91,64333.86,6,420,0
1008220,1,500.0,30824.33,64323.26,0,666,0
1008221,5,10384.63,24488.2,72502.86,2,468,0
1008222,3,11509.63,25067.46,35161.92,4,797,0
1008223,5,4539.15,10653.38,72023.21,0,728,0
1008224,4,6385.17,29225.92,57182.05,1,792,0
1008225,0,8603.5,18664.71,79015.98,2,610,0
1008226,0,2054.88,31803.42,75898.7,8,437,0
1008227,0,8215.48,9371.96,48314.01,7,634,0
1008228,5,14197.72,11344.15,96223.27,8,643,0
1008229,2,11056.48,8468.57,84391.73,4,538,1
1008230,1,7630.22,11239.72,51284.8,7,514,1
1008231,3,4939.42,8768.7,48285.08,2,479,1
1008232,3,19005.15,25235.1,55600.02,7,837,0
1008233,2,500.0,13586.45,76160.21,1,762,0
1008234,0,6449.6,94.14,94447.1,1,482,0
1008235,2,3335.44,13398.29,51278.8,0,462,0
1008236,2,2403.33,10559.0,53781.03,8,795,0
1008237,3,5953.47,0.0,79574.88,6,539,0
1008238,4,5556.17,20838.43,68227.81,1,542,0
1008239,2,14513.91,20658.14,68169.55,7,741,0
1008240,1,15739.24,18573.3,66823.05,6,469,1
1008241,2,13551.99,36738.0,62786.02,10,540,1
1008242,0,10361.77,296.79,104039.08,1,516,0
1008243,0,4924.25,26656.49,88679.18,8,829,0
1008244,1,4595.84,22128.31,62641.13,9,758,0
1008245,3,15560.75,6939.93,94204.57,1,485,1
1008246,3,10323.52,34584.95,106809.71,6,612,1
1008247,0,500.0,4535.55,78617.21,2,641,0
1008248,4,4588.32,21033.31,75324.62,10,489,1
1008249,5,500.0,26121.32,59451.17,10,646,0
1008250,1,7835.24,14753.45,71650.58,7,836,0
1008251,2,12407.45,10672.63,73600.93,3,629,0
1008252,2,14029.16,29939.41,95184.42,5,451,0
1008253,2,6732.25,33044.4,50380.04,5,751,0
1008254,5,7332.76,12820.91,36801.17,2,628,0
1008255,3,6112.9,34814.98,59172.2,8,428,0
1008256,4,500.0,23022.54,76521.18,4,535,1
1008257,5,4379.49,4825.93,29258.91,7,649,0
1008258,2,6352.59,28700.05,65151.28,1,591,0
1008259,1,8652.79,17808.23,53054.97,0,757,0
1008260,4,9768.3,13832.93,46803.04,6,702,0
1008261,2,6440.07,23913.37,71842.15,5,430,1
1008262,5,9698.53,23662.73,92270.95,10,751,0
1008263,5,500.0,9854.17,42080.69,5,650,0
1008264,2,7865.95,12574.33,73653.54,9,662,0
1008265,5,6809.71,27075.15,65774.66,5,603,0
1008266,4,16655.54,28360.42,82017.35,2,577,0
1008267,2,3973.06,40632.82,69229.01,1,587,1
1008268,4,13295.09,18879.49,56544.54,7,594,0
1008269,2,6550.79,21361.05,86740.64,10,646,0
1008270,4,8055.79,9906.53,77622.84,5,497,1
1008271,4,8844.1,43451.68,48641.55,5,684,1
1008272,5,11718.21,22532.57,29258.27,0,729,0
1008273,0,500.0,25163.47,54901.15,7,719,0
1008274,4,500.0,35227.6,73002.58,8,714,1
1008275,0,13821.3,28501.06,84368.03,8,805,0
1008276,4,11411.53,10387.64,57622.08,9,583,0
1008277,3,13578.17,15792.6,61292.68,2,698,1
1008278,2,5574.18,33589.72,32951.15,4,819,0
1008279,3,14155.03,23676.96,59844.44,0,850,0
1008280,5,500.0,13659.59,71186.7,9,624,0
1008281,3,500.0,16924.62,57248.44,6,702,1
1008282,5,500.0,32646.3,66865.95,9,719,0
1008283,4,13377.32,5162.14,49421.14,10,527,0
1008284,5,8079.51,17838.97,50930.47,8,649,0
1008285,5,9799.9,33296.82,74321.54,9,473,0
1008286,0,4603.29,32282.05,37987.47,0,660,1
1008287,2,2103.09,7141.12,69144.51,9,439,0
1008288,2,9695.25,18305.5,92446.95,5,539,0
1008289,1,1648.96,24048.78,57507.35,2,526,0
1008290,3,6162.77,22817.1,58968.93,5,727,0
1008291,5,7134.26,16869.5,52230.62,9,460,0
1008292,0,15585.18,12755.35,42930.44,2,686,0
1008293,1,13044.41,16411.22,57178.98,0,710,1
1008294,1,9025.19,21491.62,43412.32,8,530,0
1008295,5,8774.68,19975.41,64182.97,3,713,0
1008296,0,500.0,39810.34,57672.29,0,682,0
1008297,4,11635.16,24207.74,46104.37,9,679,1
1008298,1,9545.3,28731.98,69147.01,3,449,0
1008299,5,10357.37,27161.18,88313.24,1,577,0
1008300,5,6487.63,16027.93,84161.56,9,553,1
1008301,3,6500.72,30093.15,62893.89,8,613,0
1008302,3,10974.09,12922.19,67899.35,10,794,0
1008303,0,6132.64,32512.91,47604.44,8,522,1
1008304,4,3473.15,27756.9,63438.61,7,557,0
1008305,4,7893.75,13695.83,81337.39,9,814,0
1008306,0,7424.69,29878.63,83316.31,0,595,1
1008307,2,4145.5,14579.51,94946.18,9,415,1
1008308,2,500.0,29584.09,38295.78,7,729,0
1008309,1,13019.23,7563.01,99178.27,7,550,0
1008310,5,500.0,22412.84,75742.96,9,700,1
1008311,0,14400.2,35904.0,98914.87,1,661,0
1008312,3,7657.69,13116.99,68268.47,8,610,0
1008313,1,7191.2,0.0,92508.39,1,488,0
1008314,4,5949.72,10212.22,67665.68,5,806,0
1008315,0,5524.64,25749.28,47141.87,0,786,0
1008316,2,2835.94,18600.93,74414.49,4,561,0
1008317,0,5766.55,530.69,58115.76,3,620,0
1008318,1,3673.62,13205.06,67327.88,5,702,0
1008319,5,11178.25,13853.96,78436.37,3,572,0
1008320,4,500.0,0.0,83440.43,2,674,1
1008321,5,3387.72,14133.22,80966.4,10,435,1
1008322,1,3819.12,17591.34,87207.04,4,806,0
1008323,5,16159.99,13872.78,37350.37,9,532,0
1008324,4,10137.04,13724.88,91022.48,0,610,0
1008325,3,8865.5,35067.16,51593.39,1,669,0
1008326,3,13969.9,2272.79,69875.55,1,511,0
1008327,3,4080.68,12665.11,59971.4,5,532,1
1008328,4,2272.17,33005.47,45178.34,5,628,1
1008329,0,11187.96,21222.83,85575.12,8,428,1
1008330,5,5909.61,2737.25,47903.11,6,552,0
1008331,0,12391.74,24576.46,57069.06,4,664,0
1008332,0,18999.45,0.0,96933.09,6,470,0
1008333,4,8891.09,13318.53,23411.8,5,542,1
1008334,2,12749.63,26016.37,34673.85,0,834,0
1008335,3,6997.86,3165.89,86942.24,9,782,0
1008336,2,6515.27,27573.87,59872.8,7,492,1
1008337,3,8950.42,20185.83,83625.74,10,714,0
1008338,4,15840.35,19004.48,67824.42,6,670,0
1008339,4,8946.15,50622.68,58491.52,1,727,0
1008340,4,15077.77,28864.42,81912.25,0,506,0
1008341,4,6933.46,21079.24,54137.49,9,802,1
1008342,4,4345.45,0.0,57141.31,4,634,0
1008343,4,4891.4,716.25,72678.73,4,766,0
1008344,4,9316.14,14458.92,46318.48,9,745,0
1008345,0,6350.01,20041.07,39575.08,0,553,1
1008346,5,3847.55,26881.93,35259.52,8,410,1
1008347,3,8795.76,7731.71,86608.67,3,660,0
1008348,2,6552.42,13792.05,106284.32,3,572,1
1008349,5,13538.02,25441.71,91540.88,9,522,1
1008350,1,4001.19,1208.5,55449.55,9,467,0
1008351,4,15665.17,18204.4,57844.99,2,497,1
1008352,1,12882.02,30821.87,48442.95,1,750,0
1008353,5,13831.64,14881.89,68069.0,1,499,1
1008354,5,11651.24,21762.55,88725.59,8,740,0
1008355,3,16531.67,20729.67,66676.22,10,457,1
1008356,5,8835.38,24975.03,67714.75,7,809,0
1008357,3,4895.84,24706.44,15000.0,4,513,1
1008358,2,500.0,17544.1,74222.71,3,767,1
1008359,0,12668.98,14735.33,44325.94,10,507,1
1008360,2,13008.58,15733.67,63170.91,9,500,0
1008361,3,10082.94,26433.04,75363.04,3,705,0
1008362,0,7474.05,8845.64,70599.67,5,451,0
1008363,3,11110.63,35574.62,82967.13,0,519,1
1008364,2,9875.17,0.0,98760.23,2,680,0
1008365,5,2795.34,26254.58,22989.38,10,428,1
1008366,1,14767.48,39960.91,37411.46,6,528,1
1008367,5,7535.07,21018.58,101206.58,3,594,1
1008368,4,6876.78,27337.63,78019.98,1,675,0
1008369,0,9852.33,24179.13,54122.56,10,497,0
1008370,4,16732.23,53002.89,63163.02,2,655,0
1008371,0,5047.99,31224.3,68644.79,7,713,0
1008372,2,7076.75,37882.34,89447.58,6,568,0
1008373,2,5600.73,13167.82,62073.29,9,506,0
1008374,0,3069.29,20841.45,68449.59,7,520,0
1008375,4,500.0,14401.43,41929.43,3,654,0
1008376,4,11336.56,15744.1,97832.19,4,409,1
1008377,0,4567.04,12036.66,77640.69,7,485,1
1008378,2,10058.6,21396.6,59242.62,6,457,1
1008379,4,16415.92,9006.39,41939.79,8,621,0
1008380,4,8719.73,29689.05,68225.6,3,769,0
1008381,3,8055.71,21385.86,86220.43,7,792,0
1008382,3,4193.87,27985.26,114697.81,7,700,0
1008383,5,8443.02,11662.71,106969.69,10,542,0
1008384,3,1667.36,25067.03,61304.49,5,428,1
1008385,2,500.0,49848.07,60471.22,9,641,0
1008386,2,3343.67,31221.0,49362.3,9,495,0
1008387,2,7903.01,27612.01,78083.74,6,602,0
1008388,0,5567.29,30737.31,53780.9,9,673,0
1008389,0,6579.06,35623.78,80447.68,10,439,1
1008390,5,3855.38,36761.73,75428.18,7,449,0
1008391,3,3097.58,14064.29,77325.67,7,417,1
1008392,5,10718.55,15585.85,49536.13,9,813,0
1008393,4,12329.89,23867.99,92038.18,10,781,0
1008394,4,13152.33,38548.4,65066.54,3,492,1
1008395,3,11648.99,31430.12,44790.42,1,558,1
1008396,2,7285.38,15137.99,68320.12,7,675,0
1008397,3,500.0,27641.73,72615.97,3,711,0
1008398,4,6757.12,27033.26,70315.33,7,580,0
1008399,5,12411.66,15697.04,88018.05,1,590,0
1008400,1,500.0,13054.12,93225.68,10,722,0
1008401,4,500.0,0.0,114755.95,0,779,0
1008402,5,8257.24,2872.62,67309.34,8,466,1
1008403,1,4638.06,8584.57,93533.89,7,494,0
1008404,3,4374.71,40532.86,17389.72,0,739,1
1008405,5,12563.69,22481.31,106869.71,10,622,1
1008406,3,8447.74,32901.73,68810.29,7,489,0
1008407,4,5433.31,23390.64,94718.24,6,650,0
1008408,0,4099.6,18276.78,64595.86,8,431,0
1008409,1,4139.5,39255.17,80168.26,10,759,0
1008410,0,11866.74,18906.97,81879.95,2,561,0
1008411,1,7588.1,30180.87,57129.98,9,421,1
1008412,1,13795.96,23690.77,57883.91,2,821,0
1008413,4,500.0,12482.88,15000.0,6,568,0
1008414,0,11001.78,14412.37,80531.86,7,764,0
1008415,3,7560.56,27610.14,66230.32,4,618,0
1008416,0,7567.89,15734.75,64854.82,4,426,0
1008417,3,11415.12,35450.85,93893.14,2,668,0
1008418,3,2223.34,16043.82,76392.23,7,447,1
1008419,0,6452.62,28106.79,74083.69,10,470,0
1008420,0,7162.77,20966.67,31463.35,10,828,0
1008421,4,10839.62,19058.85,72541.52,10,648,0
1008422,5,7948.99,25894.67,63544.95,6,520,1
1008423,5,7600.37,16556.46,89104.48,9,715,0
1008424,3,500.0,12437.06,59454.22,8,663,0
1008425,2,6197.18,12727.84,44863.78,3,732,0
1008426,4,6942.57,22719.76,64791.26,2,703,0
1008427,1,9885.44,22465.8,106470.54,8,507,1
1008428,3,500.0,34371.89,51956.52,3,582,1
1008429,5,9841.49,24306.0,95216.13,5,603,1
1008430,1,12618.95,30286.26,66025.44,7,485,0
1008431,5,10677.33,31243.02,28738.09,9,539,1
1008432,4,9267.05,18437.62,81899.72,4,686,0
1008433,0,9011.5,33238.16,116737.59,6,579,0
1008434,5,6145.11,13616.13,78567.57,8,556,0
1008435,3,500.0,0.0,48004.66,0,568,1
1008436,5,4786.02,0.0,65074.32,10,483,1
1008437,2,8312.94,17850.44,51715.96,3,826,0
1008438,1,4170.63,33270.08,127072.66,0,708,0
1008439,1,10858.28,14873.33,80609.14,2,413,0
1008440,4,10860.86,0.0,21855.75,5,758,0
1008441,3,500.0,36643.65,86036.43,3,827,0
1008442,1,10453.63,36348.58,78521.23,2,771,0
1008443,4,16607.62,10304.15,48886.48,3,422,1
1008444,0,3316.32,24921.4,57180.0,5,509,1
1008445,2,10276.27,36502.69,68014.2,0,442,1
1008446,2,12498.04,11630.79,104122.21,2,412,1
1008447,1,1513.25,11612.48,58861.21,5,499,0
1008448,3,9236.57,23581.92,54223.11,2,823,0
1008449,5,12160.05,29934.89,88729.3,10,535,0
1008450,1,4758.82,19359.94,56680.04,10,660,0
1008451,3,10096.09,24951.14,48492.8,6,787,0
1008452,0,9293.88,24252.88,66694.67,9,830,0
1008453,1,12312.18,25429.3,86017.72,2,780,0
1008454,5,3447.55,25072.72,72424.95,10,431,1
1008455,0,10640.66,9178.1,61947.42,10,821,0
1008456,0,17379.75,0.0,98365.08,1,648,0
1008457,2,500.0,14202.41,97441.93,9,580,1
1008458,4,11087.08,10479.49,37249.6,7,708,0
1008459,5,17254.52,0.0,46177.54,9,415,0
1008460,4,10873.72,36343.31,50912.6,9,670,1
1008461,4,11423.29,11340.63,65074.77,1,685,0
1008462,2,11054.44,30910.99,72840.27,10,464,1
1008463,1,3947.06,10418.13,67883.35,7,806,0
1008464,3,500.0,23250.07,70924.97,5,455,0
1008465,3,3021.45,23623.12,78506.8,3,455,1
1008466,1,7566.71,23926.27,43635.31,6,596,0
1008467,0,9822.38,17697.73,25574.25,8,774,0
1008468,3,4805.04,16689.13,75406.38,8,588,0
1008469,5,12684.75,19171.87,94514.32,4,408,1
1008470,4,13456.78,53017.32,73384.68,7,660,0
1008471,5,5238.97,36202.69,61186.1,2,732,0
1008472,5,6612.65,10785.35,80755.63,5,587,0
1008473,1,500.0,17876.63,63002.73,10,626,0
1008474,4,7023.6,5588.02,43362.47,4,817,0
1008475,2,8398.01,39970.47,61867.63,9,810,1
1008476,4,18601.02,29742.29,84883.84,3,636,0
1008477,1,4782.38,17596.52,76072.52,7,795,0
1008478,0,14725.4,6376.52,83285.07,2,489,1
1008479,1,12116.66,7916.15,59564.67,5,428,0
1008480,0,10762.34,14928.17,80749.24,1,698,0
1008481,4,12151.14,14328.79,98260.35,6,628,0
1008482,5,12883.5,15728.76,63016.1,8,511,0
1008483,2,8421.47,17301.14,59718.39,7,515,0
1008484,2,13142.54,5457.42,94342.5,6,563,0
1008485,0,500.0,22274.11,71682.32,4,602,0
1008486,4,8709.4,19043.65,46203.12,7,722,0
1008487,1,9082.43,27513.66,61328.89,4,437,1
1008488,0,16105.85,3686.26,96016.44,8,516,0
1008489,3,11391.53,28789.61,76986.17,2,567,0
1008490,0,6542.16,32431.67,107104.49,5,771,0
1008491,4,5240.53,24027.25,82512.44,6,588,0
1008492,1,4541.59,9909.34,74936.92,9,566,0
1008493,0,13311.57,9811.51,90911.96,3,409,1
1008494,5,4814.21,18509.11,57558.0,10,824,0
1008495,3,7966.06,23566.0,91199.42,4,618,1
1008496,1,500.0,25636.81,68081.03,5,747,0
1008497,3,3474.36,20464.1,64802.75,3,804,0
1008498,2,4283.53,0.0,77775.86,5,463,0
1008499,3,16302.72,16140.42,60517.49,10,434,0
1008500,4,8332.03,19293.76,47307.9,4,422,1
1008501,3,4246.85,13242.98,51905.37,5,826,0
1008502,3,7040.45,24456.24,80265.68,10,573,0
1008503,4,20720.1,32942.86,75865.94,1,624,1
1008504,4,7166.93,5549.33,71547.6,1,438,1
1008505,2,13369.46,25691.21,84327.0,1,501,0
1008506,3,3502.26,9681.52,52087.23,2,507,0
1008507,5,6272.12,8537.82,61725.78,8,837,0
1008508,3,4811.9,16247.69,102499.98,4,736,0
1008509,2,5014.27,42096.02,50923.51,10,617,1
1008510,3,17133.77,26659.95,95531.59,4,664,0
1008511,0,5330.72,17048.89,64607.09,2,601,0
1008512,5,11367.18,33624.69,80477.19,4,429,1
1008513,3,3143.74,20720.76,74712.99,6,574,0
1008514,0,5110.75,25130.97,64900.3,10,741,0
1008515,2,6483.08,7125.06,72234.05,5,798,0
1008516,3,10728.4,7461.16,89138.11,6,767,0
1008517,3,7744.58,1765.27,56063.74,4,465,0
1008518,5,1715.59,30508.69,51043.47,6,773,0
1008519,2,4344.66,2684.11,87206.08,7,501,0
1008520,2,8233.99,36379.73,62103.92,9,412,0
1008521,2,3105.66,2906.89,66621.57,8,533,0
1008522,4,11773.12,19272.28,66304.16,1,572,0
1008523,3,1512.64,21958.89,61556.67,9,435,0
1008524,3,960.86,5353.33,34065.66,9,681,0
1008525,4,9316.3,0.0,68102.25,2,781,0
1008526,5,17430.59,12934.87,60798.83,9,791,0
1008527,1,18655.76,38628.95,43119.18,6,624,1
1008528,4,15086.64,36488.59,58826.09,4,525,1
1008529,4,4613.54,3669.65,74737.83,1,674,0
1008530,3,11249.03,19875.24,104523.44,4,520,0
1008531,1,500.0,16681.81,59229.14,2,800,0
1008532,4,4307.38,33161.42,96732.48,0,599,0
1008533,4,20997.03,23881.41,60976.76,3,627,0
1008534,1,11640.6,8750.28,79289.1,7,663,0
1008535,1,9429.52,46761.37,64972.95,6,530,1
1008536,2,8199.65,29120.02,84953.93,3,850,0
1008537,0,9976.56,9815.47,72836.37,5,643,0
1008538,4,8814.5,34042.47,62281.47,9,410,1
1008539,0,500.0,29766.76,39349.71,0,629,1
1008540,1,20178.44,34633.1,89754.5,3,578,0
1008541,3,8298.6,5725.22,40169.82,5,540,0
1008542,0,6428.33,21843.18,57983.53,7,469,1
1008543,1,4397.8,11543.14,105295.95,1,510,1
1008544,0,3523.8,17707.15,74872.75,4,672,0
1008545,3,8336.29,17230.7,71786.66,1,566,0
1008546,0,9870.55,24701.04,72625.28,4,659,0
1008547,1,1869.66,7619.96,74998.27,9,733,0
1008548,0,7662.39,32151.32,63315.55,9,601,1
1008549,2,1996.95,14533.59,76922.27,7,481,1
1008550,3,18004.19,24645.4,66902.88,2,698,0
1008551,5,14537.09,18518.16,63524.75,2,849,0
1008552,4,5157.28,23348.76,79481.15,4,771,0
1008553,5,8595.15,28892.24,82742.33,8,512,0
1008554,1,9715.46,15395.29,77160.04,9,776,0
1008555,0,2466.07,30408.52,89056.17,10,528,0
1008556,2,15039.0,14631.43,107329.44,10,457,1
1008557,5,10500.04,24554.32,104369.01,9,462,1
1008558,3,2260.16,18436.33,72248.74,7,753,0
1008559,3,5502.46,11463.35,48503.05,1,581,0
1008560,2,7162.71,0.0,93006.74,1,813,0
1008561,4,4042.11,9784.99,72554.6,7,572,0
1008562,1,2585.61,11621.24,85647.22,9,434,1
1008563,5,3311.62,13740.87,63272.66,4,710,0
1008564,5,500.0,35026.51,87322.64,0,668,0
1008565,1,14015.84,7734.31,48276.0,4,804,0
1008566,1,8529.18,26928.03,73761.61,9,834,0
1008567,2,500.0,51473.54,43692.64,2,517,1
1008568,4,3472.04,8668.23,110475.29,9,517,0
1008569,5,7818.14,24948.54,65368.74,1,766,0
1008570,3,9584.97,28659.13,28970.34,1,575,1
1008571,3,13130.36,20257.28,95802.41,10,544,1
1008572,2,9246.86,21861.58,89806.93,5,475,1
1008573,5,14948.21,28000.82,97755.88,5,588,0
1008574,0,12197.37,49223.98,48271.78,3,553,0
1008575,5,9837.09,11480.19,78084.3,1,464,1
1008576,0,6538.87,26056.72,96722.67,10,484,0
1008577,5,19431.56,22204.18,67063.13,5,803,0
1008578,1,10903.2,45435.72,78387.55,6,461,1
1008579,3,8098.02,38534.94,66451.11,5,573,0
1008580,0,9240.02,43553.58,64637.39,1,580,0
1008581,0,10519.43,26884.6,97963.11,1,718,0
1008582,5,12046.45,24831.82,55450.2,8,595,0
1008583,5,9021.55,20633.21,71493.2,8,419,0
1008584,1,500.0,15696.67,82191.68,8,674,0
1008585,1,10392.91,10696.31,71646.1,6,716,0
1008586,1,1099.7,24418.67,87451.06,7,649,0
1008587,0,11481.34,29362.47,31672.1,7,508,1
1008588,0,13121.13,23917.86,93371.62,7,830,0
1008589,2,10021.01,1390.49,47456.5,9,608,0
1008590,1,8741.16,26425.65,66605.28,1,696,0
1008591,1,5169.76,53230.46,64064.91,9,706,0
1008592,1,3453.12,19194.44,80131.31,6,487,0
1008593,0,500.0,7307.34,67188.96,10,483,0
1008594,1,11237.35,35737.26,62451.59,7,451,1
1008595,3,12691.51,8028.13,84439.85,7,641,0
1008596,4,5243.35,21641.14,111526.45,4,578,1
1008597,5,11803.63,23575.88,58848.51,10,778,0
1008598,1,11100.47,13627.88,57794.65,9,766,0
1008599,1,8249.56,8933.02,59326.81,10,480,1
1008600,2,500.0,23526.95,46751.89,1,695,0
1008601,2,10610.53,6276.09,46812.56,2,615,0
1008602,1,7811.43,24655.01,61452.95,2,436,1
1008603,3,17666.56,25897.05,84819.83,4,489,0
1008604,1,9783.17,6543.01,60749.48,6,769,0
1008605,1,5372.21,28760.18,54510.1,5,471,1
1008606,3,16330.49,4865.57,68596.35,4,600,1
1008607,2,8194.73,22846.3,55062.8,5,625,1
1008608,1,6117.39,11229.43,124012.92,10,759,0
1008609,5,5987.64,5480.49,101017.14,1,610,0
1008610,0,7904.14,13930.57,71288.9,8,647,0
1008611,0,9828.33,21883.84,37404.08,4,693,0
1008612,2,5835.05,28605.18,59607.44,8,567,0
1008613,3,6964.24,27358.23,52685.55,8,788,0
1008614,4,3593.76,9644.03,53268.13,5,701,0
1008615,1,3494.68,18706.97,27799.49,5,721,0
1008616,4,8315.31,0.0,60292.2,8,821,0
1008617,4,5761.8,29745.73,58843.83,7,556,0
1008618,0,9430.84,19893.0,57279.42,10,730,0
1008619,1,6209.55,18092.78,45180.1,7,623,0
1008620,4,2345.48,16590.03,77645.58,0,572,1
1008621,4,5404.22,0.0,53603.62,6,706,0
1008622,5,8680.29,23632.68,26067.63,4,474,1
1008623,2,14849.21,21680.46,50170.73,0,779,0
1008624,1,8307.89,18930.73,86153.16,7,819,0
1008625,5,2346.25,32273.27,93891.52,4,710,0
1008626,3,8345.55,18179.37,48057.46,5,578,0
1008627,2,500.0,13598.67,67029.28,8,630,0
1008628,3,10499.36,33548.61,81209.78,10,537,0
1008629,2,500.0,17122.99,88295.9,4,467,0
1008630,1,15613.4,9635.15,61123.98,4,794,0
1008631,0,10397.73,0.0,75950.85,10,792,0
1008632,5,10919.48,14436.26,61707.67,3,681,0
1008633,1,10689.25,14846.02,34732.24,10,532,0
1008634,5,4876.52,6742.82,88189.11,7,844,0
1008635,2,10205.02,25327.06,68842.56,5,587,1
1008636,2,13783.79,74.26,78389.13,10,658,0
1008637,5,9574.56,18652.0,66063.92,10,799,0
1008638,3,4839.8,20394.24,52924.44,10,426,0
1008639,3,14163.0,31817.05,60514.98,2,499,1
1008640,0,12623.39,19685.18,76731.8,10,730,0
1008641,4,6665.83,16484.6,45183.05,5,812,0
1008642,2,15967.16,32066.62,100354.95,0,790,0
1008643,5,13118.36,36519.37,114833.97,10,509,1
1008644,4,9066.08,22852.84,25472.05,8,757,0
1008645,0,1035.64,9573.99,88138.64,0,446,1
1008646,3,13341.9,25787.46,61571.14,0,669,0
1008647,1,2274.65,6060.85,82110.76,5,635,0
1008648,3,9241.36,35339.41,73808.46,10,788,0
1008649,4,500.0,22960.5,66523.28,4,760,0
1008650,4,1380.86,8970.08,87822.22,9,425,1
1008651,4,10068.34,42180.04,72017.18,4,586,1
1008652,1,500.0,2907.0,99290.69,9,441,0
1008653,3,11030.59,32368.62,76596.74,4,781,0
1008654,2,18029.03,15785.62,41971.6,9,415,1
1008655,2,10126.93,13836.09,67022.82,6,583,0
1008656,3,6302.18,1527.97,70318.64,6,702,0
1008657,2,2961.74,0.0,59058.38,10,769,0
1008658,4,4267.06,22648.55,46268.32,9,808,0
1008659,0,12867.29,8035.44,108750.7,0,457,0
1008660,5,8871.55,32361.42,68901.11,1,522,1
1008661,0,6966.02,19372.29,69701.56,1,533,1
1008662,2,14912.14,23976.27,38478.89,4,529,1
1008663,2,7906.82,42783.78,81267.05,7,462,1
1008664,2,6385.46,0.0,68067.52,2,733,0
1008665,0,1659.83,21351.82,91819.18,5,735,0
1008666,3,12240.2,14681.07,103541.32,9,612,0
1008667,1,1625.11,27977.83,57756.69,7,616,0
1008668,3,8624.96,17841.06,56216.43,8,753,0
1008669,4,6954.97,13455.57,93133.46,9,698,1
1008670,0,13055.98,10158.82,91552.1,9,478,0
1008671,4,16015.94,17177.75,76587.04,9,513,0
1008672,5,17255.54,2558.02,84694.56,5,633,0
1008673,4,8066.42,27445.86,64321.81,3,733,0
1008674,4,3282.64,0.0,69993.21,5,843,0
1008675,3,500.0,25989.76,70426.85,2,847,0
1008676,2,19064.75,25803.62,28692.88,6,634,0
1008677,5,12434.98,20607.24,84932.52,6,443,1
1008678,3,6682.37,15874.73,85747.96,1,665,0
1008679,1,13840.82,30966.82,52424.22,0,549,1
1008680,4,4340.05,28837.76,59803.99,4,497,1
1008681,3,11407.37,29382.91,76339.73,6,793,0
1008682,5,4541.01,14761.51,84584.68,5,782,0
1008683,2,2000.08,25065.53,70758.04,6,785,0
1008684,1,6855.52,18565.75,61521.79,4,423,0
1008685,5,7934.9,13827.45,78712.63,5,794,0
1008686,5,13427.79,32665.02,72906.11,9,800,0
1008687,2,6739.7,3616.42,51037.98,9,508,0
1008688,0,17546.78,16568.51,64186.52,2,652,0
1008689,1,8214.39,4292.01,63249.01,0,657,0
1008690,1,8079.4,0.0,83475.89,10,616,0
1008691,4,1543.26,34596.57,44834.6,0,446,1
1008692,3,8176.38,27907.71,54713.77,3,457,1
1008693,4,12515.43,23237.77,62860.63,10,598,0
1008694,0,4593.45,5625.1,70989.39,8,527,0
1008695,4,6636.23,19513.2,116800.7,9,663,0
1008696,2,6168.3,28287.91,67037.15,3,671,0
1008697,4,12453.05,0.0,91043.36,0,522,1
1008698,3,16380.45,27984.97,85645.01,2,593,1
1008699,1,5324.94,24542.3,95671.89,7,595,0
1008700,4,9748.82,41430.45,104261.08,1,836,0
1008701,3,9073.54,8536.3,81694.12,6,570,0
1008702,5,500.0,41862.91,51607.92,2,642,1
1008703,3,12715.95,20788.95,63550.32,1,445,1
1008704,5,6391.31,24242.54,99752.67,4,575,1
1008705,5,9328.36,30086.76,112493.44,4,438,1
1008706,4,2935.27,47415.54,95450.18,0,442,1
1008707,2,11678.46,31935.67,117365.64,6,754,0
1008708,5,500.0,42166.85,83953.73,4,418,0
1008709,1,12782.33,20718.06,54221.57,6,409,1
1008710,5,15420.25,28407.32,72444.19,4,797,0
1008711,1,7787.76,30567.11,76261.61,2,844,0
1008712,1,2006.96,4020.6,88573.98,5,485,0
1008713,3,14955.58,22814.25,87293.89,0,805,0
1008714,1,6200.48,22537.47,53344.74,0,772,0
1008715,5,4968.54,26971.61,93566.75,0,845,0
1008716,2,19585.11,39453.64,59512.98,6,589,0
1008717,4,3320.65,28149.39,75956.9,2,756,0
1008718,5,5365.24,23538.43,83278.01,9,442,0
1008719,4,7422.41,21339.9,84217.58,3,409,0
1008720,0,8320.3,20927.68,80653.51,7,423,0
1008721,2,2119.66,3665.73,59881.34,2,459,0
1008722,3,17518.93,17461.89,67910.86,3,806,0
1008723,2,500.0,9415.94,88799.95,3,549,0
1008724,4,4575.79,3736.55,61507.62,0,565,0
1008725,5,9087.52,32108.64,47522.37,1,488,1
1008726,2,9399.29,8798.21,20667.02,3,632,1
1008727,2,3883.37,7629.41,70779.25,4,434,1
1008728,4,2705.33,133.05,52791.9,4,508,0
1008729,0,6810.8,33734.04,70463.1,3,814,0
1008730,3,3258.42,36892.29,49495.95,0,805,0
1008731,4,8627.93,24652.89,61786.83,3,811,0
1008732,1,1817.63,16141.13,63102.54,0,559,0
1008733,1,5607.17,26134.08,88949.66,4,747,0
1008734,2,13278.32,26186.0,53128.94,5,446,1
1008735,2,9470.19,21041.79,46991.21,9,520,0
1008736,3,13633.65,23128.48,72498.32,0,537,0
1008737,3,13902.29,0.0,86465.22,8,785,0
1008738,4,12132.8,21662.17,52420.97,2,775,0
1008739,4,7945.29,14789.92,80288.79,1,770,0
1008740,3,8001.19,17427.66,70530.65,10,567,0
1008741,0,3125.89,18613.17,80078.47,1,551,0
1008742,5,18991.97,3277.98,33771.49,2,781,0
1008743,3,16768.87,22968.19,72096.9,6,464,0
1008744,3,500.0,27419.87,65239.33,0,618,0
1008745,0,15413.71,0.0,74305.15,0,468,0
1008746,0,3860.81,1551.0,56875.21,5,669,0
1008747,3,2287.23,37125.0,67890.5,8,589,1
1008748,1,6063.38,1928.76,27331.35,2,703,0
1008749,3,4513.55,28460.8,69818.54,4,776,0
1008750,5,4613.01,30299.91,96938.63,9,501,0
1008751,3,1555.99,42118.84,74007.7,10,441,0
1008752,5,18183.15,16159.95,71556.93,6,448,1
1008753,2,11785.38,10741.3,76926.53,4,598,0
1008754,0,15943.82,11243.86,97910.23,4,752,0
1008755,3,8800.47,10904.06,56829.1,5,565,0
1008756,3,5938.96,0.0,41240.37,9,753,0
1008757,5,8726.28,6352.55,48310.38,0,803,0
1008758,3,500.0,13278.22,56896.56,4,837,0
1008759,2,500.0,14167.64,71968.41,1,475,1
1008760,1,500.0,28541.33,86306.24,5,680,0
1008761,2,5055.61,28420.55,55641.05,1,698,0
1008762,2,18235.3,20251.83,50124.21,4,647,1
1008763,0,9866.59,0.0,87641.76,10,551,0
1008764,0,12044.76,26491.0,91190.28,1,584,0
1008765,2,13368.24,16173.08,54892.69,10,694,0
1008766,3,8454.91,0.0,85029.26,0,626,0
1008767,0,6083.07,13128.77,66444.68,7,772,0
1008768,4,500.0,10100.68,60414.32,8,492,0
1008769,5,4758.41,19498.52,67492.01,6,773,0
1008770,3,4474.41,23609.08,53109.46,8,681,0
1008771,2,6217.85,38958.1,36425.56,8,782,0
1008772,1,11377.02,11424.57,42034.83,3,415,1
1008773,5,3856.59,21304.71,55038.25,4,537,0
1008774,0,11482.16,6919.69,75811.6,3,824,0
1008775,0,10260.35,12671.54,77699.77,10,530,0
1008776,2,11785.33,3548.42,86850.31,8,605,0
1008777,3,4669.47,18639.19,54288.6,2,462,1
1008778,5,19446.63,25983.46,69298.15,0,803,0
1008779,3,8545.4,15554.67,41360.9,10,521,0
1008780,2,5920.06,36192.74,50412.59,0,821,1
1008781,3,16430.01,18716.37,90128.09,0,460,1
1008782,1,14718.87,29869.98,67157.58,3,779,0
1008783,4,10817.78,15989.03,107056.59,6,755,0
1008784,3,8354.55,19148.12,83289.7,8,417,0
1008785,0,7055.21,39958.11,60475.1,6,428,0
1008786,3,8731.67,8386.8,56030.0,8,678,0
1008787,4,12640.18,27645.01,28826.27,8,492,1
1008788,2,6023.39,0.0,95745.63,3,834,0
1008789,0,14391.68,16700.5,89456.04,1,758,0
1008790,4,5458.36,30393.89,140983.46,0,671,0
1008791,1,10739.19,45778.03,110866.86,3,748,1
1008792,0,12040.93,29743.04,76418.01,3,411,1
1008793,5,7284.12,22128.82,49152.24,10,839,0
1008794,5,11829.2,16449.72,34800.75,8,804,0
1008795,3,10898.01,15629.83,62209.81,2,577,0
1008796,3,4365.61,20543.47,69244.93,4,749,0
1008797,5,4326.78,20698.4,40658.25,3,427,0
1008798,5,8520.13,34835.21,83637.76,9,541,1
1008799,5,15581.25,9564.69,89111.93,6,766,0
1008800,0,17448.75,9059.05,50335.0,1,470,1
1008801,2,3704.25,32677.86,64785.6,10,534,0
1008802,3,9427.13,27500.79,41858.46,0,700,0
1008803,1,14448.93,14664.22,89923.92,3,750,0
1008804,4,9012.19,17390.69,52039.54,5,766,0
1008805,1,14873.77,26267.34,47230.5,1,416,1
1008806,2,6367.25,16564.61,30670.12,0,596,1
1008807,0,4576.2,11357.58,49383.03,1,423,1
1008808,1,6303.17,21393.7,35260.04,5,595,0
1008809,4,6748.76,28335.16,90853.87,10,672,1
1008810,2,8615.11,8591.68,82352.25,0,521,1
1008811,4,500.0,14543.91,45248.29,2,711,0
1008812,1,2274.1,26538.05,51966.06,2,526,0
1008813,0,7403.33,0.0,68193.51,8,656,0
1008814,1,5865.43,16411.02,71893.78,0,679,0
1008815,2,16705.13,30435.21,48554.51,0,643,0
1008816,4,8182.99,9264.47,96598.87,6,414,0
1008817,4,5772.78,27138.38,82372.73,4,672,0
1008818,4,10639.97,48023.64,109983.38,3,561,0
1008819,3,16614.43,27795.39,15000.0,6,466,1
1008820,0,500.0,8440.16,38083.68,7,695,0
1008821,2,6626.38,47083.74,84077.07,8,436,0
1008822,4,6308.05,29253.23,74133.95,6,491,1
1008823,5,7645.18,32339.9,64037.16,6,562,1
1008824,1,13695.64,24254.9,46609.28,8,482,1
1008825,2,9637.87,10678.53,79786.09,4,650,0
1008826,0,11391.64,18491.05,59389.45,3,732,0
1008827,1,12481.48,17309.6,96904.29,1,518,0
1008828,4,5492.29,41375.54,91863.25,9,832,0
1008829,2,1536.27,34655.14,88105.71,4,487,1
1008830,5,6760.51,16372.47,32794.53,3,794,0
1008831,2,7360.61,23012.38,76174.75,5,605,0
1008832,3,5573.89,26880.26,104977.86,3,746,0
1008833,2,5674.95,35230.64,106653.09,3,589,0
1008834,5,6797.88,30726.98,94769.13,0,796,0
1008835,2,8943.14,6343.44,92666.38,1,527,0
1008836,3,10095.74,34168.31,54445.24,10,422,1
1008837,0,13408.47,5845.21,99260.61,9,818,0
1008838,0,9284.12,14354.45,107560.73,5,685,0
1008839,3,6661.45,1833.79,78400.01,2,825,0
1008840,5,7111.95,15444.7,80193.04,0,526,1
1008841,3,8023.11,28672.98,66953.75,4,428,1
1008842,2,7998.01,20498.83,73676.62,3,602,0
1008843,4,9622.31,32631.38,63729.64,5,620,0
1008844,4,12882.07,31931.58,79459.0,10,638,0
1008845,1,4841.47,17396.82,66407.77,1,513,0
1008846,1,11957.09,13487.92,39339.97,6,792,0
1008847,0,500.0,35554.29,57440.86,8,556,1
1008848,3,10988.43,28317.3,78093.23,7,610,0
1008849,4,13055.45,32177.67,74069.2,1,420,1
1008850,4,3410.39,34735.33,99140.16,4,605,1
1008851,2,13219.87,16474.11,89218.67,9,443,1
1008852,4,9131.31,11831.49,95907.96,5,644,0
1008853,3,8707.24,22371.03,68897.83,0,422,1
1008854,1,8760.5,13896.61,91407.58,6,539,0
1008855,1,10855.65,12032.03,55665.33,0,463,1
1008856,1,2421.38,9281.6,56368.02,3,446,0
1008857,2,8632.37,18428.46,87842.8,5,695,0
1008858,2,1884.31,16098.73,74734.05,9,846,0
1008859,1,4953.1,25082.41,53969.28,5,442,1
1008860,3,10517.27,26936.09,89050.08,8,621,1
1008861,2,500.0,34766.63,99170.57,5,800,0
1008862,3,11890.1,23660.08,85335.58,3,811,0
1008863,3,10819.45,22646.2,96296.34,10,763,0
1008864,0,3578.52,25736.21,88551.26,6,412,0
1008865,1,4598.5,21923.66,88464.41,8,527,0
1008866,1,4794.53,24396.77,53723.92,3,415,1
1008867,1,7335.66,13192.73,32356.04,9,714,0
1008868,5,15059.23,21512.19,62999.53,3,582,1
1008869,2,17829.2,4455.43,15000.0,8,829,0
1008870,2,6280.36,32789.68,58656.29,1,508,0
1008871,4,4481.82,22282.87,47360.72,9,459,0
1008872,2,4734.77,25628.04,72113.01,4,583,0
1008873,2,8204.31,3416.34,55442.6,8,656,0
1008874,4,7551.7,8423.12,69774.26,7,601,0
1008875,0,10940.17,12551.45,51762.09,9,614,0
1008876,0,16602.86,0.0,64612.79,9,628,0
1008877,3,2442.95,31916.88,99794.3,8,545,0
1008878,1,8781.29,27125.52,49000.01,5,443,1
1008879,2,500.0,20084.46,34662.18,2,535,1
1008880,1,5074.1,32526.69,98132.31,9,623,0
1008881,5,4982.44,0.0,85264.41,5,446,0
1008882,3,721.76,7412.18,69002.59,6,582,0
1008883,3,12041.39,32500.05,61567.43,7,694,0
1008884,2,3828.46,28517.36,75882.06,0,447,0
1008885,0,7986.76,18381.98,62323.79,5,495,0
1008886,1,7884.3,24972.7,89158.72,2,829,0
1008887,3,10062.57,21162.87,63648.5,5,595,0
1008888,5,4530.83,14299.96,57048.73,9,502,0
1008889,0,500.0,13452.16,80810.23,3,819,0
1008890,1,14784.74,8147.97,53526.78,3,486,0
1008891,2,7427.89,19191.58,80834.4,1,562,1
1008892,1,5224.94,17169.69,45934.82,0,795,0
1008893,0,15369.87,30165.79,58773.02,9,548,1
1008894,5,500.0,323.84,73342.84,0,468,0
1008895,3,9297.81,19127.58,55575.71,4,821,0
1008896,1,500.0,14350.74,89483.21,3,845,0
1008897,1,9957.46,10934.8,67871.47,0,666,0
1008898,2,10081.14,15744.03,73905.08,7,504,0
1008899,5,2516.71,37537.97,30133.11,3,660,1
1008900,4,2742.75,40750.05,80979.71,2,510,0
1008901,1,7682.13,0.0,71397.34,10,506,0
1008902,2,8749.91,31411.97,29787.66,7,739,1
1008903,5,9321.98,204.16,74685.6,0,692,0
1008904,5,6906.33,6086.18,76353.98,5,571,0
1008905,5,7114.06,8147.46,55330.39,10,575,0
1008906,2,8754.5,3595.61,47675.36,7,650,0
1008907,3,11449.7,32894.7,41285.79,2,648,1
1008908,1,18771.21,38701.07,70141.74,7,422,1
1008909,2,7277.73,0.0,70267.53,0,584,0
1008910,4,11501.13,26670.45,65337.5,4,646,0
1008911,2,6295.4,24267.28,110233.99,10,443,0
1008912,5,5766.81,13841.34,69146.07,6,716,0
1008913,4,17545.5,14581.88,72779.95,2,796,0
1008914,1,6905.59,16586.6,37701.34,0,735,0
1008915,1,16852.18,15200.18,75741.2,10,714,0
1008916,3,12046.82,7689.35,88264.68,0,786,0
1008917,2,14389.22,17148.43,51673.56,2,832,0
1008918,5,2485.12,20721.32,111685.67,8,510,1
1008919,0,798.93,20924.87,58257.92,3,543,0
1008920,4,17554.29,5950.07,72480.61,2,582,0
1008921,2,6410.3,27666.38,62101.11,10,532,0
1008922,5,5773.19,3135.26,61733.66,2,758,0
1008923,1,7577.46,10994.01,15000.0,2,468,1
1008924,1,8169.94,4954.74,86820.34,10,471,0
1008925,5,500.0,0.0,25490.91,9,543,0
1008926,0,15444.27,20802.12,94535.73,6,752,0
1008927,2,7428.17,9360.1,47243.54,9,552,1
1008928,5,12567.27,34180.93,58927.51,9,695,0
1008929,1,17349.7,15759.26,119970.83,4,489,0
1008930,4,10656.39,29479.23,50032.93,6,594,0
1008931,1,3268.99,8683.3,65069.17,1,525,0
1008932,3,11511.72,11665.49,44376.68,8,555,0
1008933,1,6307.54,24947.53,65738.73,8,538,0
1008934,2,8912.14,13243.19,77745.89,10,513,0
1008935,0,8830.33,8119.23,101006.09,1,788,0
1008936,1,8547.31,19510.44,16897.61,1,674,1
1008937,0,2606.74,32862.41,68028.94,4,605,0
1008938,0,500.0,24035.11,81496.55,2,722,0
1008939,4,10765.53,25334.95,87504.69,2,771,0
1008940,0,4096.49,47862.35,53978.43,4,473,0
1008941,0,10353.2,28317.52,71198.72,9,430,0
1008942,3,4829.3,13418.1,107084.58,0,430,1
1008943,5,6135.03,21429.0,76990.64,3,491,1
1008944,2,13680.84,5106.61,112073.38,4,554,0
1008945,5,500.0,15512.12,45294.65,6,830,0
1008946,5,5232.4,36924.27,55254.72,4,429,1
1008947,5,9137.24,25314.95,70236.83,7,430,1
1008948,0,9175.98,5594.29,48960.95,1,534,0
1008949,1,4494.63,10898.28,82591.57,2,438,0
1008950,4,6704.23,1672.76,47056.76,9,719,0
1008951,4,500.0,46441.64,76387.8,6,637,0
1008952,5,16374.84,13979.31,39343.46,10,699,0
1008953,3,3379.88,4861.41,52449.93,7,536,0
1008954,5,10646.67,37870.2,74679.47,7,844,0
1008955,5,1671.04,20425.7,81585.26,10,494,0
1008956,0,4935.83,7418.5,50231.35,6,764,0
1008957,1,4067.59,8485.43,39236.57,4,677,0
1008958,3,3419.33,5764.14,80772.14,0,800,0
1008959,3,3199.33,16947.68,49418.77,3,677,0
1008960,0,10935.99,17145.41,77596.15,3,668,0
1008961,3,5662.93,24260.91,95720.97,3,491,0
1008962,5,600.02,8664.05,82613.08,7,501,0
1008963,1,13072.88,12578.93,39045.27,6,646,0
1008964,5,11879.0,24031.17,94541.58,10,550,0
1008965,3,8750.79,34350.03,92110.11,3,609,0
1008966,1,9742.05,43292.01,57708.05,8,577,1
1008967,4,8782.67,33407.81,61098.47,4,783,0
1008968,2,3021.5,4697.7,98360.92,4,833,0
1008969,4,11992.01,15331.33,76094.65,7,438,1
1008970,3,9453.45,27293.84,78316.15,6,716,0
1008971,5,8306.02,8563.23,91702.59,8,511,0
1008972,2,10583.99,3846.82,80607.96,7,519,0
1008973,0,8663.52,0.0,126481.42,7,658,0
1008974,2,3693.79,18632.77,97760.31,10,556,0
1008975,4,11818.56,10807.76,72998.97,7,422,1
1008976,0,3649.94,14430.69,72370.8,3,549,0
1008977,1,519.92,4341.83,63993.45,1,782,0
1008978,3,13144.98,23530.44,94435.08,7,756,0
1008979,4,4196.85,9651.56,46025.31,7,836,0
1008980,3,7713.2,4453.88,87892.0,10,691,0
1008981,0,14085.22,5779.98,58148.66,2,553,1
1008982,0,8129.28,3570.77,32912.55,2,714,0
1008983,2,9829.85,25386.64,89838.19,9,751,0
1008984,2,3300.44,27924.08,78749.26,9,562,1
1008985,2,2832.18,10625.12,75839.64,9,518,1
1008986,4,1857.23,9753.5,63836.23,3,521,0
1008987,4,9527.45,43810.84,69669.84,3,827,0
1008988,2,5383.7,28932.11,57358.86,5,828,0
1008989,3,4558.2,36514.01,97112.3,10,501,0
1008990,1,9531.34,25734.32,97739.36,3,521,0
1008991,4,1278.78,20730.61,69272.14,6,410,1
1008992,1,10146.27,22087.07,70462.77,3,742,0
1008993,0,12893.92,38075.88,76040.71,8,438,0
1008994,1,12080.34,45604.4,88502.11,2,459,1
1008995,1,14568.3,24268.27,74876.95,7,611,0
1008996,1,7764.88,21215.31,61130.96,2,512,1
1008997,4,3715.4,31445.03,65632.6,7,424,0
1008998,1,7729.84,28932.41,76005.68,0,430,0
1008999,1,5104.21,18435.69,67460.69,1,842,0
1009000,3,1312.77,12451.92,62562.85,2,419,1
1009001,5,11805.6,11668.21,95193.7,6,687,0
1009002,2,6278.95,38734.77,78874.04,3,604,0
1009003,1,11040.8,15292.4,88854.84,10,659,0
1009004,4,13046.49,16201.64,52649.06,6,848,1
1009005,4,500.0,15713.32,87289.82,9,685,0
1009006,3,2277.84,5400.09,71026.02,9,601,0
1009007,0,4432.08,26009.43,65403.71,4,593,0
1009008,5,8621.18,19405.46,56810.5,7,410,1
1009009,5,3294.26,25229.86,57701.82,10,800,0
1009010,5,9659.72,36864.58,61076.76,5,731,0
1009011,0,8414.9,17660.59,72905.66,9,723,0
1009012,2,5707.89,21196.95,68888.53,4,559,1
1009013,2,7983.48,11693.28,110948.13,4,598,0
1009014,5,702.13,30787.43,80252.38,4,726,0
1009015,2,2104.72,25281.13,75507.57,9,533,0
1009016,4,9910.24,32866.05,68788.78,8,785,0
1009017,1,1261.8,39201.48,54597.5,2,471,1
1009018,5,8490.16,4302.54,54331.88,8,512,0
1009019,3,9272.5,38977.85,77790.99,1,547,1
1009020,1,3069.38,5024.61,40034.76,1,642,0
1009021,3,590.88,7544.02,103258.32,5,564,0
1009022,3,12258.63,0.0,102170.69,6,588,0
1009023,4,14149.1,38546.37,40872.29,8,443,1
1009024,1,18020.86,13845.09,95021.97,5,432,0
1009025,5,10157.22,27020.07,92874.69,7,817,0
1009026,0,11989.23,12250.48,93417.71,10,624,0
1009027,4,1560.91,40110.61,84323.31,3,522,1
1009028,0,4537.08,4970.38,103754.22,8,486,1
1009029,4,10180.5,19540.16,54502.57,5,647,0
1009030,3,4107.85,6363.54,61514.5,7,637,1
1009031,1,8494.26,16606.42,82957.97,8,437,0
1009032,3,14492.9,36578.14,71786.76,8,632,0
1009033,1,5990.58,23342.13,41975.71,8,652,0
1009034,5,6799.12,23662.43,87222.36,10,702,0
1009035,0,5930.47,29158.92,91385.36,10,694,0
1009036,0,9976.86,13756.59,66460.72,5,524,0
1009037,0,11015.56,4911.36,78415.53,1,443,0
1009038,4,9726.09,6450.95,89993.19,4,414,0
1009039,4,3383.49,13907.14,28393.31,8,840,0
1009040,2,2516.74,34141.45,59566.97,3,449,1
1009041,0,12984.68,19881.18,53243.34,7,480,1
1009042,5,18922.34,14012.24,67822.56,1,422,1
1009043,1,13210.55,20770.59,45855.37,3,524,1
1009044,1,19967.22,11188.31,45193.29,2,632,0
1009045,2,4682.06,30177.19,75136.93,10,734,0
1009046,1,10008.62,29187.03,107475.45,0,664,0
1009047,0,500.0,10401.13,45932.86,5,557,0
1009048,3,13449.32,40195.36,103061.56,7,682,0
1009049,2,9895.9,5118.4,90057.42,7,796,0
1009050,3,3744.99,25151.54,90970.59,2,430,1
1009051,1,2314.61,16109.97,97266.54,10,513,0
1009052,5,4492.92,29827.28,62335.02,0,600,0
1009053,2,9611.95,30217.43,93434.0,5,547,0
1009054,1,6233.3,20778.89,40486.9,9,753,0
1009055,1,5802.53,23226.8,54798.25,7,714,0
1009056,2,3409.64,3006.28,77474.0,2,805,0
1009057,0,8645.89,1915.47,86342.61,6,788,0
1009058,5,8021.13,19913.13,43188.01,10,468,0
1009059,5,7169.45,23417.59,32629.22,9,799,0
1009060,4,500.0,13493.65,79115.16,6,749,0
1009061,4,13792.25,27299.8,76728.73,7,535,1
1009062,0,1918.73,32905.12,84827.9,0,568,1
1009063,4,8281.84,0.0,69336.21,1,643,0
1009064,4,8839.06,24242.2,44593.95,8,565,0
1009065,1,6329.58,42757.06,93573.29,0,590,1
1009066,3,5575.08,18926.15,86464.36,5,755,0
1009067,5,12837.83,19547.04,74293.72,9,707,0
1009068,3,1859.86,20165.27,114620.77,3,735,0
1009069,4,13658.21,25844.64,75668.29,8,508,1
1009070,5,500.0,0.0,101271.09,6,416,0
1009071,2,3990.17,25351.91,68154.64,1,779,0
1009072,1,9554.75,15337.24,15000.0,9,677,0
1009073,1,15363.14,27414.62,47580.94,9,723,0
1009074,3,22416.67,12631.99,15666.02,2,521,1
1009075,4,500.0,18869.92,66176.97,7,485,1
1009076,4,3207.22,23965.45,94530.76,6,569,0
1009077,0,10319.9,31796.14,36588.47,6,547,0
1009078,4,13246.26,18049.41,85435.04,10,424,1
1009079,3,8797.94,24382.14,65317.29,8,556,1
1009080,0,17902.64,7792.24,89153.77,2,681,0
1009081,5,10300.11,19085.34,78456.35,10,819,0
1009082,2,4472.41,24399.0,50881.91,1,833,0
1009083,5,792.45,42829.08,82560.16,3,610,0
1009084,3,3836.63,9747.57,70205.06,2,816,0
1009085,5,10476.63,21550.98,89006.21,0,681,0
1009086,5,9593.7,13725.79,110001.38,2,747,0
1009087,2,500.0,26971.8,67020.84,7,820,0
1009088,3,7165.22,10222.1,103933.08,3,794,0
1009089,0,7476.43,29907.06,69055.7,3,583,1
1009090,4,5808.28,7221.84,83271.75,1,551,0
1009091,2,7209.5,40052.45,74823.38,7,827,0
1009092,2,500.0,20855.25,57539.81,4,815,0
1009093,1,9654.09,17150.21,73654.18,7,537,1
1009094,4,500.0,21184.6,62066.36,0,592,1
1009095,3,3398.62,23207.28,82440.42,7,413,1
1009096,2,17765.77,24362.47,49812.86,10,739,0
1009097,4,3050.48,32589.22,51692.33,8,453,0
1009098,2,1770.98,20639.04,88574.37,10,755,0
1009099,5,9888.04,12561.82,81882.02,1,714,0
1009100,4,10441.01,3403.4,82501.17,4,601,0
1009101,1,19032.06,13959.01,82498.86,1,576,1
1009102,4,4327.36,8272.89,92083.6,5,826,0
1009103,2,10138.71,31276.65,80688.1,5,777,0
1009104,5,828.08,6524.68,89630.86,3,778,0
1009105,0,10085.46,14154.85,55554.81,1,644,0
1009106,2,9562.67,23067.84,81508.15,10,752,0
1009107,4,4995.91,37697.16,56320.27,5,711,0
1009108,1,14246.09,1371.41,46292.07,2,810,0
1009109,2,9862.99,18499.8,66634.18,2,564,0
1009110,3,12272.41,31377.91,84197.65,8,630,0
1009111,1,8680.67,840.63,71593.96,10,668,0
1009112,0,8837.99,28627.76,107028.41,1,458,1
1009113,3,7411.37,0.0,84836.89,9,717,0
1009114,5,9679.45,18833.48,79785.61,4,432,0
1009115,2,13213.47,8549.68,73509.81,8,574,0
1009116,2,2177.9,14753.3,44240.07,8,618,0
1009117,4,8750.53,24182.5,72295.63,9,625,0
1009118,4,8812.89,38249.22,71735.69,10,703,0
1009119,1,3512.69,10146.58,106343.15,2,781,0
1009120,1,4454.88,39309.53,55388.51,0,451,1
1009121,3,20043.61,40059.75,68740.3,5,819,0
1009122,5,8184.5,2543.83,56734.63,2,593,0
1009123,2,6497.02,20736.84,74264.31,6,563,0
1009124,1,8892.68,27101.15,36530.19,2,702,0
1009125,0,13610.3,38072.96,77219.14,0,437,1
1009126,1,500.0,28725.63,71533.87,6,812,0
1009127,0,1469.28,15276.06,74909.9,2,781,0
1009128,5,6588.76,14427.67,124104.31,7,461,1
1009129,1,11588.92,28834.65,69592.73,9,606,0
1009130,1,9070.2,10964.22,80994.43,10,428,0
1009131,2,6335.2,23314.85,70870.41,2,837,0
1009132,1,4646.55,20679.86,93110.21,3,836,0
1009133,3,3926.73,10292.04,116284.4,9,745,0
1009134,3,10748.97,47699.29,105360.7,7,648,0
1009135,4,558.9,22037.65,77974.4,5,571,0
1009136,0,500.0,45810.81,45698.64,0,500,1
1009137,5,987.34,33125.51,79974.63,5,784,0
1009138,3,8025.03,32714.44,37975.69,5,514,1
1009139,0,14748.99,12605.58,53559.28,1,650,1
1009140,5,3121.48,13544.28,59348.8,4,781,0
1009141,5,5821.66,21066.03,48884.2,9,724,0
1009142,2,1285.98,18628.84,71238.46,6,570,0
1009143,2,8059.12,5644.42,63891.28,4,800,0
1009144,4,6756.82,46893.78,56295.44,2,451,0
1009145,4,11615.51,48418.51,78729.93,2,665,0
1009146,3,3403.28,27313.73,56411.29,3,736,0
1009147,1,4387.94,22223.51,97066.91,1,827,0
1009148,1,9908.69,16920.84,83956.18,6,845,0
1009149,4,4049.93,7688.91,62420.59,1,584,0
1009150,2,4012.8,25081.84,80025.21,7,510,0
1009151,4,13017.53,19685.26,57415.81,8,575,0
1009152,1,5472.85,27125.89,58466.13,6,549,0
1009153,0,12347.95,31624.7,91762.79,4,691,0
1009154,5,969.96,45870.9,38907.28,10,725,0
1009155,5,9654.22,19694.41,80420.05,6,587,1
1009156,0,11170.07,22842.86,109832.14,1,442,0
1009157,0,1164.58,17051.54,26261.5,3,721,0
1009158,2,6692.61,24117.73,119499.55,6,625,1
1009159,2,500.0,7976.52,32141.85,10,643,0
1009160,4,15841.07,39454.25,25693.76,5,787,0
1009161,1,6234.93,26413.88,28351.13,5,736,0
1009162,4,3750.43,4585.11,47433.79,1,667,0
1009163,3,2877.47,20207.18,58933.92,5,773,0
1009164,2,15535.31,34370.34,32362.36,2,821,0
1009165,1,9510.61,27982.89,66821.36,10,659,0
1009166,2,12875.13,12840.12,87312.73,1,538,0
1009167,3,9662.04,27720.06,55106.25,8,813,0
1009168,0,7209.37,24101.91,73246.95,10,557,0
1009169,4,9420.48,12851.17,83318.61,10,754,0
1009170,0,6856.19,24130.95,105933.71,4,775,0
1009171,3,9397.98,6194.93,69014.05,8,787,0
1009172,1,500.0,15444.43,85376.64,7,760,0
1009173,5,8086.05,5036.72,81210.14,2,416,0
1009174,2,10606.42,31399.98,71860.58,8,757,0
1009175,2,6466.9,32411.84,63862.57,5,414,1
1009176,5,9541.84,14741.85,78141.07,8,723,0
1009177,4,9964.62,22161.13,84850.56,8,689,0
1009178,1,2084.94,37599.11,43982.4,6,781,0
1009179,2,5600.39,1360.61,63188.29,2,555,0
1009180,5,12721.97,19307.18,77658.17,10,483,1
1009181,5,500.0,26602.48,76828.12,4,794,0
1009182,3,10760.37,26961.65,77502.23,7,429,1
1009183,0,13960.98,14423.97,104021.73,1,581,0
1009184,5,9340.43,0.0,92120.07,5,750,0
1009185,5,16550.78,11495.21,45199.53,4,737,0
1009186,0,10184.63,32199.46,102967.35,9,435,0
1009187,0,12043.46,12662.99,56402.33,6,516,0
1009188,1,13779.03,22287.22,53834.23,3,702,0
1009189,5,7509.34,17757.26,92718.32,1,686,0
1009190,0,500.0,30762.09,64015.16,6,812,0
1009191,0,7128.47,11970.23,36275.84,6,806,0
1009192,5,13328.76,23872.68,83333.03,7,456,1
1009193,4,4414.57,22715.23,79834.13,1,789,0
1009194,1,2625.05,7313.52,81647.91,6,675,0
1009195,0,2453.58,23747.01,41973.0,5,570,0
1009196,5,16426.37,31564.49,87044.33,0,528,1
1009197,4,5722.63,24441.3,58019.1,7,621,1
1009198,5,3192.22,11667.7,89017.82,1,610,1
1009199,1,4521.72,12426.2,45239.18,8,645,0
1009200,4,9228.41,3943.7,50991.83,0,606,0
1009201,0,5809.53,6257.62,30452.78,4,560,0
1009202,2,10455.82,0.0,54707.15,6,682,0
1009203,5,5923.1,23864.38,92308.56,1,622,0
1009204,2,6608.87,19988.83,75380.04,5,554,0
1009205,3,9100.57,19313.84,58972.41,10,835,0
1009206,3,15827.57,49690.46,98536.02,7,477,1
1009207,5,3710.91,20405.47,74800.01,5,797,0
1009208,3,500.0,28902.06,86275.64,2,631,1
1009209,4,15861.71,4170.93,77448.42,5,547,0
1009210,3,14726.58,15473.74,68459.59,0,785,0
1009211,0,6107.63,12073.93,73336.48,0,710,0
1009212,2,11688.81,21597.72,79446.02,1,455,0
1009213,0,8571.57,6687.07,93654.09,8,828,0
1009214,5,11361.82,11416.24,82843.57,8,593,0
1009215,4,500.0,11351.04,88583.87,8,568,0
1009216,3,9030.73,22635.62,47784.28,1,579,0
1009217,5,17286.53,4407.24,32079.2,7,783,0
1009218,4,5962.96,21623.48,76952.04,0,528,0
1009219,1,3145.13,25533.52,73639.9,5,761,0
1009220,2,9309.63,20992.81,79446.27,7,761,0
1009221,5,3775.32,33745.38,49910.9,5,800,0
1009222,3,13901.3,20653.85,73347.39,3,769,0
1009223,0,2216.3,22066.58,48720.09,9,445,0
1009224,4,500.0,22480.0,72160.87,5,452,1
1009225,4,12061.19,30512.96,68892.02,10,816,0
1009226,0,10543.28,25263.29,66825.16,10,612,0
1009227,3,14400.2,20273.56,76735.15,6,842,0
1009228,4,4024.51,28126.15,60190.59,6,483,0
1009229,2,4592.33,10448.51,69940.25,7,514,0
1009230,0,6145.55,29553.66,84652.84,3,603,0
1009231,2,15579.6,5559.11,101251.7,9,688,0
1009232,3,4405.67,35649.34,78699.18,3,491,0
1009233,1,8201.73,12584.31,87076.25,3,447,1
1009234,2,10420.16,17017.63,82295.75,2,659,0
1009235,2,5840.49,16877.97,104445.49,1,674,0
1009236,2,12008.88,25913.58,113196.31,5,579,0
1009237,3,13181.83,0.0,57354.27,8,721,0
1009238,3,500.0,14304.97,84526.85,4,470,1
1009239,0,16771.86,27506.69,76550.92,6,738,0
1009240,3,8299.53,24016.99,102754.19,6,427,0
1009241,0,9407.07,5825.0,20419.46,3,787,0
1009242,1,15019.07,34614.55,57213.62,4,837,1
1009243,3,6848.36,42195.18,34943.33,9,537,1
1009244,0,13942.8,9435.6,98566.52,6,591,0
1009245,1,14309.25,14689.9,76105.9,8,459,0
1009246,0,5249.7,5192.04,84006.57,8,767,0
1009247,0,14610.14,12225.24,78826.69,0,769,0
1009248,1,14700.32,17234.35,76179.52,3,543,0
1009249,1,6340.14,44957.99,78830.29,5,419,1
1009250,3,11197.81,3952.91,61927.33,5,611,0
1009251,0,11087.08,41965.69,28712.14,7,511,0
1009252,0,500.0,19395.83,77095.28,0,754,0
1009253,5,3248.67,15310.69,69184.44,9,512,0
1009254,2,8166.09,13963.78,58850.97,10,843,0
1009255,1,3923.18,27036.18,58029.53,7,751,0
1009256,4,11940.71,15225.94,97132.97,3,688,0
1009257,3,2443.05,17211.21,55270.68,2,603,0
1009258,3,7046.13,17604.6,48799.47,3,409,1
1009259,0,3781.87,20239.82,83927.03,1,779,0
1009260,3,11487.82,22932.31,100332.28,4,644,0
1009261,3,11533.45,16253.64,43941.72,10,703,0
1009262,0,7269.55,10234.56,50138.31,7,452,0
1009263,5,10087.74,27360.23,48885.6,9,781,0
1009264,5,14739.75,21312.67,78176.58,5,453,0
1009265,4,7531.17,20133.15,81769.85,4,756,0
1009266,1,12169.69,0.0,99166.57,4,537,0
1009267,4,13908.75,18769.74,69208.69,4,797,0
1009268,2,3381.85,10491.63,65254.47,3,558,0
1009269,2,2443.31,7172.71,58040.56,8,530,0
1009270,3,646.96,13877.53,93366.59,8,692,0
1009271,2,9974.64,8440.78,58110.44,7,565,0
1009272,3,7994.52,0.0,53365.13,7,572,0
1009273,5,16811.51,4918.46,65607.79,2,686,0
1009274,5,6245.14,30219.35,69714.04,3,540,0
1009275,1,11658.37,17055.02,78408.44,5,666,1
1009276,5,8484.99,9203.52,57423.3,3,683,0
1009277,3,3143.49,18966.09,105949.55,10,752,0
1009278,0,6583.3,0.0,109412.22,7,708,0
1009279,4,15486.14,36628.2,47293.85,4,766,0
1009280,2,500.0,32491.29,73164.32,0,555,1
1009281,2,14597.19,17848.72,49660.4,0,543,0
1009282,2,6466.04,23502.77,64528.2,0,832,0
1009283,2,7972.74,11519.04,45055.76,1,461,0
1009284,3,5092.86,13696.58,64439.27,1,719,0
1009285,0,10252.99,16219.89,75733.76,1,736,0
1009286,2,9180.44,13008.66,73677.92,10,846,0
1009287,4,8152.2,25656.82,42794.1,7,712,0
1009288,4,6601.81,5642.7,29268.68,7,687,0
1009289,1,500.0,25810.1,32413.5,4,530,1
1009290,2,8578.69,7884.04,95100.73,8,696,0
1009291,1,7994.23,21041.97,66524.6,7,433,1
1009292,0,10451.33,34340.73,71665.33,6,620,0
1009293,1,13985.61,40289.28,99867.91,3,418,1
1009294,0,7799.69,2056.28,49744.46,8,578,0
1009295,4,10921.18,27091.63,78696.16,8,517,0
1009296,5,10637.57,36808.6,56412.76,9,836,0
1009297,2,12486.22,19802.26,74034.75,5,529,1
1009298,2,15270.58,35944.17,31750.85,0,772,0
1009299,5,14451.44,9938.17,61950.79,10,499,0
1009300,3,10251.98,19745.08,68695.31,0,521,1
1009301,4,4524.59,46556.57,72384.76,8,430,1
1009302,1,16579.31,28580.76,40849.42,1,713,0
1009303,5,12703.63,30837.49,65097.67,5,483,1
1009304,1,15755.0,17762.41,88230.22,8,773,0
1009305,4,3556.71,17275.17,68266.49,10,563,0
1009306,4,3457.52,30481.94,87634.21,3,437,0
1009307,1,949.69,20651.71,83650.14,3,448,1
1009308,4,10635.68,39577.31,75119.1,8,664,0
1009309,1,6427.75,10641.02,62608.35,5,499,0
1009310,3,16351.62,9161.98,71685.86,3,443,1
1009311,2,5380.74,24997.64,51071.63,3,602,1
1009312,0,10897.42,2288.37,83726.56,9,600,0
1009313,1,12430.06,27033.81,76758.92,0,783,0
1009314,1,8232.62,36720.53,94422.15,2,813,0
1009315,2,11259.77,41436.61,116196.09,3,794,0
1009316,2,9941.44,5338.86,87458.89,3,622,0
1009317,4,8092.54,15233.63,81737.95,0,587,1
1009318,2,11252.05,29612.61,74061.84,6,451,0
1009319,3,3731.01,14604.59,87553.36,1,463,1
1009320,4,13714.91,25228.79,98373.76,5,602,0
1009321,0,10895.71,167.85,64408.59,1,527,0
1009322,4,14397.14,18586.61,44253.23,1,731,0
1009323,4,500.0,27048.75,42310.03,4,706,0
1009324,3,9154.21,12028.24,90531.82,6,746,0
1009325,5,6614.6,25404.81,79702.92,6,588,0
1009326,0,7678.76,20886.51,81128.69,6,466,0
1009327,2,513.0,16211.95,35797.98,6,660,0
1009328,5,4576.68,8407.67,58637.76,5,802,0
1009329,0,7074.79,17475.77,38309.79,6,734,0
1009330,4,10776.08,23818.84,46748.06,9,700,1
1009331,4,5515.76,16963.6,58503.16,2,699,0
1009332,0,1569.71,27665.58,56127.68,5,785,0
1009333,3,7266.91,25592.73,102543.32,3,788,0
1009334,3,5462.88,6171.83,44153.41,2,411,1
1009335,4,6042.26,20371.86,57431.88,1,445,1
1009336,0,8812.96,32322.55,54767.52,7,625,0
1009337,3,11314.64,27049.53,71614.51,9,539,0
1009338,4,3838.76,16307.0,85073.92,4,831,0
1009339,5,10794.76,3934.08,53693.69,1,423,0
1009340,3,13725.81,21339.77,35977.11,10,709,0
1009341,0,7478.35,22393.62,61356.03,6,638,0
1009342,1,11847.31,33525.36,78261.0,9,472,1
1009343,3,5456.69,18927.26,47857.8,5,680,1
1009344,4,5598.26,20163.65,89992.95,6,626,1
1009345,3,7372.2,24050.84,49247.17,0,520,0
1009346,5,2608.81,36130.82,56894.98,9,463,0
1009347,4,5135.35,31430.6,60856.19,9,432,0
1009348,0,3351.26,42800.98,109253.4,4,822,0
1009349,1,6801.99,14052.07,86109.36,5,613,0
1009350,0,8310.65,32274.84,77338.93,0,708,0
1009351,3,13175.83,22807.98,49386.46,6,482,1
1009352,0,6738.27,37966.68,47233.84,7,817,0
1009353,1,6419.59,14381.11,55762.22,8,494,0
1009354,0,12621.3,28802.55,102855.3,3,776,0
1009355,4,12001.21,28128.04,96778.96,3,576,1
1009356,5,4690.51,9605.45,73067.68,4,483,1
1009357,0,4176.68,20157.09,55637.0,4,826,0
1009358,4,5650.8,17541.24,34001.8,10,484,0
1009359,0,8962.64,14413.04,60756.86,1,567,0
1009360,5,9356.61,11781.09,80744.89,10,507,1
1009361,5,500.0,3424.63,81478.77,9,722,0
1009362,3,7968.45,24697.5,78089.96,10,829,0
1009363,4,6204.38,20922.16,55671.93,4,573,0
1009364,4,12427.94,21683.6,80534.33,8,509,1
1009365,1,5375.74,18590.57,66811.54,9,587,0
1009366,2,851.29,23827.18,88050.59,3,641,0
1009367,1,11719.33,12160.44,75279.57,9,470,0
1009368,5,15011.83,8929.39,85887.41,6,549,0
1009369,2,17013.88,24608.92,76895.08,4,489,0
1009370,1,6339.5,24030.82,60418.48,7,720,0
1009371,1,8614.74,26144.44,94188.11,6,749,0
1009372,0,6829.36,24739.68,48850.75,2,481,0
1009373,0,1820.31,5632.12,83794.44,2,598,0
1009374,2,12591.99,6264.83,61059.86,3,732,0
1009375,5,20303.47,11485.74,62602.07,5,534,0
1009376,3,12445.3,41645.67,75672.81,10,465,1
1009377,1,4367.05,26975.14,59455.36,3,845,0
1009378,0,11638.32,6876.43,49248.03,0,529,0
1009379,4,8830.58,31628.7,51168.3,10,797,0
1009380,4,12817.68,28794.13,47101.18,3,570,1
1009381,4,4500.5,14535.42,70655.92,7,525,0
1009382,0,2784.35,28062.87,76552.46,9,525,0
1009383,4,3607.75,22027.73,68381.94,9,600,0
1009384,1,10434.87,20092.32,38376.82,3,693,0
1009385,1,500.0,23378.3,72840.53,2,659,0
1009386,5,500.0,33956.75,89418.63,5,726,0
1009387,1,5169.96,27964.11,46861.78,2,481,1
1009388,3,9015.1,0.0,51741.49,0,720,0
1009389,3,10456.62,12863.39,88778.67,0,597,0
1009390,0,6095.72,36145.76,66680.94,9,801,0
1009391,5,3576.82,45944.61,92144.16,6,533,1
1009392,2,11824.96,7157.93,63269.75,7,639,0
1009393,2,7928.98,33650.18,40880.04,3,766,0
1009394,1,500.0,2673.94,69308.81,9,470,1
1009395,1,8057.18,34787.48,69027.84,3,449,1
1009396,3,3845.25,17262.83,76132.25,7,792,0
1009397,3,1472.95,33689.99,52824.66,4,847,0
1009398,1,8314.51,27242.69,60733.62,3,564,0
1009399,1,11934.11,10806.52,111600.99,6,512,0
1009400,5,500.0,8642.52,58790.28,1,758,0
1009401,2,6180.04,5470.22,102409.31,8,554,0
1009402,2,9204.35,0.0,47214.92,8,594,0
1009403,4,16101.82,0.0,74807.49,9,441,0
1009404,5,3082.15,7462.05,77710.9,6,421,1
1009405,1,9237.72,21038.48,87889.42,2,812,0
1009406,2,6474.1,15743.76,70051.5,10,440,0
1009407,2,15954.85,26077.94,56948.91,5,774,0
1009408,0,13240.52,14585.25,72288.96,4,763,0
1009409,3,12462.08,27639.36,39997.09,10,437,0
1009410,5,5496.95,25212.95,19352.41,2,847,1
1009411,0,16753.85,15081.09,38706.65,3,641,1
1009412,2,9304.04,5735.41,102095.68,6,605,1
1009413,0,3538.78,0.0,87146.03,6,581,0
1009414,1,500.0,27892.51,107715.54,3,485,0
1009415,5,8600.84,19553.88,80179.63,4,676,1
1009416,3,5413.65,0.0,40319.86,9,819,0
1009417,5,11484.59,10537.04,49969.45,8,556,1
1009418,2,11465.08,15536.13,76488.32,8,527,0
1009419,5,12252.32,38629.27,53193.1,8,831,0
1009420,2,16182.29,32427.97,50830.64,8,502,0
1009421,3,4382.05,17557.4,48101.42,4,504,1
1009422,0,5561.42,28102.4,54637.25,1,433,0
1009423,3,1262.32,2150.64,31374.28,2,771,0
1009424,0,2862.42,14529.55,78714.73,0,682,0
1009425,0,4602.17,15113.16,55474.8,6,526,0
1009426,2,500.0,3865.99,95772.05,1,455,0
1009427,1,16099.4,34563.2,103736.37,10,695,0
1009428,0,3287.89,15477.25,68722.16,2,490,0
1009429,0,9929.82,35415.36,91344.08,4,597,0
1009430,0,5626.48,969.4,92437.85,4,449,0
1009431,3,2844.31,31102.58,74350.78,5,640,0
1009432,4,13901.51,29561.89,66503.88,6,659,0
1009433,2,6567.6,7454.15,96097.08,2,639,0
1009434,1,9542.99,23698.46,83526.45,9,723,0
1009435,1,10894.81,23127.1,66441.12,9,685,0
1009436,3,6036.58,27996.33,59939.11,0,753,0
1009437,0,12667.48,15024.48,70189.97,0,438,0
1009438,1,4371.34,9289.98,89109.42,5,755,0
1009439,3,9920.77,7842.49,84070.03,4,434,0
1009440,0,5402.04,22073.97,58141.5,3,778,0
1009441,0,10835.56,12767.73,67053.17,0,838,0
1009442,4,5750.42,19797.32,73471.96,1,735,0
1009443,0,8971.02,0.0,61813.53,4,520,0
1009444,1,6999.02,16753.35,68363.88,2,466,0
1009445,1,12548.71,0.0,50359.46,6,566,0
1009446,3,4124.79,21787.52,53787.61,1,541,0
1009447,4,10570.51,35809.14,75946.23,1,514,1
1009448,4,4570.15,23905.57,74948.81,7,562,1
1009449,3,6677.98,16582.12,63978.91,7,694,0
1009450,1,7951.79,30719.82,113936.68,1,588,0
1009451,3,3697.33,0.0,66723.01,2,843,0
1009452,2,10961.19,13696.08,84285.38,4,801,0
1009453,1,500.0,32531.53,75789.93,2,586,0
1009454,1,11269.41,13938.7,60621.7,5,841,0
1009455,2,11255.49,0.0,83982.42,3,550,0
1009456,1,21358.21,7836.13,92338.11,7,656,0
1009457,0,5381.1,25927.39,70439.5,10,562,0
1009458,4,3989.98,26397.97,80299.09,7,696,0
1009459,1,9932.84,22026.01,127449.17,9,420,1
1009460,4,8380.09,31303.2,52396.3,10,626,0
1009461,2,8963.9,21544.34,66114.15,3,447,1
1009462,0,4781.66,22980.52,81753.68,2,540,0
1009463,0,11429.19,32191.78,70279.4,0,429,1
1009464,4,13541.98,0.0,53829.92,6,672,0
1009465,3,11703.26,52968.81,60521.38,1,551,1
1009466,5,8372.33,24877.9,65605.39,9,577,0
1009467,2,8134.35,47181.19,64796.97,4,844,0
1009468,2,14352.89,22562.08,71347.24,6,723,0
1009469,0,18860.97,35944.12,102215.92,0,470,1
1009470,2,14553.19,26933.06,74843.63,2,553,1
1009471,0,8719.18,25669.08,62743.5,7,651,0
1009472,0,12215.2,21817.31,84213.88,3,470,0
1009473,2,7250.02,18278.29,83300.92,6,499,1
1009474,2,15698.96,38245.81,48867.26,0,704,1
1009475,5,3624.16,30783.33,58097.81,4,424,1
1009476,3,1215.82,40573.55,48357.03,7,745,0
1009477,0,17009.67,3152.42,77028.93,1,778,0
1009478,5,7646.37,0.0,87617.98,9,587,0
1009479,3,17886.02,26603.49,65904.38,10,464,0
1009480,0,8897.02,40229.74,95152.33,10,625,0
1009481,1,1433.43,6916.57,58872.18,4,467,0
1009482,0,10809.72,7861.93,63960.42,3,485,1
1009483,2,7787.96,9723.87,69005.93,2,770,0
1009484,4,11699.52,18798.11,74054.44,6,824,0
1009485,5,6372.68,33097.92,103652.27,10,515,1
1009486,1,8031.23,19324.03,48111.02,9,844,0
1009487,3,7173.99,23931.53,81666.41,8,496,0
1009488,0,2633.9,1225.56,71966.05,1,829,0
1009489,1,13128.04,0.0,94039.39,5,825,0
1009490,3,9119.56,23778.52,43657.94,5,412,1
1009491,2,14479.75,24195.33,47205.88,3,494,1
1009492,1,7417.42,12022.51,104574.42,8,663,0
1009493,5,12865.89,23114.27,95630.36,8,776,0
1009494,0,13265.81,22003.71,92034.76,0,624,1
1009495,5,5175.8,27962.57,67976.11,7,543,0
1009496,0,7188.04,13389.37,91689.9,8,711,0
1009497,2,15001.4,20351.42,70660.6,9,658,0
1009498,2,500.0,41336.9,48672.74,7,663,0
1009499,3,9682.24,10362.11,67688.82,10,545,0
1009500,2,5679.72,15444.67,65113.77,2,841,0
1009501,2,5337.63,13643.02,49642.42,6,558,0
1009502,1,12891.04,29405.55,58939.64,5,627,0
1009503,0,13328.02,9398.56,56507.02,9,821,0
1009504,2,12144.45,4253.91,80851.69,2,596,0
1009505,5,12851.17,11143.7,89885.87,10,810,0
1009506,1,1179.43,2946.16,92743.54,9,603,0
1009507,1,9942.15,23418.55,92353.28,2,485,0
1009508,5,1941.23,42494.15,49054.02,3,838,0
1009509,1,12521.04,28035.29,81873.79,6,728,0
1009510,1,11799.43,26827.79,86672.88,0,570,0
1009511,0,9784.62,25670.94,78663.22,9,469,0
1009512,2,12368.96,16202.31,51544.78,0,514,1
1009513,5,500.0,1505.99,15000.0,8,540,0
1009514,4,11246.41,7792.59,73535.5,2,586,1
1009515,5,13816.2,30944.7,53779.15,8,439,1
1009516,0,500.0,3068.0,88323.32,10,586,0
1009517,3,9684.56,40705.91,40881.63,5,695,0
1009518,5,12019.07,6631.01,81292.2,5,442,0
1009519,3,11537.64,15150.22,61682.16,9,729,0
1009520,1,5124.93,9674.02,43792.36,10,804,0
1009521,3,4772.13,5667.16,61324.03,5,738,0
1009522,0,9783.64,14532.25,67309.7,9,577,0
1009523,2,6404.25,17553.29,86973.51,3,751,0
1009524,3,500.0,16861.31,86323.31,4,732,0
1009525,5,7482.64,25033.47,95100.7,4,582,0
1009526,0,11336.2,21739.01,85450.9,4,676,0
1009527,3,12399.36,35775.22,61175.8,9,486,0
1009528,1,8115.52,15190.37,61543.39,3,762,0
1009529,5,9032.67,9229.18,73508.21,0,409,0
1009530,4,4294.64,11930.26,63375.94,0,732,0
1009531,4,11181.18,18695.52,37263.04,0,603,1
1009532,5,11946.44,33936.35,29064.29,9,412,1
1009533,4,7117.2,22116.69,85495.06,0,821,0
1009534,4,11058.54,15466.68,72581.25,7,819,0
1009535,4,7003.13,22298.51,109764.32,1,606,1
1009536,0,2965.45,5729.23,60071.21,0,463,0
1009537,4,12409.6,15113.09,91097.79,2,680,0
1009538,5,11585.86,12005.41,73222.55,9,651,0
1009539,4,2980.71,7669.22,80010.53,1,814,0
1009540,2,9266.52,27173.75,71646.81,9,608,0
1009541,4,3838.06,9940.62,92375.29,0,790,0
1009542,4,10350.11,12345.85,80566.73,0,440,1
1009543,1,8169.44,6514.34,60807.05,2,735,0
1009544,4,500.0,23591.67,68170.65,2,509,1
1009545,1,7737.86,7049.67,65638.17,6,670,0
1009546,5,500.0,44827.13,71863.19,2,819,0
1009547,1,3651.81,7837.33,74782.74,8,510,0
1009548,2,7164.51,30354.68,61671.75,1,843,0
1009549,5,4198.9,26479.29,58687.68,5,739,0
1009550,0,500.0,30568.95,70070.15,4,476,1
1009551,2,2769.83,22065.29,34724.01,10,593,1
1009552,5,9170.95,8037.1,78357.31,5,460,0
1009553,0,12107.32,46087.54,77695.55,0,720,0
1009554,3,2181.61,22657.53,15000.0,6,646,1
1009555,3,9272.81,7128.98,48317.81,9,506,0
1009556,1,7914.74,35550.97,69787.69,2,699,0
1009557,5,1959.51,19529.93,25159.78,0,824,1
1009558,3,3229.17,11852.39,78960.64,8,422,0
1009559,5,1340.15,27953.42,89930.23,6,480,0
1009560,2,12252.95,21125.76,79650.73,6,845,0
1009561,5,500.0,27550.84,89078.85,2,758,0
1009562,2,6032.26,19883.22,68091.92,1,626,0
1009563,5,5768.48,32571.54,87281.36,7,802,0
1009564,4,3098.27,25440.39,84188.3,0,778,0
1009565,1,5369.12,15914.5,67630.21,8,475,0
1009566,5,6153.12,20490.77,71910.01,9,768,0
1009567,3,12141.69,33016.4,36837.77,8,791,1
1009568,1,11122.59,20136.41,43090.34,5,731,0
1009569,4,6788.61,11955.75,90353.2,3,693,0
1009570,1,11903.83,22018.46,90924.1,2,476,1
1009571,3,1137.47,27020.84,53737.35,1,675,1
1009572,0,15043.37,25999.04,39465.23,5,700,0
1009573,2,10102.02,4495.9,30416.41,8,520,0
1009574,2,3906.61,6987.51,93251.02,2,629,0
1009575,0,500.0,16913.36,76973.3,7,553,0
1009576,5,11473.72,30074.89,108380.25,1,662,0
1009577,5,5429.64,22742.53,95549.06,4,512,0
1009578,2,19486.93,38583.94,110791.09,9,435,1
1009579,4,13633.46,38953.88,86760.52,4,603,1
1009580,0,1387.45,29777.02,58849.53,4,715,0
1009581,5,7688.31,22466.14,63279.99,5,695,0
1009582,0,4720.29,18464.97,92360.98,1,643,0
1009583,2,10368.5,10065.42,41486.94,10,730,0
1009584,3,6463.78,22676.31,81481.91,9,480,1
1009585,1,6626.42,7028.23,61769.89,1,720,1
1009586,3,8546.81,30718.92,95868.35,9,533,0
1009587,5,17080.37,370.47,58883.74,6,561,1
1009588,5,8615.72,34390.53,55329.16,6,415,1
1009589,3,14624.69,17964.59,89231.37,9,556,0
1009590,1,6037.89,11604.06,15000.0,4,611,0
1009591,4,9040.06,21859.96,91386.24,1,746,0
1009592,2,4722.64,21840.27,75903.97,10,483,0
1009593,0,7523.3,20907.22,57999.48,8,839,0
1009594,5,5426.05,4999.36,83328.04,0,488,0
1009595,0,8517.72,0.0,60296.89,9,506,0
1009596,4,500.0,31608.93,82552.45,10,847,0
1009597,4,8656.59,20551.7,71826.85,2,590,0
1009598,2,13223.56,28793.93,85183.43,2,587,1
1009599,5,2389.32,0.0,50856.28,3,530,0
1009600,1,6499.72,15700.5,56464.78,10,654,0
1009601,2,10271.41,8601.63,106996.98,4,839,0
1009602,4,7788.14,21644.19,76179.7,3,820,0
1009603,5,11386.94,31872.75,66334.26,10,415,1
1009604,0,9450.18,6312.31,51794.53,8,634,0
1009605,1,6616.44,25887.76,59503.72,9,803,0
1009606,1,10095.65,26253.4,74668.64,2,419,1
1009607,3,18872.74,0.0,45650.82,10,747,0
1009608,1,9218.82,18931.39,69062.68,9,593,1
1009609,2,11822.24,20074.82,64749.27,4,555,1
1009610,3,10111.48,16615.47,30606.17,3,497,0
1009611,3,7530.37,25981.18,70113.42,9,709,0
1009612,2,6377.4,34819.16,94458.64,3,436,1
1009613,1,500.0,28886.97,61185.86,5,571,0
1009614,3,14508.18,34184.1,65626.45,5,501,1
1009615,2,5632.83,30855.84,75102.0,6,690,0
1009616,3,10897.66,18876.26,57812.21,9,533,1
1009617,2,2555.01,12795.76,34909.0,7,596,1
1009618,5,5498.61,5815.73,70507.2,3,592,0
1009619,3,9313.7,0.0,60944.21,8,813,0
1009620,5,9400.67,12929.34,56919.55,2,597,0
1009621,1,13889.6,23741.12,97732.5,3,610,0
1009622,3,904.3,18362.97,72105.83,4,795,0
1009623,3,3897.13,19262.15,54929.65,4,767,0
1009624,5,11865.92,29979.77,56109.01,6,697,0
1009625,1,500.0,31014.78,101830.89,1,663,0
1009626,0,12698.9,17285.78,86142.19,1,833,0
1009627,5,10498.96,18705.35,34206.98,9,572,1
1009628,5,5337.06,2351.09,82030.1,5,738,0
1009629,1,4258.48,33105.44,59910.16,4,836,0
1009630,3,8389.07,17918.95,58173.93,8,707,0
1009631,0,4200.57,0.0,92417.8,10,494,0
1009632,1,10444.13,20092.29,84267.32,4,816,0
1009633,1,3637.47,17672.67,52869.35,2,810,0
1009634,3,7650.0,28699.41,69530.0,9,698,0
1009635,3,9989.41,20095.86,82686.12,6,842,0
1009636,0,8630.31,25726.67,67515.03,8,520,0
1009637,2,11777.12,13426.69,78216.81,10,784,0
1009638,4,7455.95,30104.92,55894.85,4,517,1
1009639,3,13780.53,6672.74,95838.11,7,678,0
1009640,0,3883.07,18272.54,99058.76,3,536,0
1009641,0,11691.84,22413.34,56659.0,9,683,0
1009642,4,7300.29,16173.01,41400.2,4,759,0
1009643,2,500.0,30442.42,60427.22,10,819,0
1009644,0,18461.11,24641.56,87299.74,3,429,1
1009645,3,2264.05,22980.04,74067.82,5,599,0
1009646,0,8810.56,22356.27,68810.73,8,802,0
1009647,5,5141.74,25716.04,73553.52,2,773,1
1009648,3,5293.82,27042.66,40227.98,2,590,0
1009649,5,3452.96,8872.5,69028.7,6,751,0
1009650,1,11910.73,19739.52,67840.77,6,531,1
1009651,3,500.0,16878.7,57213.15,7,788,0
1009652,1,2833.42,16185.76,85799.07,3,655,0
1009653,1,6795.6,20966.18,56745.65,3,603,0
1009654,5,5770.81,20187.82,57067.38,10,655,0
1009655,0,500.0,4693.82,83968.59,2,697,0
1009656,2,5662.13,17085.52,82628.79,6,530,1
1009657,3,6735.26,31874.89,71375.04,3,448,1
1009658,4,8146.55,27701.11,74566.88,1,492,1
1009659,3,500.0,0.0,77777.21,8,439,1
1009660,1,8890.7,13025.87,76699.86,7,741,0
1009661,2,1597.98,24400.55,50252.96,3,455,1
1009662,3,7767.1,4329.81,86701.86,8,500,1
1009663,4,7798.36,21884.55,110385.24,8,733,0
1009664,5,500.0,38111.95,77687.4,3,653,0
1009665,2,2012.97,25262.29,64658.57,3,565,0
1009666,2,2652.66,9040.5,93539.59,4,557,0
1009667,4,500.0,24137.03,82576.87,8,810,0
1009668,0,13019.59,0.0,54911.8,9,585,0
1009669,1,2644.9,18692.26,68039.79,6,443,0
1009670,5,8454.25,0.0,58426.66,9,757,0
1009671,1,4433.88,13478.97,90572.33,10,484,0
1009672,3,574.55,0.0,43623.12,10,818,0
1009673,5,10945.77,11300.29,95159.64,2,778,0
1009674,3,8149.78,14840.25,56367.39,3,647,0
1009675,3,1140.69,31947.86,75961.96,8,593,1
1009676,2,5500.87,24391.68,61228.81,6,775,0
1009677,5,10154.75,41392.48,77675.03,4,505,1
1009678,5,1566.75,35215.96,93292.15,1,476,1
1009679,0,10601.68,20828.42,82595.54,2,753,0
1009680,5,6707.46,27759.78,45566.98,7,541,1
1009681,5,13084.55,8355.25,64799.54,1,511,1
1009682,4,15334.12,20177.21,72700.21,10,739,0
1009683,0,1708.53,14188.54,107775.96,2,839,0
1009684,2,11508.6,8150.93,59695.26,3,773,0
1009685,4,8926.73,31719.53,61939.48,7,529,0
1009686,3,2368.13,12230.51,54439.44,5,773,0
1009687,3,12954.06,24096.88,68934.52,9,788,0
1009688,1,2005.16,16217.08,83260.56,6,731,0
1009689,0,8346.9,30988.11,50087.89,3,620,0
1009690,3,6518.37,25234.04,98191.57,5,715,0
1009691,1,500.0,1453.57,95343.5,3,822,0
1009692,5,7443.34,24029.32,86171.79,1,422,1
1009693,2,8343.56,51615.16,82542.33,1,539,1
1009694,0,9338.61,28573.29,119123.12,4,736,0
1009695,3,2619.36,33248.38,48716.88,5,817,0
1009696,4,5340.64,26884.2,58943.43,6,556,0
1009697,2,10793.18,38833.32,113266.12,1,542,1
1009698,3,10914.81,13501.67,45349.51,6,799,0
1009699,0,10404.59,12395.72,76315.58,3,606,0
1009700,0,13073.89,14983.06,66547.12,8,423,0
1009701,5,3045.62,3795.26,51188.62,9,688,0
1009702,0,5427.37,8426.65,50937.97,9,412,1
1009703,2,6628.7,33693.08,65684.49,5,653,0
1009704,2,9569.95,12189.69,75442.04,6,600,0
1009705,4,10242.05,11706.99,79895.7,3,705,1
1009706,5,12354.34,35243.49,81922.03,9,533,1
1009707,5,9088.34,26592.95,71397.33,8,716,0
1009708,3,8115.16,14225.88,70637.42,10,457,0
1009709,5,2627.17,12115.77,82284.44,0,526,1
1009710,5,7933.42,17556.51,57219.76,6,825,0
1009711,1,2465.04,21108.15,43270.78,8,411,1
1009712,3,2659.21,32656.64,86844.86,2,845,0
1009713,5,4932.41,24630.41,28163.25,8,728,0
1009714,0,9520.7,9497.74,81230.06,0,623,0
1009715,3,14564.0,18022.51,95667.58,5,673,0
1009716,5,2507.31,4072.57,44854.74,4,574,0
1009717,3,2655.57,13549.7,25096.61,2,657,0
1009718,2,16082.62,39815.49,52796.34,6,506,0
1009719,1,20423.06,4406.39,76148.12,2,627,0
1009720,3,7916.89,14303.93,50488.76,7,589,0
1009721,0,12266.15,29998.9,90737.52,9,819,0
1009722,4,12638.75,22677.83,82907.1,1,824,0
1009723,3,11294.56,16797.4,50049.25,7,539,0
1009724,4,4970.71,11267.44,85404.47,3,684,0
1009725,5,10509.33,10248.62,40963.04,10,812,0
1009726,5,6532.79,28502.52,60820.44,5,566,1
1009727,2,5176.82,18756.09,74533.86,2,482,0
1009728,4,14237.97,23958.92,96653.34,0,839,0
1009729,5,6550.29,27931.02,85872.61,4,715,0
1009730,3,6870.83,2877.77,100144.49,6,540,0
1009731,4,5351.32,0.0,40734.07,8,825,0
1009732,2,11157.04,25107.77,134657.38,0,797,0
1009733,0,5717.05,31392.73,52168.08,6,476,1
1009734,0,7229.35,20076.32,75527.1,6,580,0
1009735,5,7986.58,29475.24,101486.99,5,749,0
1009736,1,8270.32,1987.26,80331.39,3,515,0
1009737,0,8029.21,16216.21,94287.92,1,528,0
1009738,1,8643.62,13852.06,45184.33,6,638,0
1009739,1,7921.62,13737.29,47238.9,10,434,1
1009740,4,2280.71,25783.88,60998.59,10,612,1
1009741,3,12529.57,0.0,58526.58,2,599,0
1009742,2,5690.57,13989.6,72184.88,4,462,1
1009743,5,6696.76,32072.18,63356.81,7,717,0
1009744,3,2541.36,15699.0,46392.67,6,657,0
1009745,0,5060.59,6622.78,74411.69,6,533,0
1009746,0,4777.87,23565.44,41530.43,9,619,0
1009747,1,7655.29,4067.7,55863.58,8,828,0
1009748,2,3996.49,29912.4,76330.85,3,547,1
1009749,0,7096.56,10971.45,51766.86,8,409,0
1009750,5,500.0,35925.07,69517.99,3,478,1
1009751,0,12380.12,23866.86,83100.88,5,526,1
1009752,0,14206.4,5398.63,99910.47,1,457,1
1009753,2,3050.63,18107.42,94214.18,5,559,0
1009754,5,1258.74,18259.95,87796.72,10,600,0
1009755,3,12937.01,26611.8,79930.69,0,572,1
1009756,3,6663.58,3188.24,44479.2,5,701,0
1009757,3,500.0,30061.54,52593.51,8,540,1
1009758,1,13841.59,8482.28,52232.01,0,488,1
1009759,0,500.0,0.0,58870.48,3,417,0
1009760,2,11687.17,17171.02,67096.3,7,742,0
1009761,2,17259.83,10513.71,50558.94,1,501,0
1009762,0,8945.93,20370.64,61014.96,5,529,0
1009763,2,5914.79,38026.67,92389.58,0,523,0
1009764,4,3862.97,18148.39,60927.67,9,836,0
1009765,5,500.0,39578.96,30650.48,3,705,1
1009766,4,8491.29,43878.03,64079.94,3,676,1
1009767,1,5340.31,43476.19,66828.38,1,575,0
1009768,1,2051.48,22534.61,62511.93,8,780,0
1009769,3,10061.84,35809.25,113047.19,1,728,0
1009770,0,7357.0,35686.9,88568.95,0,827,0
1009771,2,4398.75,35207.76,104064.96,4,604,0
1009772,2,10408.64,19918.84,57351.85,6,509,0
1009773,4,500.0,35644.22,85100.83,3,558,0
1009774,2,8124.95,31912.93,74775.64,8,761,1
1009775,3,4104.13,23529.64,67994.96,2,478,0
1009776,0,5545.02,9443.3,52831.6,0,675,0
1009777,5,4073.1,27604.99,74076.55,1,509,1
1009778,5,11680.21,25394.95,30545.48,5,786,0
1009779,3,13951.69,3445.81,89061.25,6,807,0
1009780,3,1365.18,6475.04,125940.81,2,713,0
1009781,2,10576.6,34564.82,99744.68,5,609,1
1009782,3,9646.04,17272.77,27332.22,3,693,1
1009783,2,7362.49,29479.98,73548.18,4,546,0
1009784,3,13235.24,16406.82,54448.06,8,692,0
1009785,5,16404.94,4625.11,57213.28,2,504,1
1009786,2,500.0,11876.39,64167.36,7,581,0
1009787,2,8162.56,0.0,93324.72,8,796,0
1009788,5,10333.54,26172.96,84331.73,10,454,1
1009789,5,6612.86,2974.16,52635.04,1,719,0
1009790,4,1243.88,45277.22,80905.16,6,548,1
1009791,2,6467.29,10124.0,72705.97,4,715,0
1009792,0,500.0,22132.03,110670.23,2,713,0
1009793,5,7638.13,7628.39,39943.33,2,764,0
1009794,2,11206.11,2136.84,67182.48,7,690,0
1009795,0,15894.11,19189.13,50429.12,7,514,0
1009796,0,4667.89,11387.07,68900.26,10,691,0
1009797,4,9458.5,47763.9,28707.57,5,731,1
1009798,0,8520.07,16744.6,50776.73,6,611,0
1009799,2,6889.27,0.0,67266.79,10,439,0
1009800,1,13525.75,19994.96,57424.68,3,787,1
1009801,1,4264.3,9246.87,51636.75,7,702,0
1009802,2,9795.79,13925.99,66926.96,3,528,1
1009803,3,14666.87,10308.01,58061.35,7,550,0
1009804,2,10520.58,8307.55,50726.42,3,799,0
1009805,0,500.0,0.0,64472.45,0,701,0
1009806,0,6502.07,22510.96,69892.73,10,742,0
1009807,1,11096.3,19916.0,75997.68,0,508,0
1009808,4,7639.71,18982.08,34428.59,10,484,1
1009809,5,4900.75,15623.66,61141.93,7,564,0
1009810,3,5207.37,38964.57,93052.67,7,742,0
1009811,3,3669.73,11322.2,40347.38,8,704,1
1009812,5,12415.87,13853.68,71948.36,9,513,1
1009813,2,4844.99,39417.57,59472.13,9,824,0
1009814,3,10847.13,23561.44,91157.55,8,464,0
1009815,0,10450.89,13238.01,93961.9,10,558,0
1009816,1,13584.2,10019.68,74673.89,1,700,0
1009817,0,16928.55,14031.49,59259.36,9,482,1
1009818,2,5603.45,16286.94,37548.4,8,623,1
1009819,1,1739.4,18665.2,58696.84,6,463,0
1009820,5,7761.75,37675.38,52419.93,9,749,0
1009821,2,15681.53,3380.49,70101.6,7,705,0
1009822,0,10665.96,21280.87,100406.38,6,418,0
1009823,0,6961.96,27869.86,107521.13,3,804,0
1009824,5,16405.84,28106.07,75496.41,0,796,0
1009825,1,8599.78,16938.85,71875.97,10,415,0
1009826,3,7701.83,10883.58,66746.09,1,664,0
1009827,2,18562.75,24247.92,75380.01,10,560,1
1009828,1,4300.55,27849.98,65335.28,1,603,0
1009829,5,7345.1,18501.19,104558.3,7,482,1
1009830,3,13068.88,15119.93,54406.66,9,508,1
1009831,5,7288.57,35997.09,71777.53,2,830,0
1009832,1,8015.49,16996.3,57143.54,7,529,0
1009833,5,8715.37,18698.42,88373.74,6,466,0
1009834,0,5204.28,36430.12,105568.17,5,759,0
1009835,1,5179.93,20057.7,82771.67,7,438,1
1009836,3,15300.66,20091.21,73454.19,5,842,0
1009837,0,8964.29,17169.78,70624.24,8,748,0
1009838,0,500.0,38528.58,81112.12,9,410,0
1009839,5,8680.67,19447.91,60289.66,7,850,0
1009840,1,3342.04,36984.77,102621.56,3,637,0
1009841,4,3712.18,29517.39,104915.7,8,750,1
1009842,4,15852.81,20787.68,89852.85,2,673,1
1009843,1,11923.61,31772.75,86044.0,8,458,1
1009844,5,9522.75,13145.25,61763.14,10,682,0
1009845,2,7853.95,43365.99,106254.53,7,588,0
1009846,1,1982.05,11034.08,42297.75,2,739,0
1009847,5,6120.91,24244.54,55443.68,1,638,0
1009848,4,10077.54,31389.65,112191.79,4,654,0
1009849,4,10614.38,23981.32,61719.08,8,806,0
1009850,0,500.0,34842.55,53770.42,7,565,1
1009851,5,5231.5,37551.4,37084.25,5,741,0
1009852,5,5566.65,6618.75,90656.84,2,482,0
1009853,2,10141.6,16353.46,93752.22,8,434,0
1009854,5,3172.47,26511.57,74291.01,8,698,0
1009855,1,7056.86,22183.29,37716.07,1,608,1
1009856,2,500.0,17614.17,68417.86,8,654,0
1009857,3,2049.51,25231.21,54561.32,5,752,0
1009858,4,8291.36,10422.12,88184.06,0,701,0
1009859,0,9372.25,13601.52,99384.28,3,648,0
1009860,0,8262.69,34323.75,79034.68,7,804,0
1009861,0,6337.09,23779.56,78752.25,5,703,0
1009862,0,500.0,37117.68,101025.03,2,842,0
1009863,0,4473.94,0.0,104112.33,10,836,0
1009864,4,6309.11,6369.26,46708.06,0,812,0
1009865,1,5934.35,4651.7,79333.64,8,841,0
1009866,2,5276.58,23196.11,47068.67,5,478,1
1009867,0,10971.24,39203.98,55222.8,9,778,0
1009868,5,4915.91,3120.46,93139.79,2,827,0
1009869,1,6718.22,18702.42,48363.78,9,661,1
1009870,4,8858.95,36103.03,67203.32,10,496,0
1009871,4,11295.87,7142.65,95237.09,0,544,1
1009872,2,12629.4,46620.87,79640.03,5,765,0
1009873,4,936.44,5936.74,37989.73,7,478,0
1009874,3,12702.14,9633.43,68597.23,3,595,0
1009875,0,9430.67,0.0,66090.21,8,482,0
1009876,3,10396.19,26074.98,52728.89,6,849,0
1009877,5,11083.56,0.0,111175.33,8,691,1
1009878,3,3831.13,20616.28,71845.28,8,417,0
1009879,4,7785.25,20241.38,71772.76,2,750,1
1009880,4,17435.01,12586.81,91204.8,9,492,1
1009881,5,18590.28,14375.66,74042.1,4,788,0
1009882,4,500.0,14923.96,44650.5,1,661,1
1009883,1,500.0,24254.11,70961.88,7,812,0
1009884,5,16386.41,10873.96,79325.92,1,468,1
1009885,4,4197.5,9775.42,74143.88,2,535,0
1009886,2,5721.35,5893.36,91950.58,9,488,0
1009887,3,11252.57,32142.2,88295.22,5,556,0
1009888,3,10243.5,36297.56,81270.05,7,792,0
1009889,4,1962.27,26120.72,67852.22,4,494,0
1009890,2,10978.72,845.35,71927.7,10,791,0
1009891,5,9331.41,20274.34,109454.58,0,648,0
1009892,0,500.0,25959.96,38549.86,7,411,1
1009893,0,4450.53,31336.64,93509.71,0,827,0
1009894,5,10162.66,19404.96,80090.95,3,557,1
1009895,5,12510.11,9951.71,57556.2,2,743,1
1009896,1,3793.79,44940.64,71070.86,1,585,0
1009897,5,9289.72,20066.85,83313.12,4,601,0
1009898,2,7367.24,10601.13,43605.7,7,447,0
1009899,3,2110.81,24913.97,74619.7,10,478,1
1009900,2,10420.01,33678.88,82791.34,8,679,0
1009901,2,6429.86,15710.12,53742.14,8,781,0
1009902,3,7432.08,26383.22,74010.59,4,600,0
1009903,3,590.76,22655.99,99040.01,3,805,0
1009904,1,1338.85,17466.94,75310.04,0,807,0
1009905,0,9020.35,16151.01,54458.76,8,748,0
1009906,0,5634.57,23544.33,40008.44,2,756,0
1009907,4,14681.37,0.0,36548.46,8,537,1
1009908,1,11972.91,18394.3,90861.72,1,500,0
1009909,3,10767.65,5040.91,67528.53,10,580,0
1009910,5,8572.13,6678.61,69504.76,7,814,0
1009911,3,10188.63,24053.81,67250.98,7,666,0
1009912,1,7292.96,15369.47,56937.9,5,713,0
1009913,4,8860.33,16191.35,106072.34,6,814,0
1009914,1,15613.05,18659.26,85168.9,5,771,0
1009915,0,17523.91,0.0,100783.88,7,515,0
1009916,5,17069.33,144.04,47767.16,8,778,0
1009917,0,4652.81,36964.56,83330.71,0,593,0
1009918,3,2373.79,7431.51,84427.36,1,743,0
1009919,0,6655.49,14743.84,49095.22,6,434,1
1009920,4,11824.64,25788.52,54282.37,5,514,1
1009921,0,9802.92,16060.97,55301.11,0,409,1
1009922,3,9270.17,18293.9,91579.97,6,846,0
1009923,4,15803.5,0.0,75905.19,6,515,1
1009924,0,3055.36,5195.79,57442.84,0,735,0
1009925,0,12027.09,22326.81,85228.98,7,766,0
1009926,1,7276.17,21659.26,58471.64,5,523,1
1009927,2,6301.15,32284.09,73970.32,4,707,0
1009928,0,11424.02,27877.03,70027.85,7,618,0
1009929,3,3651.89,13658.99,54639.28,1,619,0
1009930,0,8483.97,20788.87,90196.0,6,520,0
1009931,1,3840.34,11703.49,72525.74,5,589,1
1009932,0,2672.82,27151.08,26453.61,5,502,1
1009933,5,13706.96,10868.14,67795.91,1,525,1
1009934,1,6010.36,25128.63,101010.41,10,567,0
1009935,5,15578.6,24593.49,27375.04,4,747,1
1009936,5,3102.15,36266.44,89383.19,5,721,0
1009937,2,5738.58,8678.85,76001.93,7,624,0
1009938,0,6138.18,19547.14,47363.98,0,557,0
1009939,3,9905.12,2967.91,71081.05,0,439,0
1009940,1,500.0,31303.6,49104.39,9,537,0
1009941,4,5035.18,17071.23,41331.18,10,685,0
1009942,5,500.0,11922.53,79069.31,10,795,0
1009943,5,1485.0,6672.35,76987.94,9,847,0
1009944,2,8038.02,10341.8,35992.08,7,771,0
1009945,4,8059.32,15855.33,60870.87,4,440,0
1009946,5,15115.94,15767.58,72007.54,4,707,0
1009947,2,16457.17,36438.98,40416.92,9,849,0
1009948,1,9556.64,16620.89,92733.24,3,454,0
1009949,0,7413.13,19750.04,56857.57,8,452,1
1009950,0,14020.3,0.0,79232.78,5,815,0
1009951,3,8251.37,12305.53,84137.2,7,544,1
1009952,1,12202.15,43333.98,52897.14,1,838,1
1009953,3,5650.07,40317.81,78205.85,4,840,0
1009954,1,500.0,0.0,73723.08,10,624,0
1009955,4,9616.45,38912.57,79361.94,3,838,0
1009956,1,2851.58,16956.85,62839.47,6,638,0
1009957,2,9695.83,3957.7,90511.78,2,489,0
1009958,0,9444.1,26840.61,85481.61,5,673,0
1009959,5,10421.3,28941.18,101696.2,8,727,0
1009960,1,9490.03,28497.33,92435.28,10,666,0
1009961,3,10053.19,25175.57,44771.61,7,679,0
1009962,5,6093.04,38276.44,60303.78,8,561,1
1009963,2,12760.11,18680.64,79900.65,10,584,0
1009964,0,8497.94,26828.38,91085.17,2,437,0
1009965,1,2329.87,50423.87,57706.56,6,755,0
1009966,3,7273.54,21356.14,71683.62,3,818,0
1009967,0,14646.19,1509.6,77507.01,0,689,0
1009968,1,10342.69,37558.49,69327.23,3,565,0
1009969,4,11964.99,21638.07,91199.49,2,507,0
1009970,5,10365.81,6049.21,51950.75,7,808,0
1009971,1,4426.48,40522.48,81419.02,0,625,1
1009972,3,18521.72,33171.13,55852.19,9,799,0
1009973,5,11220.63,18441.09,79848.58,3,722,0
1009974,1,17039.33,23178.29,53251.68,10,503,1
1009975,1,798.38,0.0,65862.2,6,683,0
1009976,4,500.0,21641.0,89654.81,9,479,0
1009977,1,6551.34,0.0,52612.9,6,648,0
1009978,5,14717.43,4885.61,72885.53,5,512,0
1009979,4,15122.41,38528.15,84002.55,6,734,0
1009980,5,12930.66,22292.25,69235.72,2,669,1
1009981,2,12752.78,0.0,66114.42,4,467,1
1009982,4,9630.71,11666.63,71599.61,8,590,0
1009983,5,5460.66,29418.69,54008.53,10,427,0
1009984,1,9935.99,16799.77,86270.31,10,834,0
1009985,3,7833.46,20659.54,85635.62,4,422,1
1009986,0,11218.25,17170.61,105496.37,8,616,0
1009987,5,11921.55,4946.84,76956.47,2,682,1
1009988,1,4798.08,35241.03,92822.03,9,522,1
1009989,0,5363.11,0.0,61651.14,4,600,0
1009990,4,16792.14,15701.39,80879.04,10,546,0
1009991,0,2411.67,2661.11,53458.89,4,778,0
1009992,5,9700.14,16696.92,76199.38,7,722,0
1009993,0,3306.92,19017.42,65228.51,1,838,0
1009994,3,9001.48,16898.36,90211.19,10,777,0
1009995,5,11143.5,21718.14,31648.65,6,457,1
1009996,5,3396.76,28036.32,68159.38,3,792,0
1009997,2,9141.83,0.0,65572.01,5,575,0
1009998,4,9511.51,19846.57,84439.93,5,563,0
1009999,4,3383.23,34214.08,57448.54,0,593,1
